experiment,shape,budget,engine,pair_id,direction,pairs,max_stack,branch_attempts,branch_right,branch_left,branch_successes,join_decomp,meet_decomp,recursive_calls,memo_hits,N,arcs_enqueued,arcs_processed,max_queue,RU,RV,cells,and_checks,or_checks,max_hU,max_hV
C4_share_high,balanced,200,whitman,0,uv,11354,16,3164,5047,5180,0,1736,1490,,,,,,,,,,,,,
C4_share_high,balanced,200,whitman,0,vu,4806,17,1346,2277,2040,0,531,825,,,,,,,,,,,,,
C4_share_high,balanced,200,whitman,1,uv,16087,19,4352,7051,6742,0,2699,3584,,,,,,,,,,,,,
C4_share_high,balanced,200,whitman,1,vu,10498,19,3016,4639,4765,0,1390,1916,,,,,,,,,,,,,
C4_share_high,balanced,200,freese,0,uv,,17,490,,,0,,,2242,546,,,,,,,,,,,
C4_share_high,balanced,200,freese,0,vu,,17,326,,,0,,,1526,364,,,,,,,,,,,
C4_share_high,balanced,200,freese,1,uv,,20,672,,,0,,,3301,680,,,,,,,,,,,
C4_share_high,balanced,200,freese,1,vu,,20,319,,,0,,,1362,345,,,,,,,,,,,
C4_share_high,balanced,200,cosma,0,uv,,,,,,,,,,,913,1900,1900,1900,,,,,,,
C4_share_high,balanced,200,cosma,0,vu,,,,,,,,,,,913,1900,1900,1900,,,,,,,
C4_share_high,balanced,200,cosma,1,uv,,,,,,,,,,,913,1895,1895,1895,,,,,,,
C4_share_high,balanced,200,cosma,1,vu,,,,,,,,,,,913,1895,1895,1895,,,,,,,
C4_share_high,balanced,200,hunt,0,uv,,,,,,,,,,,,,,,463,475,219925,226581,221694,12,10
C4_share_high,balanced,200,hunt,0,vu,,,,,,,,,,,,,,,475,463,219925,221723,226555,10,12
C4_share_high,balanced,200,hunt,1,uv,,,,,,,,,,,,,,,466,468,218088,220428,225538,12,11
C4_share_high,balanced,200,hunt,1,vu,,,,,,,,,,,,,,,468,466,218088,225554,220416,11,12
C4_share_high,balanced,400,whitman,0,uv,23559,22,6160,10448,10250,0,4019,3852,,,,,,,,,,,,,
C4_share_high,balanced,400,whitman,0,vu,68646,21,18085,30562,30087,0,11405,10344,,,,,,,,,,,,,
C4_share_high,balanced,400,whitman,1,uv,154049,23,42916,66860,67906,55,25310,26914,,,,,,,,,,,,,
C4_share_high,balanced,400,whitman,1,vu,5885,17,1366,2566,2745,0,901,737,,,,,,,,,,,,,
C4_share_high,balanced,400,freese,0,uv,,23,684,,,0,,,3215,748,,,,,,,,,,,
C4_share_high,balanced,400,freese,0,vu,,21,1234,,,0,,,6261,1309,,,,,,,,,,,
C4_share_high,balanced,400,freese,1,uv,,24,2415,,,3,,,11975,2747,,,,,,,,,,,
C4_share_high,balanced,400,freese,1,vu,,18,285,,,0,,,1579,320,,,,,,,,,,,
C4_share_high,balanced,400,cosma,0,uv,,,,,,,,,,,1777,3814,3814,3814,,,,,,,
C4_share_high,balanced,400,cosma,0,vu,,,,,,,,,,,1777,3814,3814,3814,,,,,,,
C4_share_high,balanced,400,cosma,1,uv,,,,,,,,,,,1767,3758,3758,3758,,,,,,,
C4_share_high,balanced,400,cosma,1,vu,,,,,,,,,,,1767,3758,3758,3758,,,,,,,
C4_share_high,balanced,400,hunt,0,uv,,,,,,,,,,,,,,,920,937,862040,897698,906114,12,15
C4_share_high,balanced,400,hunt,0,vu,,,,,,,,,,,,,,,937,920,862040,906182,897624,15,12
C4_share_high,balanced,400,hunt,1,uv,,,,,,,,,,,,,,,908,927,841716,890769,869798,16,16
C4_share_high,balanced,400,hunt,1,vu,,,,,,,,,,,,,,,927,908,841716,869847,890715,16,16
C4_share_high,balanced,600,whitman,0,uv,27387,22,7404,11777,12019,0,5318,4804,,,,,,,,,,,,,
C4_share_high,balanced,600,whitman,0,vu,17031,18,3686,7666,7197,0,3910,2045,,,,,,,,,,,,,
C4_share_high,balanced,600,whitman,1,uv,64262,22,17914,29082,28274,0,9206,9757,,,,,,,,,,,,,
C4_share_high,balanced,600,whitman,1,vu,934,14,276,360,428,1,246,108,,,,,,,,,,,,,
C4_share_high,balanced,600,freese,0,uv,,22,878,,,0,,,4531,966,,,,,,,,,,,
C4_share_high,balanced,600,freese,0,vu,,19,641,,,0,,,3719,663,,,,,,,,,,,
C4_share_high,balanced,600,freese,1,uv,,22,1690,,,0,,,8191,1875,,,,,,,,,,,
C4_share_high,balanced,600,freese,1,vu,,14,118,,,1,,,504,102,,,,,,,,,,,
C4_share_high,balanced,600,cosma,0,uv,,,,,,,,,,,2541,5595,5595,5595,,,,,,,
C4_share_high,balanced,600,cosma,0,vu,,,,,,,,,,,2541,5595,5595,5595,,,,,,,
C4_share_high,balanced,600,cosma,1,uv,,,,,,,,,,,2513,5565,5565,5565,,,,,,,
C4_share_high,balanced,600,cosma,1,vu,,,,,,,,,,,2513,5565,5565,5565,,,,,,,
C4_share_high,balanced,600,hunt,0,uv,,,,,,,,,,,,,,,1348,1351,1821148,1917644,1952573,15,15
C4_share_high,balanced,600,hunt,0,vu,,,,,,,,,,,,,,,1351,1348,1821148,1952701,1917510,15,15
C4_share_high,balanced,600,hunt,1,uv,,,,,,,,,,,,,,,1347,1332,1794204,1939596,1892574,17,15
C4_share_high,balanced,600,hunt,1,vu,,,,,,,,,,,,,,,1332,1347,1794204,1892691,1939450,15,17
C4_share_high,balanced,800,whitman,0,uv,23327,19,6004,9946,10036,0,3716,6014,,,,,,,,,,,,,
C4_share_high,balanced,800,whitman,0,vu,4386,17,1027,1893,1865,0,459,1100,,,,,,,,,,,,,
C4_share_high,balanced,800,whitman,1,uv,98224,18,25011,42463,43458,3,13787,19925,,,,,,,,,,,,,
C4_share_high,balanced,800,whitman,1,vu,5666,18,1622,2486,2307,0,1062,1340,,,,,,,,,,,,,
C4_share_high,balanced,800,freese,0,uv,,20,885,,,0,,,4632,798,,,,,,,,,,,
C4_share_high,balanced,800,freese,0,vu,,17,249,,,0,,,1355,260,,,,,,,,,,,
C4_share_high,balanced,800,freese,1,uv,,19,2288,,,1,,,11687,2308,,,,,,,,,,,
C4_share_high,balanced,800,freese,1,vu,,18,359,,,0,,,1620,321,,,,,,,,,,,
C4_share_high,balanced,800,cosma,0,uv,,,,,,,,,,,3266,7530,7530,7530,,,,,,,
C4_share_high,balanced,800,cosma,0,vu,,,,,,,,,,,3266,7530,7530,7530,,,,,,,
C4_share_high,balanced,800,cosma,1,uv,,,,,,,,,,,3280,7486,7486,7486,,,,,,,
C4_share_high,balanced,800,cosma,1,vu,,,,,,,,,,,3280,7486,7486,7486,,,,,,,
C4_share_high,balanced,800,hunt,0,uv,,,,,,,,,,,,,,,1779,1764,3138156,3392670,3441606,16,16
C4_share_high,balanced,800,hunt,0,vu,,,,,,,,,,,,,,,1764,1779,3138156,3441867,3392334,16,16
C4_share_high,balanced,800,hunt,1,uv,,,,,,,,,,,,,,,1765,1792,3162880,3458872,3407439,19,16
C4_share_high,balanced,800,hunt,1,vu,,,,,,,,,,,,,,,1792,1765,3162880,3407687,3458614,16,19
C4_share_high,balanced,1000,whitman,0,uv,68661,24,18619,29143,30397,0,10512,13041,,,,,,,,,,,,,
C4_share_high,balanced,1000,whitman,0,vu,13366,16,3639,5611,5805,0,3691,1921,,,,,,,,,,,,,
C4_share_high,balanced,1000,whitman,1,uv,2,2,0,0,0,0,5,0,,,,,,,,,,,,,
C4_share_high,balanced,1000,whitman,1,vu,8696,18,2163,3645,4119,0,1625,729,,,,,,,,,,,,,
C4_share_high,balanced,1000,freese,0,uv,,24,1362,,,0,,,6490,1264,,,,,,,,,,,
C4_share_high,balanced,1000,freese,0,vu,,16,616,,,0,,,3055,605,,,,,,,,,,,
C4_share_high,balanced,1000,freese,1,uv,,2,0,,,0,,,2,0,,,,,,,,,,,
C4_share_high,balanced,1000,freese,1,vu,,18,494,,,0,,,2634,645,,,,,,,,,,,
C4_share_high,balanced,1000,cosma,0,uv,,,,,,,,,,,3908,9205,9205,9205,,,,,,,
C4_share_high,balanced,1000,cosma,0,vu,,,,,,,,,,,3908,9205,9205,9205,,,,,,,
C4_share_high,balanced,1000,cosma,1,uv,,,,,,,,,,,3902,9246,9246,9246,,,,,,,
C4_share_high,balanced,1000,cosma,1,vu,,,,,,,,,,,3902,9246,9246,9246,,,,,,,
C4_share_high,balanced,1000,hunt,0,uv,,,,,,,,,,,,,,,2146,2138,4588148,5102268,5106005,16,15
C4_share_high,balanced,1000,hunt,0,vu,,,,,,,,,,,,,,,2138,2146,4588148,5106360,5101887,15,16
C4_share_high,balanced,1000,hunt,1,uv,,,,,,,,,,,,,,,2143,2151,4609593,5264404,5017095,17,19
C4_share_high,balanced,1000,hunt,1,vu,,,,,,,,,,,,,,,2151,2143,4609593,5017495,5263988,19,17
