experiment,shape,budget,engine,median_pairDepth,p25_us,median_us,p75_us,mean_us,n_pairs,median_alt_index,median_share,csv_path,json_path
C4_share_high,balanced,200,cosma,12.0,8128.0,8128.0,8128.0,11947.0,2,0.896985,0.976934,cosma_B200.csv,pairs_B200.jsonl
C4_share_high,balanced,400,cosma,16.0,20266.0,20266.0,20266.0,29938.5,2,0.902256,0.956441,cosma_B400.csv,pairs_B400.jsonl
C4_share_high,balanced,600,cosma,16.0,36625.0,36625.0,36625.0,45764.0,2,0.8798,0.938,cosma_B600.csv,pairs_B600.jsonl
C4_share_high,balanced,800,cosma,18.0,64838.0,64838.0,64838.0,71095.0,2,0.899249,0.921175,cosma_B800.csv,pairs_B800.jsonl
C4_share_high,balanced,1000,cosma,18.0,86990.0,86990.0,86990.0,114125.5,2,0.899399,0.900444,cosma_B1000.csv,pairs_B1000.jsonl
C4_share_high,balanced,200,freese,12.0,4454.0,4454.0,4454.0,4717.5,2,0.896985,0.976934,freese_B200.csv,pairs_B200.jsonl
C4_share_high,balanced,400,freese,16.0,3787.0,3787.0,3787.0,4388.0,2,0.902256,0.956441,freese_B400.csv,pairs_B400.jsonl
C4_share_high,balanced,600,freese,16.0,7218.0,7218.0,7218.0,8223.0,2,0.8798,0.938,freese_B600.csv,pairs_B600.jsonl
C4_share_high,balanced,800,freese,18.0,7337.0,7337.0,7337.0,7632.0,2,0.899249,0.921175,freese_B800.csv,pairs_B800.jsonl
C4_share_high,balanced,1000,freese,18.0,972.0,972.0,972.0,3789.5,2,0.899399,0.900444,freese_B1000.csv,pairs_B1000.jsonl
C4_share_high,balanced,200,hunt,12.0,30786.0,30786.0,30786.0,50803.5,2,0.896985,0.976934,hunt_B200.csv,pairs_B200.jsonl
C4_share_high,balanced,400,hunt,16.0,101272.0,101272.0,101272.0,118739.0,2,0.902256,0.956441,hunt_B400.csv,pairs_B400.jsonl
C4_share_high,balanced,600,hunt,16.0,216476.0,216476.0,216476.0,242561.5,2,0.8798,0.938,hunt_B600.csv,pairs_B600.jsonl
C4_share_high,balanced,800,hunt,18.0,382269.0,382269.0,382269.0,395225.5,2,0.899249,0.921175,hunt_B800.csv,pairs_B800.jsonl
C4_share_high,balanced,1000,hunt,18.0,565078.0,565078.0,565078.0,576299.5,2,0.899399,0.900444,hunt_B1000.csv,pairs_B1000.jsonl
C4_share_high,balanced,200,whitman,12.0,5419.0,5419.0,5419.0,6298.0,2,0.896985,0.976934,whitman_B200.csv,pairs_B200.jsonl
C4_share_high,balanced,400,whitman,16.0,17892.0,17892.0,17892.0,21664.5,2,0.902256,0.956441,whitman_B400.csv,pairs_B400.jsonl
C4_share_high,balanced,600,whitman,16.0,7212.0,7212.0,7212.0,7413.0,2,0.8798,0.938,whitman_B600.csv,pairs_B600.jsonl
C4_share_high,balanced,800,whitman,18.0,4319.0,4319.0,4319.0,6749.0,2,0.899249,0.921175,whitman_B800.csv,pairs_B800.jsonl
C4_share_high,balanced,1000,whitman,18.0,776.0,776.0,776.0,9473.5,2,0.899399,0.900444,whitman_B1000.csv,pairs_B1000.jsonl
