experiment,shape,budget,engine,pair_id,direction,pairs,max_stack,branch_attempts,branch_right,branch_left,branch_successes,join_decomp,meet_decomp,recursive_calls,memo_hits,N,arcs_enqueued,arcs_processed,max_queue,RU,RV,cells,and_checks,or_checks,max_hU,max_hV
C5_spines,leftspine,20,whitman,0,uv,24183,26,8044,11092,11375,0,3038,4158,,,,,,,,,,,,,
C5_spines,leftspine,20,whitman,0,vu,29823,25,6271,13774,14465,0,1597,2137,,,,,,,,,,,,,
C5_spines,leftspine,20,whitman,1,uv,126,12,40,51,54,0,48,29,,,,,,,,,,,,,
C5_spines,leftspine,20,whitman,1,vu,6985,19,1593,3338,3438,0,254,166,,,,,,,,,,,,,
C5_spines,leftspine,20,freese,0,uv,,26,166,,,0,,,598,165,,,,,,,,,,,
C5_spines,leftspine,20,freese,0,vu,,26,184,,,0,,,799,239,,,,,,,,,,,
C5_spines,leftspine,20,freese,1,uv,,13,26,,,0,,,98,22,,,,,,,,,,,
C5_spines,leftspine,20,freese,1,vu,,19,188,,,0,,,989,379,,,,,,,,,,,
C5_spines,leftspine,20,cosma,0,uv,,,,,,,,,,,67,132,132,132,,,,,,,
C5_spines,leftspine,20,cosma,0,vu,,,,,,,,,,,67,132,132,132,,,,,,,
C5_spines,leftspine,20,cosma,1,uv,,,,,,,,,,,59,117,117,117,,,,,,,
C5_spines,leftspine,20,cosma,1,vu,,,,,,,,,,,59,117,117,117,,,,,,,
C5_spines,leftspine,20,hunt,0,uv,,,,,,,,,,,,,,,32,35,1120,1168,1005,11,14
C5_spines,leftspine,20,hunt,0,vu,,,,,,,,,,,,,,,35,32,1120,1005,1168,14,11
C5_spines,leftspine,20,hunt,1,uv,,,,,,,,,,,,,,,28,31,868,1211,494,7,11
C5_spines,leftspine,20,hunt,1,vu,,,,,,,,,,,,,,,31,28,868,494,1211,11,7
C5_spines,leftspine,40,whitman,0,uv,4,3,1,0,2,0,0,6,,,,,,,,,,,,,
C5_spines,leftspine,40,whitman,0,vu,135589,37,43599,54298,60147,1470,31310,71279,,,,,,,,,,,,,
C5_spines,leftspine,40,whitman,1,uv,3217,19,813,1547,1418,0,567,474,,,,,,,,,,,,,
C5_spines,leftspine,40,whitman,1,vu,94976,31,22589,45377,44594,0,8427,6937,,,,,,,,,,,,,
C5_spines,leftspine,40,freese,0,uv,,19,9,,,0,,,45,0,,,,,,,,,,,
C5_spines,leftspine,40,freese,0,vu,,38,319,,,3,,,1361,378,,,,,,,,,,,
C5_spines,leftspine,40,freese,1,uv,,20,108,,,0,,,469,136,,,,,,,,,,,
C5_spines,leftspine,40,freese,1,vu,,31,245,,,0,,,1070,354,,,,,,,,,,,
C5_spines,leftspine,40,cosma,0,uv,,,,,,,,,,,114,235,235,235,,,,,,,
C5_spines,leftspine,40,cosma,0,vu,,,,,,,,,,,114,235,235,235,,,,,,,
C5_spines,leftspine,40,cosma,1,uv,,,,,,,,,,,120,244,244,244,,,,,,,
C5_spines,leftspine,40,cosma,1,vu,,,,,,,,,,,120,244,244,244,,,,,,,
C5_spines,leftspine,40,hunt,0,uv,,,,,,,,,,,,,,,58,58,3364,3016,3770,17,20
C5_spines,leftspine,40,hunt,0,vu,,,,,,,,,,,,,,,58,58,3364,3770,3012,20,17
C5_spines,leftspine,40,hunt,1,uv,,,,,,,,,,,,,,,59,62,3658,3633,3742,19,23
C5_spines,leftspine,40,hunt,1,vu,,,,,,,,,,,,,,,62,59,3658,3742,3630,23,19
C5_spines,leftspine,60,whitman,0,uv,15665,29,4174,6724,7508,2,2114,1524,,,,,,,,,,,,,
C5_spines,leftspine,60,whitman,0,vu,6,3,1,4,0,0,2,0,,,,,,,,,,,,,
C5_spines,leftspine,60,whitman,1,uv,292,13,83,118,144,0,51,38,,,,,,,,,,,,,
C5_spines,leftspine,60,whitman,1,vu,536220,45,147666,255234,232260,18,90876,54593,,,,,,,,,,,,,
C5_spines,leftspine,60,freese,0,uv,,30,209,,,2,,,929,285,,,,,,,,,,,
C5_spines,leftspine,60,freese,0,vu,,3,1,,,0,,,6,0,,,,,,,,,,,
C5_spines,leftspine,60,freese,1,uv,,14,50,,,0,,,196,42,,,,,,,,,,,
C5_spines,leftspine,60,freese,1,vu,,46,393,,,2,,,1593,444,,,,,,,,,,,
C5_spines,leftspine,60,cosma,0,uv,,,,,,,,,,,173,358,358,358,,,,,,,
C5_spines,leftspine,60,cosma,0,vu,,,,,,,,,,,173,358,358,358,,,,,,,
C5_spines,leftspine,60,cosma,1,uv,,,,,,,,,,,178,366,366,366,,,,,,,
C5_spines,leftspine,60,cosma,1,vu,,,,,,,,,,,178,366,366,366,,,,,,,
C5_spines,leftspine,60,hunt,0,uv,,,,,,,,,,,,,,,90,87,7830,8049,7868,33,27
C5_spines,leftspine,60,hunt,0,vu,,,,,,,,,,,,,,,87,90,7830,7872,8041,27,33
C5_spines,leftspine,60,hunt,1,uv,,,,,,,,,,,,,,,94,89,8366,8334,8391,34,29
C5_spines,leftspine,60,hunt,1,vu,,,,,,,,,,,,,,,89,94,8366,8398,8329,29,34
