experiment,shape,budget,engine,median_pairDepth,p25_us,median_us,p75_us,mean_us,n_pairs,median_alt_index,median_share,csv_path,json_path
C5_spines,leftspine,20,cosma,20.0,944.0,944.0,944.0,1029.0,2,0.421053,0.987805,cosma_B20.csv,pairs_B20.jsonl
C5_spines,leftspine,40,cosma,40.0,1929.0,1929.0,1929.0,1966.0,2,0.448718,0.981481,cosma_B40.csv,pairs_B40.jsonl
C5_spines,leftspine,60,cosma,60.0,3099.0,3099.0,3099.0,3123.5,2,0.491525,0.979339,cosma_B60.csv,pairs_B60.jsonl
C5_spines,leftspine,20,freese,20.0,1479.0,1479.0,1479.0,1900.5,2,0.421053,0.987805,freese_B20.csv,pairs_B20.jsonl
C5_spines,leftspine,40,freese,40.0,1911.0,1911.0,1911.0,2084.0,2,0.448718,0.981481,freese_B40.csv,pairs_B40.jsonl
C5_spines,leftspine,60,freese,60.0,1338.0,1338.0,1338.0,2045.0,2,0.491525,0.979339,freese_B60.csv,pairs_B60.jsonl
C5_spines,leftspine,20,hunt,20.0,779.0,779.0,779.0,896.0,2,0.421053,0.987805,hunt_B20.csv,pairs_B20.jsonl
C5_spines,leftspine,40,hunt,40.0,2335.0,2335.0,2335.0,2444.5,2,0.448718,0.981481,hunt_B40.csv,pairs_B40.jsonl
C5_spines,leftspine,60,hunt,60.0,1973.0,1973.0,1973.0,2027.0,2,0.491525,0.979339,hunt_B60.csv,pairs_B60.jsonl
C5_spines,leftspine,20,whitman,20.0,1132.0,1132.0,1132.0,8094.5,2,0.421053,0.987805,whitman_B20.csv,pairs_B20.jsonl
C5_spines,leftspine,40,whitman,40.0,7691.0,7691.0,7691.0,21096.5,2,0.448718,0.981481,whitman_B40.csv,pairs_B40.jsonl
C5_spines,leftspine,60,whitman,60.0,1816.0,1816.0,1816.0,40775.5,2,0.491525,0.979339,whitman_B60.csv,pairs_B60.jsonl
