engine,pair_id,u_leq_v,v_leq_u,eq,uv_us,vu_us,total_us,uv_stats,vu_stats,uv_working_set,uv_peak_working_set,uv_private_bytes,vu_working_set,vu_peak_working_set,vu_private_bytes,uv_error,vu_error,representation
cosmadakis,0,0,0,0,500623,479196,979819,"{""N"":7821,""arcs_enqueued"":132519,""arcs_processed"":132519,""max_queue"":132519}","{""N"":7821,""arcs_enqueued"":132519,""arcs_processed"":132519,""max_queue"":132519}",311844864,311844864,0,311894016,311894016,0,"","",canonical
cosmadakis,1,0,0,0,480041,478251,958292,"{""N"":7800,""arcs_enqueued"":131820,""arcs_processed"":131820,""max_queue"":131820}","{""N"":7800,""arcs_enqueued"":131820,""arcs_processed"":131820,""max_queue"":131820}",311894016,311894016,0,311894016,311894016,0,"","",canonical
cosmadakis,2,0,0,0,479468,479640,959108,"{""N"":7816,""arcs_enqueued"":132510,""arcs_processed"":132510,""max_queue"":132510}","{""N"":7816,""arcs_enqueued"":132510,""arcs_processed"":132510,""max_queue"":132510}",311894016,311894016,0,311894016,311894016,0,"","",canonical
cosmadakis,3,0,0,0,476909,475432,952341,"{""N"":7782,""arcs_enqueued"":129791,""arcs_processed"":129791,""max_queue"":129791}","{""N"":7782,""arcs_enqueued"":129791,""arcs_processed"":129791,""max_queue"":129791}",311894016,311894016,0,311894016,311894016,0,"","",canonical
cosmadakis,4,0,0,0,479582,481242,960824,"{""N"":7834,""arcs_enqueued"":134410,""arcs_processed"":134410,""max_queue"":134410}","{""N"":7834,""arcs_enqueued"":134410,""arcs_processed"":134410,""max_queue"":134410}",313159680,313159680,0,313159680,313159680,0,"","",canonical
cosmadakis,5,0,0,0,476306,475763,952069,"{""N"":7797,""arcs_enqueued"":130083,""arcs_processed"":130083,""max_queue"":130083}","{""N"":7797,""arcs_enqueued"":130083,""arcs_processed"":130083,""max_queue"":130083}",313159680,313159680,0,313159680,313159680,0,"","",canonical
cosmadakis,6,0,0,0,479649,480310,959959,"{""N"":7817,""arcs_enqueued"":133102,""arcs_processed"":133102,""max_queue"":133102}","{""N"":7817,""arcs_enqueued"":133102,""arcs_processed"":133102,""max_queue"":133102}",313159680,313159680,0,313159680,313159680,0,"","",canonical
cosmadakis,7,0,0,0,482989,481268,964257,"{""N"":7788,""arcs_enqueued"":130184,""arcs_processed"":130184,""max_queue"":130184}","{""N"":7788,""arcs_enqueued"":130184,""arcs_processed"":130184,""max_queue"":130184}",313159680,313159680,0,313159680,313159680,0,"","",canonical
cosmadakis,8,0,0,0,484053,482944,966997,"{""N"":7829,""arcs_enqueued"":132594,""arcs_processed"":132594,""max_queue"":132594}","{""N"":7829,""arcs_enqueued"":132594,""arcs_processed"":132594,""max_queue"":132594}",313159680,313159680,0,313159680,313159680,0,"","",canonical
cosmadakis,9,0,0,0,482824,481264,964088,"{""N"":7820,""arcs_enqueued"":133096,""arcs_processed"":133096,""max_queue"":133096}","{""N"":7820,""arcs_enqueued"":133096,""arcs_processed"":133096,""max_queue"":133096}",313159680,313159680,0,313159680,313159680,0,"","",canonical
cosmadakis,10,0,0,0,489403,480243,969646,"{""N"":7818,""arcs_enqueued"":132338,""arcs_processed"":132338,""max_queue"":132338}","{""N"":7818,""arcs_enqueued"":132338,""arcs_processed"":132338,""max_queue"":132338}",313159680,313159680,0,313159680,313159680,0,"","",canonical
cosmadakis,11,0,0,0,481548,480208,961756,"{""N"":7846,""arcs_enqueued"":133914,""arcs_processed"":133914,""max_queue"":133914}","{""N"":7846,""arcs_enqueued"":133914,""arcs_processed"":133914,""max_queue"":133914}",313970688,313970688,0,313970688,313970688,0,"","",canonical
cosmadakis,12,0,0,0,480975,484428,965403,"{""N"":7828,""arcs_enqueued"":133031,""arcs_processed"":133031,""max_queue"":133031}","{""N"":7828,""arcs_enqueued"":133031,""arcs_processed"":133031,""max_queue"":133031}",313970688,313970688,0,313970688,313970688,0,"","",canonical
cosmadakis,13,0,0,0,483432,481384,964816,"{""N"":7818,""arcs_enqueued"":131999,""arcs_processed"":131999,""max_queue"":131999}","{""N"":7818,""arcs_enqueued"":131999,""arcs_processed"":131999,""max_queue"":131999}",313970688,313970688,0,313970688,313970688,0,"","",canonical
cosmadakis,14,0,0,0,477479,478780,956259,"{""N"":7814,""arcs_enqueued"":131820,""arcs_processed"":131820,""max_queue"":131820}","{""N"":7814,""arcs_enqueued"":131820,""arcs_processed"":131820,""max_queue"":131820}",313970688,313970688,0,313970688,313970688,0,"","",canonical
cosmadakis,15,0,0,0,478402,478173,956575,"{""N"":7829,""arcs_enqueued"":132641,""arcs_processed"":132641,""max_queue"":132641}","{""N"":7829,""arcs_enqueued"":132641,""arcs_processed"":132641,""max_queue"":132641}",313970688,313970688,0,313970688,313970688,0,"","",canonical
