engine,pair_id,u_leq_v,v_leq_u,eq,uv_us,vu_us,total_us,uv_stats,vu_stats,uv_working_set,uv_peak_working_set,uv_private_bytes,vu_working_set,vu_peak_working_set,vu_private_bytes,uv_error,vu_error,representation
cosmadakis,0,0,0,0,1034,973,2007,"{""N"":106,""arcs_enqueued"":235,""arcs_processed"":235,""max_queue"":235}","{""N"":106,""arcs_enqueued"":235,""arcs_processed"":235,""max_queue"":235}",37777408,37777408,0,37777408,37777408,0,"","",canonical
cosmadakis,1,0,0,0,969,1004,1973,"{""N"":108,""arcs_enqueued"":236,""arcs_processed"":236,""max_queue"":236}","{""N"":108,""arcs_enqueued"":236,""arcs_processed"":236,""max_queue"":236}",37777408,37777408,0,37777408,37777408,0,"","",canonical
cosmadakis,2,0,0,0,956,963,1919,"{""N"":107,""arcs_enqueued"":235,""arcs_processed"":235,""max_queue"":235}","{""N"":107,""arcs_enqueued"":235,""arcs_processed"":235,""max_queue"":235}",37777408,37777408,0,37777408,37777408,0,"","",canonical
cosmadakis,3,0,0,0,964,961,1925,"{""N"":104,""arcs_enqueued"":234,""arcs_processed"":234,""max_queue"":234}","{""N"":104,""arcs_enqueued"":234,""arcs_processed"":234,""max_queue"":234}",37777408,37777408,0,37777408,37777408,0,"","",canonical
cosmadakis,4,0,0,0,853,639,1492,"{""N"":104,""arcs_enqueued"":235,""arcs_processed"":235,""max_queue"":235}","{""N"":104,""arcs_enqueued"":235,""arcs_processed"":235,""max_queue"":235}",37777408,37777408,0,37777408,37777408,0,"","",canonical
cosmadakis,5,0,0,0,645,637,1282,"{""N"":104,""arcs_enqueued"":233,""arcs_processed"":233,""max_queue"":233}","{""N"":104,""arcs_enqueued"":233,""arcs_processed"":233,""max_queue"":233}",37777408,37777408,0,37777408,37777408,0,"","",canonical
cosmadakis,6,0,0,0,634,642,1276,"{""N"":104,""arcs_enqueued"":235,""arcs_processed"":235,""max_queue"":235}","{""N"":104,""arcs_enqueued"":235,""arcs_processed"":235,""max_queue"":235}",37777408,37777408,0,37777408,37777408,0,"","",canonical
cosmadakis,7,0,0,0,649,651,1300,"{""N"":111,""arcs_enqueued"":233,""arcs_processed"":233,""max_queue"":233}","{""N"":111,""arcs_enqueued"":233,""arcs_processed"":233,""max_queue"":233}",37777408,37777408,0,37777408,37777408,0,"","",canonical
cosmadakis,8,0,0,0,641,646,1287,"{""N"":108,""arcs_enqueued"":236,""arcs_processed"":236,""max_queue"":236}","{""N"":108,""arcs_enqueued"":236,""arcs_processed"":236,""max_queue"":236}",37777408,37777408,0,37777408,37777408,0,"","",canonical
cosmadakis,9,0,0,0,633,630,1263,"{""N"":102,""arcs_enqueued"":232,""arcs_processed"":232,""max_queue"":232}","{""N"":102,""arcs_enqueued"":232,""arcs_processed"":232,""max_queue"":232}",37777408,37777408,0,37777408,37777408,0,"","",canonical
cosmadakis,10,0,0,0,415,418,833,"{""N"":106,""arcs_enqueued"":227,""arcs_processed"":227,""max_queue"":227}","{""N"":106,""arcs_enqueued"":227,""arcs_processed"":227,""max_queue"":227}",37777408,37777408,0,37777408,37777408,0,"","",canonical
cosmadakis,11,0,0,0,430,432,862,"{""N"":112,""arcs_enqueued"":234,""arcs_processed"":234,""max_queue"":234}","{""N"":112,""arcs_enqueued"":234,""arcs_processed"":234,""max_queue"":234}",37777408,37777408,0,37777408,37777408,0,"","",canonical
cosmadakis,12,0,0,0,441,421,862,"{""N"":105,""arcs_enqueued"":230,""arcs_processed"":230,""max_queue"":230}","{""N"":105,""arcs_enqueued"":230,""arcs_processed"":230,""max_queue"":230}",37777408,37777408,0,37777408,37777408,0,"","",canonical
cosmadakis,13,0,0,0,425,428,853,"{""N"":105,""arcs_enqueued"":239,""arcs_processed"":239,""max_queue"":239}","{""N"":105,""arcs_enqueued"":239,""arcs_processed"":239,""max_queue"":239}",37777408,37777408,0,37777408,37777408,0,"","",canonical
cosmadakis,14,0,0,0,425,430,855,"{""N"":108,""arcs_enqueued"":236,""arcs_processed"":236,""max_queue"":236}","{""N"":108,""arcs_enqueued"":236,""arcs_processed"":236,""max_queue"":236}",37777408,37777408,0,37777408,37777408,0,"","",canonical
cosmadakis,15,0,0,0,429,438,867,"{""N"":110,""arcs_enqueued"":236,""arcs_processed"":236,""max_queue"":236}","{""N"":110,""arcs_enqueued"":236,""arcs_processed"":236,""max_queue"":236}",37777408,37777408,0,37777408,37777408,0,"","",canonical
