engine,pair_id,u_leq_v,v_leq_u,eq,uv_us,vu_us,total_us,uv_stats,vu_stats,uv_working_set,uv_peak_working_set,uv_private_bytes,vu_working_set,vu_peak_working_set,vu_private_bytes,uv_error,vu_error,representation
cosmadakis,0,1,0,0,123,104,227,"{""N"":23,""arcs_enqueued"":46,""arcs_processed"":46,""max_queue"":46}","{""N"":23,""arcs_enqueued"":46,""arcs_processed"":46,""max_queue"":46}",37777408,37777408,0,37777408,37777408,0,"","",canonical
cosmadakis,1,0,0,0,107,102,209,"{""N"":24,""arcs_enqueued"":46,""arcs_processed"":46,""max_queue"":46}","{""N"":24,""arcs_enqueued"":46,""arcs_processed"":46,""max_queue"":46}",37777408,37777408,0,37777408,37777408,0,"","",canonical
cosmadakis,2,0,0,0,106,100,206,"{""N"":22,""arcs_enqueued"":45,""arcs_processed"":45,""max_queue"":45}","{""N"":22,""arcs_enqueued"":45,""arcs_processed"":45,""max_queue"":45}",37777408,37777408,0,37777408,37777408,0,"","",canonical
cosmadakis,3,0,0,0,103,102,205,"{""N"":23,""arcs_enqueued"":46,""arcs_processed"":46,""max_queue"":46}","{""N"":23,""arcs_enqueued"":46,""arcs_processed"":46,""max_queue"":46}",37777408,37777408,0,37777408,37777408,0,"","",canonical
cosmadakis,4,0,0,0,103,101,204,"{""N"":22,""arcs_enqueued"":45,""arcs_processed"":45,""max_queue"":45}","{""N"":22,""arcs_enqueued"":45,""arcs_processed"":45,""max_queue"":45}",37777408,37777408,0,37777408,37777408,0,"","",canonical
cosmadakis,5,0,0,0,103,114,217,"{""N"":24,""arcs_enqueued"":46,""arcs_processed"":46,""max_queue"":46}","{""N"":24,""arcs_enqueued"":46,""arcs_processed"":46,""max_queue"":46}",37777408,37777408,0,37777408,37777408,0,"","",canonical
cosmadakis,6,0,0,0,99,97,196,"{""N"":24,""arcs_enqueued"":46,""arcs_processed"":46,""max_queue"":46}","{""N"":24,""arcs_enqueued"":46,""arcs_processed"":46,""max_queue"":46}",37777408,37777408,0,37777408,37777408,0,"","",canonical
cosmadakis,7,0,0,0,98,97,195,"{""N"":23,""arcs_enqueued"":45,""arcs_processed"":45,""max_queue"":45}","{""N"":23,""arcs_enqueued"":45,""arcs_processed"":45,""max_queue"":45}",37777408,37777408,0,37777408,37777408,0,"","",canonical
cosmadakis,8,0,0,0,99,96,195,"{""N"":23,""arcs_enqueued"":45,""arcs_processed"":45,""max_queue"":45}","{""N"":23,""arcs_enqueued"":45,""arcs_processed"":45,""max_queue"":45}",37777408,37777408,0,37777408,37777408,0,"","",canonical
cosmadakis,9,0,0,0,98,96,194,"{""N"":23,""arcs_enqueued"":45,""arcs_processed"":45,""max_queue"":45}","{""N"":23,""arcs_enqueued"":45,""arcs_processed"":45,""max_queue"":45}",37777408,37777408,0,37777408,37777408,0,"","",canonical
cosmadakis,10,0,0,0,93,91,184,"{""N"":22,""arcs_enqueued"":42,""arcs_processed"":42,""max_queue"":42}","{""N"":22,""arcs_enqueued"":42,""arcs_processed"":42,""max_queue"":42}",37777408,37777408,0,37777408,37777408,0,"","",canonical
cosmadakis,11,1,0,0,97,97,194,"{""N"":23,""arcs_enqueued"":46,""arcs_processed"":46,""max_queue"":46}","{""N"":23,""arcs_enqueued"":46,""arcs_processed"":46,""max_queue"":46}",37777408,37777408,0,37777408,37777408,0,"","",canonical
cosmadakis,12,0,0,0,99,104,203,"{""N"":24,""arcs_enqueued"":46,""arcs_processed"":46,""max_queue"":46}","{""N"":24,""arcs_enqueued"":46,""arcs_processed"":46,""max_queue"":46}",37777408,37777408,0,37777408,37777408,0,"","",canonical
cosmadakis,13,0,0,0,99,133,232,"{""N"":24,""arcs_enqueued"":46,""arcs_processed"":46,""max_queue"":46}","{""N"":24,""arcs_enqueued"":46,""arcs_processed"":46,""max_queue"":46}",37777408,37777408,0,37777408,37777408,0,"","",canonical
cosmadakis,14,0,0,0,202,187,389,"{""N"":22,""arcs_enqueued"":45,""arcs_processed"":45,""max_queue"":45}","{""N"":22,""arcs_enqueued"":45,""arcs_processed"":45,""max_queue"":45}",37777408,37777408,0,37777408,37777408,0,"","",canonical
cosmadakis,15,0,0,0,188,184,372,"{""N"":22,""arcs_enqueued"":44,""arcs_processed"":44,""max_queue"":44}","{""N"":22,""arcs_enqueued"":44,""arcs_processed"":44,""max_queue"":44}",37777408,37777408,0,37777408,37777408,0,"","",canonical
