engine,pair_id,u_leq_v,v_leq_u,eq,uv_us,vu_us,total_us,uv_stats,vu_stats,uv_working_set,uv_peak_working_set,uv_private_bytes,vu_working_set,vu_peak_working_set,vu_private_bytes,uv_error,vu_error,representation
cosmadakis,0,0,0,0,141962,128651,270613,"{""N"":4083,""arcs_enqueued"":42679,""arcs_processed"":42679,""max_queue"":42679}","{""N"":4083,""arcs_enqueued"":42679,""arcs_processed"":42679,""max_queue"":42679}",87683072,87683072,0,87965696,87965696,0,"","",canonical
cosmadakis,1,0,0,0,108598,109649,218247,"{""N"":4069,""arcs_enqueued"":42349,""arcs_processed"":42349,""max_queue"":42349}","{""N"":4069,""arcs_enqueued"":42349,""arcs_processed"":42349,""max_queue"":42349}",88133632,88133632,0,88133632,88133632,0,"","",canonical
cosmadakis,2,0,0,0,108491,109458,217949,"{""N"":4069,""arcs_enqueued"":42447,""arcs_processed"":42447,""max_queue"":42447}","{""N"":4069,""arcs_enqueued"":42447,""arcs_processed"":42447,""max_queue"":42447}",88133632,88133632,0,88133632,88133632,0,"","",canonical
cosmadakis,3,0,0,0,109007,110123,219130,"{""N"":4089,""arcs_enqueued"":43129,""arcs_processed"":43129,""max_queue"":43129}","{""N"":4089,""arcs_enqueued"":43129,""arcs_processed"":43129,""max_queue"":43129}",88674304,88674304,0,88674304,88674304,0,"","",canonical
cosmadakis,4,0,0,0,108285,109474,217759,"{""N"":4069,""arcs_enqueued"":42601,""arcs_processed"":42601,""max_queue"":42601}","{""N"":4069,""arcs_enqueued"":42601,""arcs_processed"":42601,""max_queue"":42601}",89182208,89182208,0,89182208,89182208,0,"","",canonical
cosmadakis,5,0,0,0,108300,109808,218108,"{""N"":4076,""arcs_enqueued"":42116,""arcs_processed"":42116,""max_queue"":42116}","{""N"":4076,""arcs_enqueued"":42116,""arcs_processed"":42116,""max_queue"":42116}",89182208,89182208,0,89182208,89182208,0,"","",canonical
cosmadakis,6,0,0,0,108993,110017,219010,"{""N"":4080,""arcs_enqueued"":42661,""arcs_processed"":42661,""max_queue"":42661}","{""N"":4080,""arcs_enqueued"":42661,""arcs_processed"":42661,""max_queue"":42661}",89182208,89182208,0,89182208,89182208,0,"","",canonical
cosmadakis,7,0,0,0,108961,110422,219383,"{""N"":4073,""arcs_enqueued"":42387,""arcs_processed"":42387,""max_queue"":42387}","{""N"":4073,""arcs_enqueued"":42387,""arcs_processed"":42387,""max_queue"":42387}",89182208,89182208,0,89182208,89182208,0,"","",canonical
cosmadakis,8,0,0,0,118344,119248,237592,"{""N"":4089,""arcs_enqueued"":43010,""arcs_processed"":43010,""max_queue"":43010}","{""N"":4089,""arcs_enqueued"":43010,""arcs_processed"":43010,""max_queue"":43010}",89182208,89182208,0,89182208,89182208,0,"","",canonical
cosmadakis,9,0,0,0,107852,108899,216751,"{""N"":4060,""arcs_enqueued"":41756,""arcs_processed"":41756,""max_queue"":41756}","{""N"":4060,""arcs_enqueued"":41756,""arcs_processed"":41756,""max_queue"":41756}",89452544,89452544,0,89452544,89452544,0,"","",canonical
cosmadakis,10,0,0,0,108862,109985,218847,"{""N"":4086,""arcs_enqueued"":43282,""arcs_processed"":43282,""max_queue"":43282}","{""N"":4086,""arcs_enqueued"":43282,""arcs_processed"":43282,""max_queue"":43282}",89452544,89452544,0,89452544,89452544,0,"","",canonical
cosmadakis,11,0,0,0,108437,110115,218552,"{""N"":4076,""arcs_enqueued"":42747,""arcs_processed"":42747,""max_queue"":42747}","{""N"":4076,""arcs_enqueued"":42747,""arcs_processed"":42747,""max_queue"":42747}",89722880,89722880,0,89722880,89722880,0,"","",canonical
cosmadakis,12,0,0,0,108487,109368,217855,"{""N"":4072,""arcs_enqueued"":41995,""arcs_processed"":41995,""max_queue"":41995}","{""N"":4072,""arcs_enqueued"":41995,""arcs_processed"":41995,""max_queue"":41995}",89722880,89722880,0,89722880,89722880,0,"","",canonical
cosmadakis,13,0,0,0,108026,109333,217359,"{""N"":4064,""arcs_enqueued"":42560,""arcs_processed"":42560,""max_queue"":42560}","{""N"":4064,""arcs_enqueued"":42560,""arcs_processed"":42560,""max_queue"":42560}",89722880,89722880,0,89722880,89722880,0,"","",canonical
cosmadakis,14,0,0,0,109216,110502,219718,"{""N"":4090,""arcs_enqueued"":42948,""arcs_processed"":42948,""max_queue"":42948}","{""N"":4090,""arcs_enqueued"":42948,""arcs_processed"":42948,""max_queue"":42948}",89722880,89722880,0,89722880,89722880,0,"","",canonical
cosmadakis,15,0,0,0,108749,110264,219013,"{""N"":4084,""arcs_enqueued"":42580,""arcs_processed"":42580,""max_queue"":42580}","{""N"":4084,""arcs_enqueued"":42580,""arcs_processed"":42580,""max_queue"":42580}",89722880,89722880,0,89722880,89722880,0,"","",canonical
