engine,pair_id,u_leq_v,v_leq_u,eq,uv_us,vu_us,total_us,uv_stats,vu_stats,uv_working_set,uv_peak_working_set,uv_private_bytes,vu_working_set,vu_peak_working_set,vu_private_bytes,uv_error,vu_error,representation
cosmadakis,0,0,0,0,1446,1342,2788,"{""N"":195,""arcs_enqueued"":486,""arcs_processed"":486,""max_queue"":486}","{""N"":195,""arcs_enqueued"":486,""arcs_processed"":486,""max_queue"":486}",37777408,37777408,0,37777408,37777408,0,"","",canonical
cosmadakis,1,0,0,0,1329,1389,2718,"{""N"":201,""arcs_enqueued"":476,""arcs_processed"":476,""max_queue"":476}","{""N"":201,""arcs_enqueued"":476,""arcs_processed"":476,""max_queue"":476}",37777408,37777408,0,37777408,37777408,0,"","",canonical
cosmadakis,2,0,0,0,1027,1032,2059,"{""N"":206,""arcs_enqueued"":484,""arcs_processed"":484,""max_queue"":484}","{""N"":206,""arcs_enqueued"":484,""arcs_processed"":484,""max_queue"":484}",37777408,37777408,0,37777408,37777408,0,"","",canonical
cosmadakis,3,0,0,0,1010,1015,2025,"{""N"":203,""arcs_enqueued"":473,""arcs_processed"":473,""max_queue"":473}","{""N"":203,""arcs_enqueued"":473,""arcs_processed"":473,""max_queue"":473}",37777408,37777408,0,37777408,37777408,0,"","",canonical
cosmadakis,4,0,0,0,988,986,1974,"{""N"":194,""arcs_enqueued"":463,""arcs_processed"":463,""max_queue"":463}","{""N"":194,""arcs_enqueued"":463,""arcs_processed"":463,""max_queue"":463}",37777408,37777408,0,37777408,37777408,0,"","",canonical
cosmadakis,5,0,0,0,992,736,1728,"{""N"":194,""arcs_enqueued"":476,""arcs_processed"":476,""max_queue"":476}","{""N"":194,""arcs_enqueued"":476,""arcs_processed"":476,""max_queue"":476}",37777408,37777408,0,37777408,37777408,0,"","",canonical
cosmadakis,6,0,0,0,660,665,1325,"{""N"":200,""arcs_enqueued"":476,""arcs_processed"":476,""max_queue"":476}","{""N"":200,""arcs_enqueued"":476,""arcs_processed"":476,""max_queue"":476}",37777408,37777408,0,37777408,37777408,0,"","",canonical
cosmadakis,7,0,0,0,668,675,1343,"{""N"":202,""arcs_enqueued"":485,""arcs_processed"":485,""max_queue"":485}","{""N"":202,""arcs_enqueued"":485,""arcs_processed"":485,""max_queue"":485}",37777408,37777408,0,37777408,37777408,0,"","",canonical
cosmadakis,8,0,0,0,659,660,1319,"{""N"":200,""arcs_enqueued"":480,""arcs_processed"":480,""max_queue"":480}","{""N"":200,""arcs_enqueued"":480,""arcs_processed"":480,""max_queue"":480}",37777408,37777408,0,37777408,37777408,0,"","",canonical
cosmadakis,9,0,0,0,658,661,1319,"{""N"":196,""arcs_enqueued"":476,""arcs_processed"":476,""max_queue"":476}","{""N"":196,""arcs_enqueued"":476,""arcs_processed"":476,""max_queue"":476}",37777408,37777408,0,37777408,37777408,0,"","",canonical
cosmadakis,10,0,0,0,675,675,1350,"{""N"":202,""arcs_enqueued"":490,""arcs_processed"":490,""max_queue"":490}","{""N"":202,""arcs_enqueued"":490,""arcs_processed"":490,""max_queue"":490}",37777408,37777408,0,37777408,37777408,0,"","",canonical
cosmadakis,11,0,0,0,565,554,1119,"{""N"":204,""arcs_enqueued"":477,""arcs_processed"":477,""max_queue"":477}","{""N"":204,""arcs_enqueued"":477,""arcs_processed"":477,""max_queue"":477}",37777408,37777408,0,37777408,37777408,0,"","",canonical
cosmadakis,12,0,0,0,553,560,1113,"{""N"":203,""arcs_enqueued"":484,""arcs_processed"":484,""max_queue"":484}","{""N"":203,""arcs_enqueued"":484,""arcs_processed"":484,""max_queue"":484}",37777408,37777408,0,37777408,37777408,0,"","",canonical
cosmadakis,13,0,0,0,582,597,1179,"{""N"":198,""arcs_enqueued"":472,""arcs_processed"":472,""max_queue"":472}","{""N"":198,""arcs_enqueued"":472,""arcs_processed"":472,""max_queue"":472}",37777408,37777408,0,37777408,37777408,0,"","",canonical
cosmadakis,14,0,0,0,548,552,1100,"{""N"":202,""arcs_enqueued"":476,""arcs_processed"":476,""max_queue"":476}","{""N"":202,""arcs_enqueued"":476,""arcs_processed"":476,""max_queue"":476}",37777408,37777408,0,37777408,37777408,0,"","",canonical
cosmadakis,15,0,0,0,558,598,1156,"{""N"":203,""arcs_enqueued"":479,""arcs_processed"":479,""max_queue"":479}","{""N"":203,""arcs_enqueued"":479,""arcs_processed"":479,""max_queue"":479}",37777408,37777408,0,37777408,37777408,0,"","",canonical
