engine,pair_id,u_leq_v,v_leq_u,eq,uv_us,vu_us,total_us,uv_stats,vu_stats,uv_working_set,uv_peak_working_set,uv_private_bytes,vu_working_set,vu_peak_working_set,vu_private_bytes,uv_error,vu_error,representation
cosmadakis,0,0,0,0,475,455,930,"{""N"":54,""arcs_enqueued"":110,""arcs_processed"":110,""max_queue"":110}","{""N"":54,""arcs_enqueued"":110,""arcs_processed"":110,""max_queue"":110}",37777408,37777408,0,37777408,37777408,0,"","",canonical
cosmadakis,1,0,0,0,434,453,887,"{""N"":49,""arcs_enqueued"":110,""arcs_processed"":110,""max_queue"":110}","{""N"":49,""arcs_enqueued"":110,""arcs_processed"":110,""max_queue"":110}",37777408,37777408,0,37777408,37777408,0,"","",canonical
cosmadakis,2,0,0,0,440,442,882,"{""N"":53,""arcs_enqueued"":110,""arcs_processed"":110,""max_queue"":110}","{""N"":53,""arcs_enqueued"":110,""arcs_processed"":110,""max_queue"":110}",37777408,37777408,0,37777408,37777408,0,"","",canonical
cosmadakis,3,0,0,0,438,445,883,"{""N"":52,""arcs_enqueued"":109,""arcs_processed"":109,""max_queue"":109}","{""N"":52,""arcs_enqueued"":109,""arcs_processed"":109,""max_queue"":109}",37777408,37777408,0,37777408,37777408,0,"","",canonical
cosmadakis,4,0,0,0,437,448,885,"{""N"":53,""arcs_enqueued"":108,""arcs_processed"":108,""max_queue"":108}","{""N"":53,""arcs_enqueued"":108,""arcs_processed"":108,""max_queue"":108}",37777408,37777408,0,37777408,37777408,0,"","",canonical
cosmadakis,5,0,0,0,417,390,807,"{""N"":56,""arcs_enqueued"":110,""arcs_processed"":110,""max_queue"":110}","{""N"":56,""arcs_enqueued"":110,""arcs_processed"":110,""max_queue"":110}",37777408,37777408,0,37777408,37777408,0,"","",canonical
cosmadakis,6,0,0,0,370,370,740,"{""N"":52,""arcs_enqueued"":106,""arcs_processed"":106,""max_queue"":106}","{""N"":52,""arcs_enqueued"":106,""arcs_processed"":106,""max_queue"":106}",37777408,37777408,0,37777408,37777408,0,"","",canonical
cosmadakis,7,0,0,0,375,378,753,"{""N"":53,""arcs_enqueued"":109,""arcs_processed"":109,""max_queue"":109}","{""N"":53,""arcs_enqueued"":109,""arcs_processed"":109,""max_queue"":109}",37777408,37777408,0,37777408,37777408,0,"","",canonical
cosmadakis,8,0,0,0,377,379,756,"{""N"":51,""arcs_enqueued"":110,""arcs_processed"":110,""max_queue"":110}","{""N"":51,""arcs_enqueued"":110,""arcs_processed"":110,""max_queue"":110}",37777408,37777408,0,37777408,37777408,0,"","",canonical
cosmadakis,9,0,0,0,397,430,827,"{""N"":54,""arcs_enqueued"":106,""arcs_processed"":106,""max_queue"":106}","{""N"":54,""arcs_enqueued"":106,""arcs_processed"":106,""max_queue"":106}",37777408,37777408,0,37777408,37777408,0,"","",canonical
cosmadakis,10,0,0,0,444,445,889,"{""N"":52,""arcs_enqueued"":111,""arcs_processed"":111,""max_queue"":111}","{""N"":52,""arcs_enqueued"":111,""arcs_processed"":111,""max_queue"":111}",37777408,37777408,0,37777408,37777408,0,"","",canonical
cosmadakis,11,0,0,0,472,439,911,"{""N"":54,""arcs_enqueued"":108,""arcs_processed"":108,""max_queue"":108}","{""N"":54,""arcs_enqueued"":108,""arcs_processed"":108,""max_queue"":108}",37777408,37777408,0,37777408,37777408,0,"","",canonical
cosmadakis,12,0,0,0,441,443,884,"{""N"":54,""arcs_enqueued"":110,""arcs_processed"":110,""max_queue"":110}","{""N"":54,""arcs_enqueued"":110,""arcs_processed"":110,""max_queue"":110}",37777408,37777408,0,37777408,37777408,0,"","",canonical
cosmadakis,13,0,0,0,438,444,882,"{""N"":53,""arcs_enqueued"":110,""arcs_processed"":110,""max_queue"":110}","{""N"":53,""arcs_enqueued"":110,""arcs_processed"":110,""max_queue"":110}",37777408,37777408,0,37777408,37777408,0,"","",canonical
cosmadakis,14,0,0,0,453,443,896,"{""N"":54,""arcs_enqueued"":110,""arcs_processed"":110,""max_queue"":110}","{""N"":54,""arcs_enqueued"":110,""arcs_processed"":110,""max_queue"":110}",37777408,37777408,0,37777408,37777408,0,"","",canonical
cosmadakis,15,0,0,0,439,444,883,"{""N"":55,""arcs_enqueued"":109,""arcs_processed"":109,""max_queue"":109}","{""N"":55,""arcs_enqueued"":109,""arcs_processed"":109,""max_queue"":109}",37777408,37777408,0,37777408,37777408,0,"","",canonical
