engine,pair_id,u_leq_v,v_leq_u,eq,uv_us,vu_us,total_us,uv_stats,vu_stats,uv_working_set,uv_peak_working_set,uv_private_bytes,vu_working_set,vu_peak_working_set,vu_private_bytes,uv_error,vu_error,representation
cosmadakis,0,0,0,0,11394,7447,18841,"{""N"":629,""arcs_enqueued"":2160,""arcs_processed"":2160,""max_queue"":2160}","{""N"":629,""arcs_enqueued"":2160,""arcs_processed"":2160,""max_queue"":2160}",37777408,37777408,0,37777408,37777408,0,"","",canonical
cosmadakis,1,0,0,0,4384,4143,8527,"{""N"":627,""arcs_enqueued"":2122,""arcs_processed"":2122,""max_queue"":2122}","{""N"":627,""arcs_enqueued"":2122,""arcs_processed"":2122,""max_queue"":2122}",37777408,37777408,0,37777408,37777408,0,"","",canonical
cosmadakis,2,0,0,0,3486,3231,6717,"{""N"":624,""arcs_enqueued"":2165,""arcs_processed"":2165,""max_queue"":2165}","{""N"":624,""arcs_enqueued"":2165,""arcs_processed"":2165,""max_queue"":2165}",37777408,37777408,0,37777408,37777408,0,"","",canonical
cosmadakis,3,0,0,0,3286,4980,8266,"{""N"":623,""arcs_enqueued"":2166,""arcs_processed"":2166,""max_queue"":2166}","{""N"":623,""arcs_enqueued"":2166,""arcs_processed"":2166,""max_queue"":2166}",37777408,37777408,0,37777408,37777408,0,"","",canonical
cosmadakis,4,0,0,0,11157,7919,19076,"{""N"":625,""arcs_enqueued"":2196,""arcs_processed"":2196,""max_queue"":2196}","{""N"":625,""arcs_enqueued"":2196,""arcs_processed"":2196,""max_queue"":2196}",37777408,37777408,0,37777408,37777408,0,"","",canonical
cosmadakis,5,0,0,0,4986,4692,9678,"{""N"":627,""arcs_enqueued"":2173,""arcs_processed"":2173,""max_queue"":2173}","{""N"":627,""arcs_enqueued"":2173,""arcs_processed"":2173,""max_queue"":2173}",37777408,37777408,0,37777408,37777408,0,"","",canonical
cosmadakis,6,0,0,0,3404,3416,6820,"{""N"":626,""arcs_enqueued"":2207,""arcs_processed"":2207,""max_queue"":2207}","{""N"":626,""arcs_enqueued"":2207,""arcs_processed"":2207,""max_queue"":2207}",37777408,37777408,0,37777408,37777408,0,"","",canonical
cosmadakis,7,0,0,0,3138,3182,6320,"{""N"":623,""arcs_enqueued"":2167,""arcs_processed"":2167,""max_queue"":2167}","{""N"":623,""arcs_enqueued"":2167,""arcs_processed"":2167,""max_queue"":2167}",37777408,37777408,0,37777408,37777408,0,"","",canonical
cosmadakis,8,0,0,0,3134,3159,6293,"{""N"":623,""arcs_enqueued"":2154,""arcs_processed"":2154,""max_queue"":2154}","{""N"":623,""arcs_enqueued"":2154,""arcs_processed"":2154,""max_queue"":2154}",37777408,37777408,0,37777408,37777408,0,"","",canonical
cosmadakis,9,0,0,0,3161,3155,6316,"{""N"":623,""arcs_enqueued"":2189,""arcs_processed"":2189,""max_queue"":2189}","{""N"":623,""arcs_enqueued"":2189,""arcs_processed"":2189,""max_queue"":2189}",37777408,37777408,0,37777408,37777408,0,"","",canonical
cosmadakis,10,0,0,0,3151,3197,6348,"{""N"":627,""arcs_enqueued"":2158,""arcs_processed"":2158,""max_queue"":2158}","{""N"":627,""arcs_enqueued"":2158,""arcs_processed"":2158,""max_queue"":2158}",37777408,37777408,0,37777408,37777408,0,"","",canonical
cosmadakis,11,0,0,0,3157,3157,6314,"{""N"":623,""arcs_enqueued"":2149,""arcs_processed"":2149,""max_queue"":2149}","{""N"":623,""arcs_enqueued"":2149,""arcs_processed"":2149,""max_queue"":2149}",37777408,37777408,0,37777408,37777408,0,"","",canonical
cosmadakis,12,0,0,0,3170,3188,6358,"{""N"":625,""arcs_enqueued"":2171,""arcs_processed"":2171,""max_queue"":2171}","{""N"":625,""arcs_enqueued"":2171,""arcs_processed"":2171,""max_queue"":2171}",37777408,37777408,0,37777408,37777408,0,"","",canonical
cosmadakis,13,0,0,0,3165,3178,6343,"{""N"":626,""arcs_enqueued"":2156,""arcs_processed"":2156,""max_queue"":2156}","{""N"":626,""arcs_enqueued"":2156,""arcs_processed"":2156,""max_queue"":2156}",37777408,37777408,0,37777408,37777408,0,"","",canonical
cosmadakis,14,0,0,0,3158,3154,6312,"{""N"":626,""arcs_enqueued"":2154,""arcs_processed"":2154,""max_queue"":2154}","{""N"":626,""arcs_enqueued"":2154,""arcs_processed"":2154,""max_queue"":2154}",37777408,37777408,0,37777408,37777408,0,"","",canonical
cosmadakis,15,0,0,0,3189,3182,6371,"{""N"":627,""arcs_enqueued"":2169,""arcs_processed"":2169,""max_queue"":2169}","{""N"":627,""arcs_enqueued"":2169,""arcs_processed"":2169,""max_queue"":2169}",37777408,37777408,0,37777408,37777408,0,"","",canonical
