engine,pair_id,u_leq_v,v_leq_u,eq,uv_us,vu_us,total_us,uv_stats,vu_stats,uv_working_set,uv_peak_working_set,uv_private_bytes,vu_working_set,vu_peak_working_set,vu_private_bytes,uv_error,vu_error,representation
cosmadakis,0,0,0,0,63264,40278,103542,"{""N"":2138,""arcs_enqueued"":14556,""arcs_processed"":14556,""max_queue"":14556}","{""N"":2138,""arcs_enqueued"":14556,""arcs_processed"":14556,""max_queue"":14556}",37777408,37777408,0,37777408,37777408,0,"","",canonical
cosmadakis,1,0,0,0,33486,30430,63916,"{""N"":2133,""arcs_enqueued"":14367,""arcs_processed"":14367,""max_queue"":14367}","{""N"":2133,""arcs_enqueued"":14367,""arcs_processed"":14367,""max_queue"":14367}",37777408,37777408,0,37777408,37777408,0,"","",canonical
cosmadakis,2,0,0,0,30163,29998,60161,"{""N"":2123,""arcs_enqueued"":14111,""arcs_processed"":14111,""max_queue"":14111}","{""N"":2123,""arcs_enqueued"":14111,""arcs_processed"":14111,""max_queue"":14111}",37777408,37777408,0,37777408,37777408,0,"","",canonical
cosmadakis,3,0,0,0,30457,30359,60816,"{""N"":2131,""arcs_enqueued"":14353,""arcs_processed"":14353,""max_queue"":14353}","{""N"":2131,""arcs_enqueued"":14353,""arcs_processed"":14353,""max_queue"":14353}",37777408,37777408,0,37777408,37777408,0,"","",canonical
cosmadakis,4,0,0,0,30226,30185,60411,"{""N"":2126,""arcs_enqueued"":14102,""arcs_processed"":14102,""max_queue"":14102}","{""N"":2126,""arcs_enqueued"":14102,""arcs_processed"":14102,""max_queue"":14102}",37777408,37777408,0,37777408,37777408,0,"","",canonical
cosmadakis,5,0,0,0,29893,29925,59818,"{""N"":2121,""arcs_enqueued"":14064,""arcs_processed"":14064,""max_queue"":14064}","{""N"":2121,""arcs_enqueued"":14064,""arcs_processed"":14064,""max_queue"":14064}",37777408,37777408,0,37777408,37777408,0,"","",canonical
cosmadakis,6,0,0,0,30301,30292,60593,"{""N"":2135,""arcs_enqueued"":14551,""arcs_processed"":14551,""max_queue"":14551}","{""N"":2135,""arcs_enqueued"":14551,""arcs_processed"":14551,""max_queue"":14551}",37777408,37777408,0,37777408,37777408,0,"","",canonical
cosmadakis,7,0,0,0,30538,30498,61036,"{""N"":2134,""arcs_enqueued"":14193,""arcs_processed"":14193,""max_queue"":14193}","{""N"":2134,""arcs_enqueued"":14193,""arcs_processed"":14193,""max_queue"":14193}",37777408,37777408,0,37777408,37777408,0,"","",canonical
cosmadakis,8,0,0,0,30071,29854,59925,"{""N"":2119,""arcs_enqueued"":14017,""arcs_processed"":14017,""max_queue"":14017}","{""N"":2119,""arcs_enqueued"":14017,""arcs_processed"":14017,""max_queue"":14017}",37777408,37777408,0,37777408,37777408,0,"","",canonical
cosmadakis,9,0,0,0,30600,30497,61097,"{""N"":2136,""arcs_enqueued"":14517,""arcs_processed"":14517,""max_queue"":14517}","{""N"":2136,""arcs_enqueued"":14517,""arcs_processed"":14517,""max_queue"":14517}",37777408,37777408,0,37777408,37777408,0,"","",canonical
cosmadakis,10,0,0,0,29862,29912,59774,"{""N"":2119,""arcs_enqueued"":13977,""arcs_processed"":13977,""max_queue"":13977}","{""N"":2119,""arcs_enqueued"":13977,""arcs_processed"":13977,""max_queue"":13977}",37777408,37777408,0,37777408,37777408,0,"","",canonical
cosmadakis,11,0,0,0,30608,30558,61166,"{""N"":2133,""arcs_enqueued"":14510,""arcs_processed"":14510,""max_queue"":14510}","{""N"":2133,""arcs_enqueued"":14510,""arcs_processed"":14510,""max_queue"":14510}",37777408,37777408,0,37777408,37777408,0,"","",canonical
cosmadakis,12,0,0,0,30202,30238,60440,"{""N"":2125,""arcs_enqueued"":14094,""arcs_processed"":14094,""max_queue"":14094}","{""N"":2125,""arcs_enqueued"":14094,""arcs_processed"":14094,""max_queue"":14094}",37777408,37777408,0,37777408,37777408,0,"","",canonical
cosmadakis,13,0,0,0,30191,30191,60382,"{""N"":2124,""arcs_enqueued"":14115,""arcs_processed"":14115,""max_queue"":14115}","{""N"":2124,""arcs_enqueued"":14115,""arcs_processed"":14115,""max_queue"":14115}",37777408,37777408,0,37777408,37777408,0,"","",canonical
cosmadakis,14,0,0,0,30464,30477,60941,"{""N"":2133,""arcs_enqueued"":14169,""arcs_processed"":14169,""max_queue"":14169}","{""N"":2133,""arcs_enqueued"":14169,""arcs_processed"":14169,""max_queue"":14169}",37777408,37777408,0,37777408,37777408,0,"","",canonical
cosmadakis,15,0,0,0,30330,30291,60621,"{""N"":2129,""arcs_enqueued"":14225,""arcs_processed"":14225,""max_queue"":14225}","{""N"":2129,""arcs_enqueued"":14225,""arcs_processed"":14225,""max_queue"":14225}",37777408,37777408,0,37777408,37777408,0,"","",canonical
