engine,pair_id,u_leq_v,v_leq_u,eq,uv_us,vu_us,total_us,uv_stats,vu_stats,uv_working_set,uv_peak_working_set,uv_private_bytes,vu_working_set,vu_peak_working_set,vu_private_bytes,uv_error,vu_error,representation
cosmadakis,0,0,0,0,5331,4146,9477,"{""N"":361,""arcs_enqueued"":974,""arcs_processed"":974,""max_queue"":974}","{""N"":361,""arcs_enqueued"":974,""arcs_processed"":974,""max_queue"":974}",37777408,37777408,0,37777408,37777408,0,"","",canonical
cosmadakis,1,0,0,0,4453,4786,9239,"{""N"":360,""arcs_enqueued"":978,""arcs_processed"":978,""max_queue"":978}","{""N"":360,""arcs_enqueued"":978,""arcs_processed"":978,""max_queue"":978}",37777408,37777408,0,37777408,37777408,0,"","",canonical
cosmadakis,2,0,0,0,4367,3070,7437,"{""N"":355,""arcs_enqueued"":985,""arcs_processed"":985,""max_queue"":985}","{""N"":355,""arcs_enqueued"":985,""arcs_processed"":985,""max_queue"":985}",37777408,37777408,0,37777408,37777408,0,"","",canonical
cosmadakis,3,0,0,0,3160,2812,5972,"{""N"":358,""arcs_enqueued"":1002,""arcs_processed"":1002,""max_queue"":1002}","{""N"":358,""arcs_enqueued"":1002,""arcs_processed"":1002,""max_queue"":1002}",37777408,37777408,0,37777408,37777408,0,"","",canonical
cosmadakis,4,0,0,0,2001,2004,4005,"{""N"":357,""arcs_enqueued"":981,""arcs_processed"":981,""max_queue"":981}","{""N"":357,""arcs_enqueued"":981,""arcs_processed"":981,""max_queue"":981}",37777408,37777408,0,37777408,37777408,0,"","",canonical
cosmadakis,5,0,0,0,1993,1716,3709,"{""N"":355,""arcs_enqueued"":996,""arcs_processed"":996,""max_queue"":996}","{""N"":355,""arcs_enqueued"":996,""arcs_processed"":996,""max_queue"":996}",37777408,37777408,0,37777408,37777408,0,"","",canonical
cosmadakis,6,0,0,0,2458,4801,7259,"{""N"":353,""arcs_enqueued"":998,""arcs_processed"":998,""max_queue"":998}","{""N"":353,""arcs_enqueued"":998,""arcs_processed"":998,""max_queue"":998}",37777408,37777408,0,37777408,37777408,0,"","",canonical
cosmadakis,7,0,0,0,4806,4411,9217,"{""N"":356,""arcs_enqueued"":998,""arcs_processed"":998,""max_queue"":998}","{""N"":356,""arcs_enqueued"":998,""arcs_processed"":998,""max_queue"":998}",37777408,37777408,0,37777408,37777408,0,"","",canonical
cosmadakis,8,0,0,0,3052,3149,6201,"{""N"":361,""arcs_enqueued"":999,""arcs_processed"":999,""max_queue"":999}","{""N"":361,""arcs_enqueued"":999,""arcs_processed"":999,""max_queue"":999}",37777408,37777408,0,37777408,37777408,0,"","",canonical
cosmadakis,9,0,0,0,1995,2008,4003,"{""N"":364,""arcs_enqueued"":971,""arcs_processed"":971,""max_queue"":971}","{""N"":364,""arcs_enqueued"":971,""arcs_processed"":971,""max_queue"":971}",37777408,37777408,0,37777408,37777408,0,"","",canonical
cosmadakis,10,0,0,0,1981,1987,3968,"{""N"":358,""arcs_enqueued"":985,""arcs_processed"":985,""max_queue"":985}","{""N"":358,""arcs_enqueued"":985,""arcs_processed"":985,""max_queue"":985}",37777408,37777408,0,37777408,37777408,0,"","",canonical
cosmadakis,11,0,0,0,1339,1350,2689,"{""N"":359,""arcs_enqueued"":988,""arcs_processed"":988,""max_queue"":988}","{""N"":359,""arcs_enqueued"":988,""arcs_processed"":988,""max_queue"":988}",37777408,37777408,0,37777408,37777408,0,"","",canonical
cosmadakis,12,0,0,0,1324,1345,2669,"{""N"":351,""arcs_enqueued"":1010,""arcs_processed"":1010,""max_queue"":1010}","{""N"":351,""arcs_enqueued"":1010,""arcs_processed"":1010,""max_queue"":1010}",37777408,37777408,0,37777408,37777408,0,"","",canonical
cosmadakis,13,0,0,0,1338,1344,2682,"{""N"":361,""arcs_enqueued"":989,""arcs_processed"":989,""max_queue"":989}","{""N"":361,""arcs_enqueued"":989,""arcs_processed"":989,""max_queue"":989}",37777408,37777408,0,37777408,37777408,0,"","",canonical
cosmadakis,14,0,0,0,1249,1275,2524,"{""N"":357,""arcs_enqueued"":1013,""arcs_processed"":1013,""max_queue"":1013}","{""N"":357,""arcs_enqueued"":1013,""arcs_processed"":1013,""max_queue"":1013}",37777408,37777408,0,37777408,37777408,0,"","",canonical
cosmadakis,15,0,0,0,1238,1237,2475,"{""N"":355,""arcs_enqueued"":986,""arcs_processed"":986,""max_queue"":986}","{""N"":355,""arcs_enqueued"":986,""arcs_processed"":986,""max_queue"":986}",37777408,37777408,0,37777408,37777408,0,"","",canonical
