engine,pair_id,u_leq_v,v_leq_u,eq,uv_us,vu_us,total_us,uv_stats,vu_stats,uv_working_set,uv_peak_working_set,uv_private_bytes,vu_working_set,vu_peak_working_set,vu_private_bytes,uv_error,vu_error,representation
cosmadakis,0,0,0,0,95,80,175,"{""N"":10,""arcs_enqueued"":18,""arcs_processed"":18,""max_queue"":18}","{""N"":10,""arcs_enqueued"":18,""arcs_processed"":18,""max_queue"":18}",37777408,37777408,0,37777408,37777408,0,"","",canonical
cosmadakis,1,0,0,0,78,70,148,"{""N"":9,""arcs_enqueued"":16,""arcs_processed"":16,""max_queue"":16}","{""N"":9,""arcs_enqueued"":16,""arcs_processed"":16,""max_queue"":16}",37777408,37777408,0,37777408,37777408,0,"","",canonical
cosmadakis,2,0,0,0,81,86,167,"{""N"":10,""arcs_enqueued"":18,""arcs_processed"":18,""max_queue"":18}","{""N"":10,""arcs_enqueued"":18,""arcs_processed"":18,""max_queue"":18}",37777408,37777408,0,37777408,37777408,0,"","",canonical
cosmadakis,3,0,0,0,71,69,140,"{""N"":9,""arcs_enqueued"":16,""arcs_processed"":16,""max_queue"":16}","{""N"":9,""arcs_enqueued"":16,""arcs_processed"":16,""max_queue"":16}",37777408,37777408,0,37777408,37777408,0,"","",canonical
cosmadakis,4,0,0,0,79,77,156,"{""N"":10,""arcs_enqueued"":18,""arcs_processed"":18,""max_queue"":18}","{""N"":10,""arcs_enqueued"":18,""arcs_processed"":18,""max_queue"":18}",37777408,37777408,0,37777408,37777408,0,"","",canonical
cosmadakis,5,0,0,0,78,76,154,"{""N"":10,""arcs_enqueued"":18,""arcs_processed"":18,""max_queue"":18}","{""N"":10,""arcs_enqueued"":18,""arcs_processed"":18,""max_queue"":18}",37777408,37777408,0,37777408,37777408,0,"","",canonical
cosmadakis,6,1,0,0,77,74,151,"{""N"":9,""arcs_enqueued"":18,""arcs_processed"":18,""max_queue"":18}","{""N"":9,""arcs_enqueued"":18,""arcs_processed"":18,""max_queue"":18}",37777408,37777408,0,37777408,37777408,0,"","",canonical
cosmadakis,7,0,0,0,79,76,155,"{""N"":10,""arcs_enqueued"":18,""arcs_processed"":18,""max_queue"":18}","{""N"":10,""arcs_enqueued"":18,""arcs_processed"":18,""max_queue"":18}",37777408,37777408,0,37777408,37777408,0,"","",canonical
cosmadakis,8,0,0,0,79,76,155,"{""N"":10,""arcs_enqueued"":18,""arcs_processed"":18,""max_queue"":18}","{""N"":10,""arcs_enqueued"":18,""arcs_processed"":18,""max_queue"":18}",37777408,37777408,0,37777408,37777408,0,"","",canonical
cosmadakis,9,1,0,0,76,74,150,"{""N"":9,""arcs_enqueued"":18,""arcs_processed"":18,""max_queue"":18}","{""N"":9,""arcs_enqueued"":18,""arcs_processed"":18,""max_queue"":18}",37777408,37777408,0,37777408,37777408,0,"","",canonical
cosmadakis,10,0,0,0,71,69,140,"{""N"":9,""arcs_enqueued"":16,""arcs_processed"":16,""max_queue"":16}","{""N"":9,""arcs_enqueued"":16,""arcs_processed"":16,""max_queue"":16}",37777408,37777408,0,37777408,37777408,0,"","",canonical
cosmadakis,11,0,0,0,79,76,155,"{""N"":10,""arcs_enqueued"":18,""arcs_processed"":18,""max_queue"":18}","{""N"":10,""arcs_enqueued"":18,""arcs_processed"":18,""max_queue"":18}",37777408,37777408,0,37777408,37777408,0,"","",canonical
cosmadakis,12,1,0,0,76,75,151,"{""N"":9,""arcs_enqueued"":18,""arcs_processed"":18,""max_queue"":18}","{""N"":9,""arcs_enqueued"":18,""arcs_processed"":18,""max_queue"":18}",37777408,37777408,0,37777408,37777408,0,"","",canonical
cosmadakis,13,0,0,0,78,76,154,"{""N"":10,""arcs_enqueued"":18,""arcs_processed"":18,""max_queue"":18}","{""N"":10,""arcs_enqueued"":18,""arcs_processed"":18,""max_queue"":18}",37777408,37777408,0,37777408,37777408,0,"","",canonical
cosmadakis,14,0,0,0,79,76,155,"{""N"":10,""arcs_enqueued"":18,""arcs_processed"":18,""max_queue"":18}","{""N"":10,""arcs_enqueued"":18,""arcs_processed"":18,""max_queue"":18}",37777408,37777408,0,37777408,37777408,0,"","",canonical
cosmadakis,15,0,0,0,78,77,155,"{""N"":10,""arcs_enqueued"":18,""arcs_processed"":18,""max_queue"":18}","{""N"":10,""arcs_enqueued"":18,""arcs_processed"":18,""max_queue"":18}",37777408,37777408,0,37777408,37777408,0,"","",canonical
