engine,pair_id,u_leq_v,v_leq_u,eq,uv_us,vu_us,total_us,uv_stats,vu_stats,uv_working_set,uv_peak_working_set,uv_private_bytes,vu_working_set,vu_peak_working_set,vu_private_bytes,uv_error,vu_error,representation
cosmadakis,0,0,0,0,11377,11085,22462,"{""N"":1138,""arcs_enqueued"":5388,""arcs_processed"":5388,""max_queue"":5388}","{""N"":1138,""arcs_enqueued"":5388,""arcs_processed"":5388,""max_queue"":5388}",37777408,37777408,0,37777408,37777408,0,"","",canonical
cosmadakis,1,0,0,0,10105,10173,20278,"{""N"":1128,""arcs_enqueued"":5263,""arcs_processed"":5263,""max_queue"":5263}","{""N"":1128,""arcs_enqueued"":5263,""arcs_processed"":5263,""max_queue"":5263}",37777408,37777408,0,37777408,37777408,0,"","",canonical
cosmadakis,2,0,0,0,10259,18079,28338,"{""N"":1135,""arcs_enqueued"":5275,""arcs_processed"":5275,""max_queue"":5275}","{""N"":1135,""arcs_enqueued"":5275,""arcs_processed"":5275,""max_queue"":5275}",37777408,37777408,0,37777408,37777408,0,"","",canonical
cosmadakis,3,0,0,0,14985,10040,25025,"{""N"":1130,""arcs_enqueued"":5222,""arcs_processed"":5222,""max_queue"":5222}","{""N"":1130,""arcs_enqueued"":5222,""arcs_processed"":5222,""max_queue"":5222}",37777408,37777408,0,37777408,37777408,0,"","",canonical
cosmadakis,4,0,0,0,9186,9200,18386,"{""N"":1136,""arcs_enqueued"":5329,""arcs_processed"":5329,""max_queue"":5329}","{""N"":1136,""arcs_enqueued"":5329,""arcs_processed"":5329,""max_queue"":5329}",37777408,37777408,0,37777408,37777408,0,"","",canonical
cosmadakis,5,0,0,0,9105,9175,18280,"{""N"":1133,""arcs_enqueued"":5308,""arcs_processed"":5308,""max_queue"":5308}","{""N"":1133,""arcs_enqueued"":5308,""arcs_processed"":5308,""max_queue"":5308}",37777408,37777408,0,37777408,37777408,0,"","",canonical
cosmadakis,6,0,0,0,8949,8988,17937,"{""N"":1129,""arcs_enqueued"":5177,""arcs_processed"":5177,""max_queue"":5177}","{""N"":1129,""arcs_enqueued"":5177,""arcs_processed"":5177,""max_queue"":5177}",37777408,37777408,0,37777408,37777408,0,"","",canonical
cosmadakis,7,0,0,0,8852,8923,17775,"{""N"":1129,""arcs_enqueued"":5232,""arcs_processed"":5232,""max_queue"":5232}","{""N"":1129,""arcs_enqueued"":5232,""arcs_processed"":5232,""max_queue"":5232}",37777408,37777408,0,37777408,37777408,0,"","",canonical
cosmadakis,8,0,0,0,8956,8990,17946,"{""N"":1133,""arcs_enqueued"":5168,""arcs_processed"":5168,""max_queue"":5168}","{""N"":1133,""arcs_enqueued"":5168,""arcs_processed"":5168,""max_queue"":5168}",37777408,37777408,0,37777408,37777408,0,"","",canonical
cosmadakis,9,0,0,0,8999,8992,17991,"{""N"":1129,""arcs_enqueued"":5173,""arcs_processed"":5173,""max_queue"":5173}","{""N"":1129,""arcs_enqueued"":5173,""arcs_processed"":5173,""max_queue"":5173}",37777408,37777408,0,37777408,37777408,0,"","",canonical
cosmadakis,10,0,0,0,8961,9075,18036,"{""N"":1132,""arcs_enqueued"":5240,""arcs_processed"":5240,""max_queue"":5240}","{""N"":1132,""arcs_enqueued"":5240,""arcs_processed"":5240,""max_queue"":5240}",37777408,37777408,0,37777408,37777408,0,"","",canonical
cosmadakis,11,0,0,0,8817,8870,17687,"{""N"":1129,""arcs_enqueued"":5147,""arcs_processed"":5147,""max_queue"":5147}","{""N"":1129,""arcs_enqueued"":5147,""arcs_processed"":5147,""max_queue"":5147}",37777408,37777408,0,37777408,37777408,0,"","",canonical
cosmadakis,12,0,0,0,8938,8999,17937,"{""N"":1131,""arcs_enqueued"":5137,""arcs_processed"":5137,""max_queue"":5137}","{""N"":1131,""arcs_enqueued"":5137,""arcs_processed"":5137,""max_queue"":5137}",37777408,37777408,0,37777408,37777408,0,"","",canonical
cosmadakis,13,0,0,0,8930,8983,17913,"{""N"":1134,""arcs_enqueued"":5303,""arcs_processed"":5303,""max_queue"":5303}","{""N"":1134,""arcs_enqueued"":5303,""arcs_processed"":5303,""max_queue"":5303}",37777408,37777408,0,37777408,37777408,0,"","",canonical
cosmadakis,14,0,0,0,9167,9209,18376,"{""N"":1137,""arcs_enqueued"":5354,""arcs_processed"":5354,""max_queue"":5354}","{""N"":1137,""arcs_enqueued"":5354,""arcs_processed"":5354,""max_queue"":5354}",37777408,37777408,0,37777408,37777408,0,"","",canonical
cosmadakis,15,0,0,0,8957,8995,17952,"{""N"":1130,""arcs_enqueued"":5186,""arcs_processed"":5186,""max_queue"":5186}","{""N"":1130,""arcs_enqueued"":5186,""arcs_processed"":5186,""max_queue"":5186}",37777408,37777408,0,37777408,37777408,0,"","",canonical
