engine,pair_id,u_leq_v,v_leq_u,eq,uv_us,vu_us,total_us,uv_stats,vu_stats,uv_working_set,uv_peak_working_set,uv_private_bytes,vu_working_set,vu_peak_working_set,vu_private_bytes,uv_error,vu_error,representation
freese,0,0,0,0,68463,7353,75816,"{""recursive_calls"":155121,""memo_hits"":48663,""branch_attempts"":36043,""branch_successes"":144,""max_stack"":23}","{""recursive_calls"":12906,""memo_hits"":1982,""branch_attempts"":2728,""branch_successes"":0,""max_stack"":23}",37777408,37777408,0,37777408,37777408,0,"","",canonical
freese,1,0,0,0,65394,4968,70362,"{""recursive_calls"":153541,""memo_hits"":48171,""branch_attempts"":35579,""branch_successes"":187,""max_stack"":23}","{""recursive_calls"":12289,""memo_hits"":2088,""branch_attempts"":2542,""branch_successes"":0,""max_stack"":23}",37777408,37777408,0,37777408,37777408,0,"","",canonical
freese,2,0,0,0,64686,17151,81837,"{""recursive_calls"":153097,""memo_hits"":47730,""branch_attempts"":35433,""branch_successes"":155,""max_stack"":23}","{""recursive_calls"":12660,""memo_hits"":2095,""branch_attempts"":2635,""branch_successes"":0,""max_stack"":23}",37777408,37777408,0,37777408,37777408,0,"","",canonical
freese,3,0,0,0,64689,4963,69652,"{""recursive_calls"":152840,""memo_hits"":47708,""branch_attempts"":35430,""branch_successes"":184,""max_stack"":23}","{""recursive_calls"":12352,""memo_hits"":2144,""branch_attempts"":2542,""branch_successes"":0,""max_stack"":23}",37777408,37777408,0,37777408,37777408,0,"","",canonical
freese,4,0,0,0,64757,5061,69818,"{""recursive_calls"":153212,""memo_hits"":48098,""branch_attempts"":35306,""branch_successes"":122,""max_stack"":23}","{""recursive_calls"":12324,""memo_hits"":2170,""branch_attempts"":2544,""branch_successes"":1,""max_stack"":23}",37777408,37777408,0,37777408,37777408,0,"","",canonical
freese,5,0,0,0,64552,5716,70268,"{""recursive_calls"":152461,""memo_hits"":46411,""branch_attempts"":35483,""branch_successes"":149,""max_stack"":23}","{""recursive_calls"":13277,""memo_hits"":2110,""branch_attempts"":2790,""branch_successes"":0,""max_stack"":23}",37777408,37777408,0,37777408,37777408,0,"","",canonical
freese,6,0,0,0,64828,4999,69827,"{""recursive_calls"":153810,""memo_hits"":48836,""branch_attempts"":35368,""branch_successes"":149,""max_stack"":23}","{""recursive_calls"":12539,""memo_hits"":2326,""branch_attempts"":2542,""branch_successes"":0,""max_stack"":23}",37777408,37777408,0,37777408,37777408,0,"","",canonical
freese,7,0,0,0,64219,4960,69179,"{""recursive_calls"":152188,""memo_hits"":48512,""branch_attempts"":34960,""branch_successes"":167,""max_stack"":23}","{""recursive_calls"":12381,""memo_hits"":2344,""branch_attempts"":2511,""branch_successes"":0,""max_stack"":23}",37777408,37777408,0,37777408,37777408,0,"","",canonical
freese,8,0,0,0,64438,5014,69452,"{""recursive_calls"":152371,""memo_hits"":46986,""branch_attempts"":35411,""branch_successes"":164,""max_stack"":23}","{""recursive_calls"":12386,""memo_hits"":2175,""branch_attempts"":2573,""branch_successes"":0,""max_stack"":23}",37777408,37777408,0,37777408,37777408,0,"","",canonical
freese,9,0,0,0,65112,5537,70649,"{""recursive_calls"":155594,""memo_hits"":49297,""branch_attempts"":35856,""branch_successes"":164,""max_stack"":23}","{""recursive_calls"":12973,""memo_hits"":2040,""branch_attempts"":2728,""branch_successes"":0,""max_stack"":23}",37777408,37777408,0,37777408,37777408,0,"","",canonical
freese,10,0,0,0,64036,5594,69630,"{""recursive_calls"":151346,""memo_hits"":49378,""branch_attempts"":34666,""branch_successes"":178,""max_stack"":23}","{""recursive_calls"":12907,""memo_hits"":1981,""branch_attempts"":2728,""branch_successes"":0,""max_stack"":23}",37777408,37777408,0,37777408,37777408,0,"","",canonical
freese,11,0,0,0,65070,5554,70624,"{""recursive_calls"":154590,""memo_hits"":48363,""branch_attempts"":35909,""branch_successes"":197,""max_stack"":23}","{""recursive_calls"":12659,""memo_hits"":1869,""branch_attempts"":2697,""branch_successes"":0,""max_stack"":23}",37777408,37777408,0,37777408,37777408,0,"","",canonical
freese,12,0,0,0,64715,5435,70150,"{""recursive_calls"":153742,""memo_hits"":48902,""branch_attempts"":35486,""branch_successes"":148,""max_stack"":23}","{""recursive_calls"":12657,""memo_hits"":2096,""branch_attempts"":2635,""branch_successes"":0,""max_stack"":23}",37777408,37777408,0,37777408,37777408,0,"","",canonical
freese,13,0,0,0,63995,4997,68992,"{""recursive_calls"":151052,""memo_hits"":47639,""branch_attempts"":34787,""branch_successes"":170,""max_stack"":23}","{""recursive_calls"":12394,""memo_hits"":2118,""branch_attempts"":2604,""branch_successes"":0,""max_stack"":23}",37777408,37777408,0,37777408,37777408,0,"","",canonical
freese,14,0,0,0,65228,5561,70789,"{""recursive_calls"":155552,""memo_hits"":48533,""branch_attempts"":36079,""branch_successes"":147,""max_stack"":23}","{""recursive_calls"":12847,""memo_hits"":1924,""branch_attempts"":2728,""branch_successes"":0,""max_stack"":23}",37777408,37777408,0,37777408,37777408,0,"","",canonical
freese,15,0,0,0,64817,5543,70360,"{""recursive_calls"":153808,""memo_hits"":47905,""branch_attempts"":35685,""branch_successes"":187,""max_stack"":23}","{""recursive_calls"":12667,""memo_hits"":2215,""branch_attempts"":2635,""branch_successes"":0,""max_stack"":23}",37777408,37777408,0,37777408,37777408,0,"","",canonical
