engine,pair_id,u_leq_v,v_leq_u,eq,uv_us,vu_us,total_us,uv_stats,vu_stats,uv_working_set,uv_peak_working_set,uv_private_bytes,vu_working_set,vu_peak_working_set,vu_private_bytes,uv_error,vu_error,representation
freese,0,0,0,0,5851,998,6849,"{""recursive_calls"":3783,""memo_hits"":774,""branch_attempts"":841,""branch_successes"":4,""max_stack"":13}","{""recursive_calls"":555,""memo_hits"":148,""branch_attempts"":161,""branch_successes"":0,""max_stack"":13}",37777408,37777408,0,37777408,37777408,0,"","",canonical
freese,1,0,0,0,4703,835,5538,"{""recursive_calls"":3874,""memo_hits"":740,""branch_attempts"":870,""branch_successes"":3,""max_stack"":13}","{""recursive_calls"":555,""memo_hits"":148,""branch_attempts"":161,""branch_successes"":0,""max_stack"":13}",37777408,37777408,0,37777408,37777408,0,"","",canonical
freese,2,0,0,0,2978,474,3452,"{""recursive_calls"":3795,""memo_hits"":740,""branch_attempts"":848,""branch_successes"":0,""max_stack"":13}","{""recursive_calls"":485,""memo_hits"":120,""branch_attempts"":139,""branch_successes"":0,""max_stack"":13}",37777408,37777408,0,37777408,37777408,0,"","",canonical
freese,3,0,0,0,2992,479,3471,"{""recursive_calls"":3847,""memo_hits"":773,""branch_attempts"":857,""branch_successes"":3,""max_stack"":13}","{""recursive_calls"":555,""memo_hits"":148,""branch_attempts"":161,""branch_successes"":0,""max_stack"":13}",37777408,37777408,0,37777408,37777408,0,"","",canonical
freese,4,0,0,0,1969,304,2273,"{""recursive_calls"":3775,""memo_hits"":751,""branch_attempts"":848,""branch_successes"":5,""max_stack"":13}","{""recursive_calls"":555,""memo_hits"":148,""branch_attempts"":161,""branch_successes"":0,""max_stack"":13}",37777408,37777408,0,37777408,37777408,0,"","",canonical
freese,5,0,0,0,1954,357,2311,"{""recursive_calls"":3784,""memo_hits"":771,""branch_attempts"":842,""branch_successes"":3,""max_stack"":13}","{""recursive_calls"":555,""memo_hits"":148,""branch_attempts"":161,""branch_successes"":0,""max_stack"":13}",37777408,37777408,0,37777408,37777408,0,"","",canonical
freese,6,0,0,0,1959,351,2310,"{""recursive_calls"":3763,""memo_hits"":687,""branch_attempts"":855,""branch_successes"":5,""max_stack"":13}","{""recursive_calls"":561,""memo_hits"":160,""branch_attempts"":162,""branch_successes"":2,""max_stack"":13}",37777408,37777408,0,37777408,37777408,0,"","",canonical
freese,7,0,0,0,1644,261,1905,"{""recursive_calls"":3869,""memo_hits"":686,""branch_attempts"":881,""branch_successes"":1,""max_stack"":13}","{""recursive_calls"":555,""memo_hits"":148,""branch_attempts"":161,""branch_successes"":0,""max_stack"":13}",37777408,37777408,0,37777408,37777408,0,"","",canonical
freese,8,0,0,0,3255,1045,4300,"{""recursive_calls"":3766,""memo_hits"":769,""branch_attempts"":834,""branch_successes"":1,""max_stack"":13}","{""recursive_calls"":555,""memo_hits"":148,""branch_attempts"":161,""branch_successes"":0,""max_stack"":13}",37777408,37777408,0,37777408,37777408,0,"","",canonical
freese,9,0,0,0,5764,993,6757,"{""recursive_calls"":3812,""memo_hits"":740,""branch_attempts"":854,""branch_successes"":3,""max_stack"":13}","{""recursive_calls"":541,""memo_hits"":155,""branch_attempts"":154,""branch_successes"":0,""max_stack"":13}",37777408,37777408,0,37777408,37777408,0,"","",canonical
freese,10,0,0,0,3468,703,4171,"{""recursive_calls"":3641,""memo_hits"":765,""branch_attempts"":802,""branch_successes"":1,""max_stack"":13}","{""recursive_calls"":621,""memo_hits"":162,""branch_attempts"":186,""branch_successes"":5,""max_stack"":13}",37777408,37777408,0,37777408,37777408,0,"","",canonical
freese,11,0,0,0,3554,433,3987,"{""recursive_calls"":3769,""memo_hits"":713,""branch_attempts"":848,""branch_successes"":0,""max_stack"":13}","{""recursive_calls"":574,""memo_hits"":152,""branch_attempts"":169,""branch_successes"":2,""max_stack"":13}",37777408,37777408,0,37777408,37777408,0,"","",canonical
freese,12,0,0,0,2477,483,2960,"{""recursive_calls"":3848,""memo_hits"":717,""branch_attempts"":872,""branch_successes"":2,""max_stack"":13}","{""recursive_calls"":614,""memo_hits"":166,""branch_attempts"":183,""branch_successes"":5,""max_stack"":13}",37777408,37777408,0,37777408,37777408,0,"","",canonical
freese,13,0,0,0,2437,415,2852,"{""recursive_calls"":3807,""memo_hits"":722,""branch_attempts"":862,""branch_successes"":5,""max_stack"":13}","{""recursive_calls"":524,""memo_hits"":129,""branch_attempts"":155,""branch_successes"":4,""max_stack"":13}",37777408,37777408,0,37777408,37777408,0,"","",canonical
freese,14,0,0,0,1561,283,1844,"{""recursive_calls"":3661,""memo_hits"":717,""branch_attempts"":823,""branch_successes"":4,""max_stack"":13}","{""recursive_calls"":539,""memo_hits"":161,""branch_attempts"":154,""branch_successes"":2,""max_stack"":13}",37777408,37777408,0,37777408,37777408,0,"","",canonical
freese,15,0,0,0,1633,301,1934,"{""recursive_calls"":3836,""memo_hits"":713,""branch_attempts"":866,""branch_successes"":1,""max_stack"":13}","{""recursive_calls"":574,""memo_hits"":152,""branch_attempts"":169,""branch_successes"":2,""max_stack"":13}",37777408,37777408,0,37777408,37777408,0,"","",canonical
