engine,pair_id,u_leq_v,v_leq_u,eq,uv_us,vu_us,total_us,uv_stats,vu_stats,uv_working_set,uv_peak_working_set,uv_private_bytes,vu_working_set,vu_peak_working_set,vu_private_bytes,uv_error,vu_error,representation
freese,0,0,0,0,47,2,49,"{""recursive_calls"":41,""memo_hits"":16,""branch_attempts"":9,""branch_successes"":0,""max_stack"":3}","{""recursive_calls"":2,""memo_hits"":0,""branch_attempts"":0,""branch_successes"":0,""max_stack"":2}",37777408,37777408,0,37777408,37777408,0,"","",canonical
freese,1,0,0,0,39,2,41,"{""recursive_calls"":32,""memo_hits"":12,""branch_attempts"":8,""branch_successes"":0,""max_stack"":3}","{""recursive_calls"":2,""memo_hits"":0,""branch_attempts"":0,""branch_successes"":0,""max_stack"":2}",37777408,37777408,0,37777408,37777408,0,"","",canonical
freese,2,0,0,0,41,2,43,"{""recursive_calls"":41,""memo_hits"":16,""branch_attempts"":9,""branch_successes"":0,""max_stack"":3}","{""recursive_calls"":2,""memo_hits"":0,""branch_attempts"":0,""branch_successes"":0,""max_stack"":2}",37777408,37777408,0,37777408,37777408,0,"","",canonical
freese,3,0,0,0,34,2,36,"{""recursive_calls"":32,""memo_hits"":12,""branch_attempts"":8,""branch_successes"":0,""max_stack"":3}","{""recursive_calls"":2,""memo_hits"":0,""branch_attempts"":0,""branch_successes"":0,""max_stack"":2}",37777408,37777408,0,37777408,37777408,0,"","",canonical
freese,4,0,0,0,40,2,42,"{""recursive_calls"":41,""memo_hits"":16,""branch_attempts"":9,""branch_successes"":0,""max_stack"":3}","{""recursive_calls"":2,""memo_hits"":0,""branch_attempts"":0,""branch_successes"":0,""max_stack"":2}",37777408,37777408,0,37777408,37777408,0,"","",canonical
freese,5,0,0,0,39,2,41,"{""recursive_calls"":41,""memo_hits"":16,""branch_attempts"":9,""branch_successes"":0,""max_stack"":3}","{""recursive_calls"":2,""memo_hits"":0,""branch_attempts"":0,""branch_successes"":0,""max_stack"":2}",37777408,37777408,0,37777408,37777408,0,"","",canonical
freese,6,1,0,0,10,2,12,"{""recursive_calls"":5,""memo_hits"":0,""branch_attempts"":2,""branch_successes"":2,""max_stack"":3}","{""recursive_calls"":2,""memo_hits"":0,""branch_attempts"":0,""branch_successes"":0,""max_stack"":2}",37777408,37777408,0,37777408,37777408,0,"","",canonical
freese,7,0,0,0,39,2,41,"{""recursive_calls"":41,""memo_hits"":16,""branch_attempts"":9,""branch_successes"":0,""max_stack"":3}","{""recursive_calls"":2,""memo_hits"":0,""branch_attempts"":0,""branch_successes"":0,""max_stack"":2}",37777408,37777408,0,37777408,37777408,0,"","",canonical
freese,8,0,0,0,40,2,42,"{""recursive_calls"":41,""memo_hits"":16,""branch_attempts"":9,""branch_successes"":0,""max_stack"":3}","{""recursive_calls"":2,""memo_hits"":0,""branch_attempts"":0,""branch_successes"":0,""max_stack"":2}",37777408,37777408,0,37777408,37777408,0,"","",canonical
freese,9,1,0,0,11,2,13,"{""recursive_calls"":6,""memo_hits"":0,""branch_attempts"":2,""branch_successes"":2,""max_stack"":3}","{""recursive_calls"":2,""memo_hits"":0,""branch_attempts"":0,""branch_successes"":0,""max_stack"":2}",37777408,37777408,0,37777408,37777408,0,"","",canonical
freese,10,0,0,0,34,2,36,"{""recursive_calls"":32,""memo_hits"":12,""branch_attempts"":8,""branch_successes"":0,""max_stack"":3}","{""recursive_calls"":2,""memo_hits"":0,""branch_attempts"":0,""branch_successes"":0,""max_stack"":2}",37777408,37777408,0,37777408,37777408,0,"","",canonical
freese,11,0,0,0,39,2,41,"{""recursive_calls"":41,""memo_hits"":16,""branch_attempts"":9,""branch_successes"":0,""max_stack"":3}","{""recursive_calls"":2,""memo_hits"":0,""branch_attempts"":0,""branch_successes"":0,""max_stack"":2}",37777408,37777408,0,37777408,37777408,0,"","",canonical
freese,12,1,0,0,10,2,12,"{""recursive_calls"":5,""memo_hits"":0,""branch_attempts"":2,""branch_successes"":2,""max_stack"":3}","{""recursive_calls"":2,""memo_hits"":0,""branch_attempts"":0,""branch_successes"":0,""max_stack"":2}",37777408,37777408,0,37777408,37777408,0,"","",canonical
freese,13,0,0,0,40,2,42,"{""recursive_calls"":41,""memo_hits"":16,""branch_attempts"":9,""branch_successes"":0,""max_stack"":3}","{""recursive_calls"":2,""memo_hits"":0,""branch_attempts"":0,""branch_successes"":0,""max_stack"":2}",37777408,37777408,0,37777408,37777408,0,"","",canonical
freese,14,0,0,0,39,2,41,"{""recursive_calls"":41,""memo_hits"":16,""branch_attempts"":9,""branch_successes"":0,""max_stack"":3}","{""recursive_calls"":2,""memo_hits"":0,""branch_attempts"":0,""branch_successes"":0,""max_stack"":2}",37777408,37777408,0,37777408,37777408,0,"","",canonical
freese,15,0,0,0,39,2,41,"{""recursive_calls"":41,""memo_hits"":16,""branch_attempts"":9,""branch_successes"":0,""max_stack"":3}","{""recursive_calls"":2,""memo_hits"":0,""branch_attempts"":0,""branch_successes"":0,""max_stack"":2}",37777408,37777408,0,37777408,37777408,0,"","",canonical
