engine,pair_id,u_leq_v,v_leq_u,eq,uv_us,vu_us,total_us,uv_stats,vu_stats,uv_working_set,uv_peak_working_set,uv_private_bytes,vu_working_set,vu_peak_working_set,vu_private_bytes,uv_error,vu_error,representation
freese,0,0,0,0,16207,1851,18058,"{""recursive_calls"":16579,""memo_hits"":3652,""branch_attempts"":3718,""branch_successes"":13,""max_stack"":17}","{""recursive_calls"":2516,""memo_hits"":693,""branch_attempts"":711,""branch_successes"":6,""max_stack"":17}",37777408,37777408,0,37777408,37777408,0,"","",canonical
freese,1,0,0,0,7383,1107,8490,"{""recursive_calls"":16515,""memo_hits"":3455,""branch_attempts"":3684,""branch_successes"":9,""max_stack"":17}","{""recursive_calls"":2606,""memo_hits"":699,""branch_attempts"":744,""branch_successes"":9,""max_stack"":17}",37777408,37777408,0,37777408,37777408,0,"","",canonical
freese,2,0,0,0,6981,989,7970,"{""recursive_calls"":16871,""memo_hits"":3613,""branch_attempts"":3780,""branch_successes"":13,""max_stack"":17}","{""recursive_calls"":2545,""memo_hits"":684,""branch_attempts"":721,""branch_successes"":4,""max_stack"":17}",37777408,37777408,0,37777408,37777408,0,"","",canonical
freese,3,0,0,0,7082,949,8031,"{""recursive_calls"":16912,""memo_hits"":3710,""branch_attempts"":3806,""branch_successes"":9,""max_stack"":17}","{""recursive_calls"":2379,""memo_hits"":709,""branch_attempts"":653,""branch_successes"":2,""max_stack"":17}",37777408,37777408,0,37777408,37777408,0,"","",canonical
freese,4,0,0,0,7021,956,7977,"{""recursive_calls"":17052,""memo_hits"":3813,""branch_attempts"":3784,""branch_successes"":12,""max_stack"":17}","{""recursive_calls"":2466,""memo_hits"":703,""branch_attempts"":688,""branch_successes"":4,""max_stack"":17}",37777408,37777408,0,37777408,37777408,0,"","",canonical
freese,5,0,0,0,6635,977,7612,"{""recursive_calls"":16489,""memo_hits"":3713,""branch_attempts"":3666,""branch_successes"":11,""max_stack"":17}","{""recursive_calls"":2493,""memo_hits"":705,""branch_attempts"":699,""branch_successes"":6,""max_stack"":17}",37777408,37777408,0,37777408,37777408,0,"","",canonical
freese,6,0,0,0,6629,909,7538,"{""recursive_calls"":16389,""memo_hits"":3691,""branch_attempts"":3615,""branch_successes"":6,""max_stack"":17}","{""recursive_calls"":2341,""memo_hits"":645,""branch_attempts"":644,""branch_successes"":0,""max_stack"":17}",37777408,37777408,0,37777408,37777408,0,"","",canonical
freese,7,0,0,0,6631,959,7590,"{""recursive_calls"":16526,""memo_hits"":3475,""branch_attempts"":3722,""branch_successes"":6,""max_stack"":17}","{""recursive_calls"":2442,""memo_hits"":714,""branch_attempts"":676,""branch_successes"":4,""max_stack"":17}",37777408,37777408,0,37777408,37777408,0,"","",canonical
freese,8,0,0,0,6812,911,7723,"{""recursive_calls"":17039,""memo_hits"":3569,""branch_attempts"":3843,""branch_successes"":8,""max_stack"":17}","{""recursive_calls"":2361,""memo_hits"":650,""branch_attempts"":652,""branch_successes"":2,""max_stack"":17}",37777408,37777408,0,37777408,37777408,0,"","",canonical
freese,9,0,0,0,6821,997,7818,"{""recursive_calls"":16880,""memo_hits"":3543,""branch_attempts"":3796,""branch_successes"":11,""max_stack"":17}","{""recursive_calls"":2466,""memo_hits"":703,""branch_attempts"":688,""branch_successes"":4,""max_stack"":17}",37777408,37777408,0,37777408,37777408,0,"","",canonical
freese,10,0,0,0,6613,895,7508,"{""recursive_calls"":16504,""memo_hits"":3818,""branch_attempts"":3616,""branch_successes"":7,""max_stack"":17}","{""recursive_calls"":2261,""memo_hits"":636,""branch_attempts"":623,""branch_successes"":2,""max_stack"":17}",37777408,37777408,0,37777408,37777408,0,"","",canonical
freese,11,0,0,0,6665,953,7618,"{""recursive_calls"":16475,""memo_hits"":3580,""branch_attempts"":3701,""branch_successes"":10,""max_stack"":17}","{""recursive_calls"":2433,""memo_hits"":691,""branch_attempts"":675,""branch_successes"":0,""max_stack"":17}",37777408,37777408,0,37777408,37777408,0,"","",canonical
freese,12,0,0,0,6627,1031,7658,"{""recursive_calls"":16601,""memo_hits"":3487,""branch_attempts"":3715,""branch_successes"":4,""max_stack"":17}","{""recursive_calls"":2483,""memo_hits"":682,""branch_attempts"":698,""branch_successes"":2,""max_stack"":17}",37777408,37777408,0,37777408,37777408,0,"","",canonical
freese,13,0,0,0,6887,965,7852,"{""recursive_calls"":17081,""memo_hits"":3580,""branch_attempts"":3856,""branch_successes"":16,""max_stack"":17}","{""recursive_calls"":2469,""memo_hits"":711,""branch_attempts"":684,""branch_successes"":2,""max_stack"":17}",37777408,37777408,0,37777408,37777408,0,"","",canonical
freese,14,0,0,0,6744,999,7743,"{""recursive_calls"":16723,""memo_hits"":3637,""branch_attempts"":3768,""branch_successes"":11,""max_stack"":17}","{""recursive_calls"":2500,""memo_hits"":687,""branch_attempts"":705,""branch_successes"":4,""max_stack"":17}",37777408,37777408,0,37777408,37777408,0,"","",canonical
freese,15,0,0,0,6910,930,7840,"{""recursive_calls"":16898,""memo_hits"":3554,""branch_attempts"":3803,""branch_successes"":9,""max_stack"":17}","{""recursive_calls"":2404,""memo_hits"":690,""branch_attempts"":668,""branch_successes"":5,""max_stack"":17}",37777408,37777408,0,37777408,37777408,0,"","",canonical
