engine,pair_id,u_leq_v,v_leq_u,eq,uv_us,vu_us,total_us,uv_stats,vu_stats,uv_working_set,uv_peak_working_set,uv_private_bytes,vu_working_set,vu_peak_working_set,vu_private_bytes,uv_error,vu_error,representation
freese,0,0,0,0,48520,7347,55867,"{""recursive_calls"":67460,""memo_hits"":16545,""branch_attempts"":14644,""branch_successes"":32,""max_stack"":21}","{""recursive_calls"":9968,""memo_hits"":2951,""branch_attempts"":2704,""branch_successes"":24,""max_stack"":21}",37777408,37777408,0,37777408,37777408,0,"","",canonical
freese,1,0,0,0,28878,3851,32729,"{""recursive_calls"":67676,""memo_hits"":16307,""branch_attempts"":14759,""branch_successes"":33,""max_stack"":21}","{""recursive_calls"":9726,""memo_hits"":3025,""branch_attempts"":2578,""branch_successes"":14,""max_stack"":21}",37777408,37777408,0,37777408,37777408,0,"","",canonical
freese,2,0,0,0,27516,4057,31573,"{""recursive_calls"":65639,""memo_hits"":16340,""branch_attempts"":14157,""branch_successes"":35,""max_stack"":21}","{""recursive_calls"":10265,""memo_hits"":3058,""branch_attempts"":2779,""branch_successes"":12,""max_stack"":21}",37777408,37777408,0,37777408,37777408,0,"","",canonical
freese,3,0,0,0,28220,3997,32217,"{""recursive_calls"":67133,""memo_hits"":16529,""branch_attempts"":14593,""branch_successes"":34,""max_stack"":21}","{""recursive_calls"":10175,""memo_hits"":3053,""branch_attempts"":2757,""branch_successes"":15,""max_stack"":21}",37777408,37777408,0,37777408,37777408,0,"","",canonical
freese,4,0,0,0,28405,4031,32436,"{""recursive_calls"":67306,""memo_hits"":15933,""branch_attempts"":14760,""branch_successes"":40,""max_stack"":21}","{""recursive_calls"":10183,""memo_hits"":3069,""branch_attempts"":2765,""branch_successes"":24,""max_stack"":21}",37777408,37777408,0,37777408,37777408,0,"","",canonical
freese,5,0,0,0,27574,4082,31656,"{""recursive_calls"":65921,""memo_hits"":16026,""branch_attempts"":14311,""branch_successes"":28,""max_stack"":21}","{""recursive_calls"":10292,""memo_hits"":2944,""branch_attempts"":2824,""branch_successes"":10,""max_stack"":21}",37777408,37777408,0,37777408,37777408,0,"","",canonical
freese,6,0,0,0,28230,4001,32231,"{""recursive_calls"":67353,""memo_hits"":16426,""branch_attempts"":14599,""branch_successes"":22,""max_stack"":21}","{""recursive_calls"":10168,""memo_hits"":3062,""branch_attempts"":2757,""branch_successes"":21,""max_stack"":21}",37777408,37777408,0,37777408,37777408,0,"","",canonical
freese,7,0,0,0,28629,4092,32721,"{""recursive_calls"":69012,""memo_hits"":16767,""branch_attempts"":15033,""branch_successes"":46,""max_stack"":21}","{""recursive_calls"":10352,""memo_hits"":2975,""branch_attempts"":2837,""branch_successes"":12,""max_stack"":21}",37777408,37777408,0,37777408,37777408,0,"","",canonical
freese,8,0,0,0,28865,3877,32742,"{""recursive_calls"":68703,""memo_hits"":15928,""branch_attempts"":15211,""branch_successes"":37,""max_stack"":21}","{""recursive_calls"":9897,""memo_hits"":2933,""branch_attempts"":2665,""branch_successes"":29,""max_stack"":21}",37777408,37777408,0,37777408,37777408,0,"","",canonical
freese,9,0,0,0,28244,4062,32306,"{""recursive_calls"":67519,""memo_hits"":16291,""branch_attempts"":14747,""branch_successes"":39,""max_stack"":21}","{""recursive_calls"":10284,""memo_hits"":3011,""branch_attempts"":2818,""branch_successes"":23,""max_stack"":21}",37777408,37777408,0,37777408,37777408,0,"","",canonical
freese,10,0,0,0,28730,4125,32855,"{""recursive_calls"":68346,""memo_hits"":15980,""branch_attempts"":14985,""branch_successes"":35,""max_stack"":21}","{""recursive_calls"":10535,""memo_hits"":2960,""branch_attempts"":2909,""branch_successes"":16,""max_stack"":21}",37777408,37777408,0,37777408,37777408,0,"","",canonical
freese,11,0,0,0,27915,4020,31935,"{""recursive_calls"":66836,""memo_hits"":16885,""branch_attempts"":14459,""branch_successes"":37,""max_stack"":21}","{""recursive_calls"":10138,""memo_hits"":2884,""branch_attempts"":2778,""branch_successes"":21,""max_stack"":21}",37777408,37777408,0,37777408,37777408,0,"","",canonical
freese,12,0,0,0,27482,3988,31470,"{""recursive_calls"":65411,""memo_hits"":15910,""branch_attempts"":14101,""branch_successes"":26,""max_stack"":21}","{""recursive_calls"":10257,""memo_hits"":3114,""branch_attempts"":2765,""branch_successes"":17,""max_stack"":21}",37777408,37777408,0,37777408,37777408,0,"","",canonical
freese,13,0,0,0,28548,4029,32577,"{""recursive_calls"":67874,""memo_hits"":15708,""branch_attempts"":14929,""branch_successes"":33,""max_stack"":21}","{""recursive_calls"":10161,""memo_hits"":3045,""branch_attempts"":2767,""branch_successes"":25,""max_stack"":21}",37777408,37777408,0,37777408,37777408,0,"","",canonical
freese,14,0,0,0,28323,4017,32340,"{""recursive_calls"":67260,""memo_hits"":15994,""branch_attempts"":14722,""branch_successes"":42,""max_stack"":21}","{""recursive_calls"":10139,""memo_hits"":2921,""branch_attempts"":2779,""branch_successes"":29,""max_stack"":21}",37777408,37777408,0,37777408,37777408,0,"","",canonical
freese,15,0,0,0,28706,4007,32713,"{""recursive_calls"":68734,""memo_hits"":16055,""branch_attempts"":15150,""branch_successes"":42,""max_stack"":21}","{""recursive_calls"":10123,""memo_hits"":3000,""branch_attempts"":2761,""branch_successes"":16,""max_stack"":21}",37777408,37777408,0,37777408,37777408,0,"","",canonical
