engine,pair_id,u_leq_v,v_leq_u,eq,uv_us,vu_us,total_us,uv_stats,vu_stats,uv_working_set,uv_peak_working_set,uv_private_bytes,vu_working_set,vu_peak_working_set,vu_private_bytes,uv_error,vu_error,representation
freese,0,0,0,0,12549,646,13195,"{""recursive_calls"":9628,""memo_hits"":2586,""branch_attempts"":2364,""branch_successes"":11,""max_stack"":15}","{""recursive_calls"":725,""memo_hits"":92,""branch_attempts"":161,""branch_successes"":0,""max_stack"":15}",37777408,37777408,0,37777408,37777408,0,"","",canonical
freese,1,0,0,0,7503,416,7919,"{""recursive_calls"":9839,""memo_hits"":2616,""branch_attempts"":2440,""branch_successes"":22,""max_stack"":15}","{""recursive_calls"":689,""memo_hits"":99,""branch_attempts"":147,""branch_successes"":0,""max_stack"":15}",37777408,37777408,0,37777408,37777408,0,"","",canonical
freese,2,0,0,0,5216,440,5656,"{""recursive_calls"":9680,""memo_hits"":2601,""branch_attempts"":2418,""branch_successes"":26,""max_stack"":15}","{""recursive_calls"":731,""memo_hits"":84,""branch_attempts"":161,""branch_successes"":0,""max_stack"":15}",37777408,37777408,0,37777408,37777408,0,"","",canonical
freese,3,0,0,0,3925,305,4230,"{""recursive_calls"":9788,""memo_hits"":2542,""branch_attempts"":2460,""branch_successes"":22,""max_stack"":15}","{""recursive_calls"":705,""memo_hits"":85,""branch_attempts"":154,""branch_successes"":0,""max_stack"":15}",37777408,37777408,0,37777408,37777408,0,"","",canonical
freese,4,0,0,0,3850,332,4182,"{""recursive_calls"":9744,""memo_hits"":2382,""branch_attempts"":2438,""branch_successes"":17,""max_stack"":15}","{""recursive_calls"":717,""memo_hits"":99,""branch_attempts"":154,""branch_successes"":0,""max_stack"":15}",37777408,37777408,0,37777408,37777408,0,"","",canonical
freese,5,0,0,0,3889,299,4188,"{""recursive_calls"":9706,""memo_hits"":2560,""branch_attempts"":2401,""branch_successes"":14,""max_stack"":15}","{""recursive_calls"":704,""memo_hits"":85,""branch_attempts"":154,""branch_successes"":0,""max_stack"":15}",37777408,37777408,0,37777408,37777408,0,"","",canonical
freese,6,0,0,0,3783,338,4121,"{""recursive_calls"":9538,""memo_hits"":2478,""branch_attempts"":2385,""branch_successes"":11,""max_stack"":15}","{""recursive_calls"":732,""memo_hits"":84,""branch_attempts"":161,""branch_successes"":0,""max_stack"":15}",37777408,37777408,0,37777408,37777408,0,"","",canonical
freese,7,0,0,0,3971,302,4273,"{""recursive_calls"":10080,""memo_hits"":2488,""branch_attempts"":2529,""branch_successes"":12,""max_stack"":15}","{""recursive_calls"":718,""memo_hits"":99,""branch_attempts"":154,""branch_successes"":0,""max_stack"":15}",37777408,37777408,0,37777408,37777408,0,"","",canonical
freese,8,0,0,0,3753,315,4068,"{""recursive_calls"":9540,""memo_hits"":2578,""branch_attempts"":2339,""branch_successes"":11,""max_stack"":15}","{""recursive_calls"":689,""memo_hits"":99,""branch_attempts"":147,""branch_successes"":0,""max_stack"":15}",37777408,37777408,0,37777408,37777408,0,"","",canonical
freese,9,0,0,0,3730,313,4043,"{""recursive_calls"":9532,""memo_hits"":2332,""branch_attempts"":2378,""branch_successes"":9,""max_stack"":15}","{""recursive_calls"":717,""memo_hits"":99,""branch_attempts"":154,""branch_successes"":0,""max_stack"":15}",37777408,37777408,0,37777408,37777408,0,"","",canonical
freese,10,0,0,0,3710,312,4022,"{""recursive_calls"":9612,""memo_hits"":2349,""branch_attempts"":2408,""branch_successes"":17,""max_stack"":15}","{""recursive_calls"":732,""memo_hits"":84,""branch_attempts"":161,""branch_successes"":0,""max_stack"":15}",37777408,37777408,0,37777408,37777408,0,"","",canonical
freese,11,0,0,0,3758,296,4054,"{""recursive_calls"":9705,""memo_hits"":2488,""branch_attempts"":2417,""branch_successes"":11,""max_stack"":15}","{""recursive_calls"":677,""memo_hits"":86,""branch_attempts"":147,""branch_successes"":0,""max_stack"":15}",37777408,37777408,0,37777408,37777408,0,"","",canonical
freese,12,0,0,0,3707,302,4009,"{""recursive_calls"":9516,""memo_hits"":2577,""branch_attempts"":2327,""branch_successes"":13,""max_stack"":15}","{""recursive_calls"":717,""memo_hits"":99,""branch_attempts"":154,""branch_successes"":0,""max_stack"":15}",37777408,37777408,0,37777408,37777408,0,"","",canonical
freese,13,0,0,0,3726,313,4039,"{""recursive_calls"":9578,""memo_hits"":2548,""branch_attempts"":2356,""branch_successes"":13,""max_stack"":15}","{""recursive_calls"":731,""memo_hits"":84,""branch_attempts"":161,""branch_successes"":0,""max_stack"":15}",37777408,37777408,0,37777408,37777408,0,"","",canonical
freese,14,0,0,0,3859,326,4185,"{""recursive_calls"":9548,""memo_hits"":2488,""branch_attempts"":2372,""branch_successes"":16,""max_stack"":15}","{""recursive_calls"":731,""memo_hits"":84,""branch_attempts"":161,""branch_successes"":0,""max_stack"":15}",37777408,37777408,0,37777408,37777408,0,"","",canonical
freese,15,0,0,0,3702,291,3993,"{""recursive_calls"":9618,""memo_hits"":2585,""branch_attempts"":2359,""branch_successes"":12,""max_stack"":15}","{""recursive_calls"":676,""memo_hits"":113,""branch_attempts"":140,""branch_successes"":0,""max_stack"":15}",37777408,37777408,0,37777408,37777408,0,"","",canonical
