engine,pair_id,u_leq_v,v_leq_u,eq,uv_us,vu_us,total_us,uv_stats,vu_stats,uv_working_set,uv_peak_working_set,uv_private_bytes,vu_working_set,vu_peak_working_set,vu_private_bytes,uv_error,vu_error,representation
freese,0,0,0,0,831,82,913,"{""recursive_calls"":1881,""memo_hits"":466,""branch_attempts"":454,""branch_successes"":0,""max_stack"":11}","{""recursive_calls"":147,""memo_hits"":12,""branch_attempts"":33,""branch_successes"":0,""max_stack"":11}",37777408,37777408,0,37777408,37777408,0,"","",canonical
freese,1,0,0,0,826,66,892,"{""recursive_calls"":2002,""memo_hits"":505,""branch_attempts"":492,""branch_successes"":0,""max_stack"":11}","{""recursive_calls"":147,""memo_hits"":12,""branch_attempts"":33,""branch_successes"":0,""max_stack"":11}",37777408,37777408,0,37777408,37777408,0,"","",canonical
freese,2,0,0,0,842,84,926,"{""recursive_calls"":2107,""memo_hits"":531,""branch_attempts"":523,""branch_successes"":5,""max_stack"":11}","{""recursive_calls"":147,""memo_hits"":12,""branch_attempts"":33,""branch_successes"":0,""max_stack"":11}",37777408,37777408,0,37777408,37777408,0,"","",canonical
freese,3,0,0,0,798,79,877,"{""recursive_calls"":1918,""memo_hits"":505,""branch_attempts"":468,""branch_successes"":0,""max_stack"":11}","{""recursive_calls"":147,""memo_hits"":12,""branch_attempts"":33,""branch_successes"":0,""max_stack"":11}",37777408,37777408,0,37777408,37777408,0,"","",canonical
freese,4,0,0,0,949,93,1042,"{""recursive_calls"":1984,""memo_hits"":453,""branch_attempts"":491,""branch_successes"":7,""max_stack"":11}","{""recursive_calls"":147,""memo_hits"":12,""branch_attempts"":33,""branch_successes"":0,""max_stack"":11}",37777408,37777408,0,37777408,37777408,0,"","",canonical
freese,5,0,0,0,1002,96,1098,"{""recursive_calls"":2063,""memo_hits"":520,""branch_attempts"":505,""branch_successes"":1,""max_stack"":11}","{""recursive_calls"":147,""memo_hits"":12,""branch_attempts"":33,""branch_successes"":0,""max_stack"":11}",37777408,37777408,0,37777408,37777408,0,"","",canonical
freese,6,0,0,0,932,97,1029,"{""recursive_calls"":1975,""memo_hits"":519,""branch_attempts"":480,""branch_successes"":0,""max_stack"":11}","{""recursive_calls"":148,""memo_hits"":12,""branch_attempts"":33,""branch_successes"":0,""max_stack"":11}",37777408,37777408,0,37777408,37777408,0,"","",canonical
freese,7,0,0,0,990,95,1085,"{""recursive_calls"":2049,""memo_hits"":495,""branch_attempts"":512,""branch_successes"":2,""max_stack"":11}","{""recursive_calls"":147,""memo_hits"":12,""branch_attempts"":33,""branch_successes"":0,""max_stack"":11}",37777408,37777408,0,37777408,37777408,0,"","",canonical
freese,8,0,0,0,976,97,1073,"{""recursive_calls"":2026,""memo_hits"":529,""branch_attempts"":501,""branch_successes"":6,""max_stack"":11}","{""recursive_calls"":147,""memo_hits"":12,""branch_attempts"":33,""branch_successes"":0,""max_stack"":11}",37777408,37777408,0,37777408,37777408,0,"","",canonical
freese,9,0,0,0,992,96,1088,"{""recursive_calls"":2110,""memo_hits"":510,""branch_attempts"":526,""branch_successes"":3,""max_stack"":11}","{""recursive_calls"":147,""memo_hits"":12,""branch_attempts"":33,""branch_successes"":0,""max_stack"":11}",37777408,37777408,0,37777408,37777408,0,"","",canonical
freese,10,0,0,0,807,50,857,"{""recursive_calls"":2065,""memo_hits"":511,""branch_attempts"":512,""branch_successes"":3,""max_stack"":11}","{""recursive_calls"":129,""memo_hits"":19,""branch_attempts"":27,""branch_successes"":0,""max_stack"":11}",37777408,37777408,0,37777408,37777408,0,"","",canonical
freese,11,0,0,0,770,75,845,"{""recursive_calls"":1980,""memo_hits"":509,""branch_attempts"":488,""branch_successes"":2,""max_stack"":11}","{""recursive_calls"":148,""memo_hits"":12,""branch_attempts"":33,""branch_successes"":0,""max_stack"":11}",37777408,37777408,0,37777408,37777408,0,"","",canonical
freese,12,0,0,0,821,70,891,"{""recursive_calls"":2019,""memo_hits"":511,""branch_attempts"":498,""branch_successes"":3,""max_stack"":11}","{""recursive_calls"":147,""memo_hits"":12,""branch_attempts"":33,""branch_successes"":0,""max_stack"":11}",37777408,37777408,0,37777408,37777408,0,"","",canonical
freese,13,0,0,0,786,63,849,"{""recursive_calls"":1993,""memo_hits"":544,""branch_attempts"":486,""branch_successes"":4,""max_stack"":11}","{""recursive_calls"":147,""memo_hits"":12,""branch_attempts"":33,""branch_successes"":0,""max_stack"":11}",37777408,37777408,0,37777408,37777408,0,"","",canonical
freese,14,0,0,0,750,75,825,"{""recursive_calls"":1933,""memo_hits"":518,""branch_attempts"":468,""branch_successes"":0,""max_stack"":11}","{""recursive_calls"":147,""memo_hits"":12,""branch_attempts"":33,""branch_successes"":0,""max_stack"":11}",37777408,37777408,0,37777408,37777408,0,"","",canonical
freese,15,0,0,0,863,82,945,"{""recursive_calls"":2092,""memo_hits"":496,""branch_attempts"":524,""branch_successes"":3,""max_stack"":11}","{""recursive_calls"":147,""memo_hits"":12,""branch_attempts"":33,""branch_successes"":0,""max_stack"":11}",37777408,37777408,0,37777408,37777408,0,"","",canonical
