engine,pair_id,u_leq_v,v_leq_u,eq,uv_us,vu_us,total_us,uv_stats,vu_stats,uv_working_set,uv_peak_working_set,uv_private_bytes,vu_working_set,vu_peak_working_set,vu_private_bytes,uv_error,vu_error,representation
freese,0,0,0,0,615,35,650,"{""recursive_calls"":329,""memo_hits"":82,""branch_attempts"":76,""branch_successes"":0,""max_stack"":7}","{""recursive_calls"":23,""memo_hits"":0,""branch_attempts"":5,""branch_successes"":0,""max_stack"":7}",37777408,37777408,0,37777408,37777408,0,"","",canonical
freese,1,0,0,0,751,39,790,"{""recursive_calls"":356,""memo_hits"":91,""branch_attempts"":85,""branch_successes"":3,""max_stack"":7}","{""recursive_calls"":23,""memo_hits"":0,""branch_attempts"":5,""branch_successes"":0,""max_stack"":7}",37777408,37777408,0,37777408,37777408,0,"","",canonical
freese,2,0,0,0,698,34,732,"{""recursive_calls"":365,""memo_hits"":87,""branch_attempts"":88,""branch_successes"":2,""max_stack"":7}","{""recursive_calls"":23,""memo_hits"":0,""branch_attempts"":5,""branch_successes"":0,""max_stack"":7}",37777408,37777408,0,37777408,37777408,0,"","",canonical
freese,3,0,0,0,563,34,597,"{""recursive_calls"":318,""memo_hits"":87,""branch_attempts"":72,""branch_successes"":0,""max_stack"":7}","{""recursive_calls"":23,""memo_hits"":0,""branch_attempts"":5,""branch_successes"":0,""max_stack"":7}",37777408,37777408,0,37777408,37777408,0,"","",canonical
freese,4,0,0,0,688,33,721,"{""recursive_calls"":345,""memo_hits"":81,""branch_attempts"":80,""branch_successes"":0,""max_stack"":7}","{""recursive_calls"":23,""memo_hits"":0,""branch_attempts"":5,""branch_successes"":0,""max_stack"":7}",37777408,37777408,0,37777408,37777408,0,"","",canonical
freese,5,0,0,0,688,33,721,"{""recursive_calls"":345,""memo_hits"":81,""branch_attempts"":80,""branch_successes"":0,""max_stack"":7}","{""recursive_calls"":23,""memo_hits"":0,""branch_attempts"":5,""branch_successes"":0,""max_stack"":7}",37777408,37777408,0,37777408,37777408,0,"","",canonical
freese,6,0,0,0,693,33,726,"{""recursive_calls"":364,""memo_hits"":85,""branch_attempts"":88,""branch_successes"":2,""max_stack"":7}","{""recursive_calls"":24,""memo_hits"":0,""branch_attempts"":5,""branch_successes"":0,""max_stack"":7}",37777408,37777408,0,37777408,37777408,0,"","",canonical
freese,7,0,0,0,606,33,639,"{""recursive_calls"":329,""memo_hits"":82,""branch_attempts"":76,""branch_successes"":0,""max_stack"":7}","{""recursive_calls"":23,""memo_hits"":0,""branch_attempts"":5,""branch_successes"":0,""max_stack"":7}",37777408,37777408,0,37777408,37777408,0,"","",canonical
freese,8,0,0,0,664,34,698,"{""recursive_calls"":358,""memo_hits"":90,""branch_attempts"":86,""branch_successes"":3,""max_stack"":7}","{""recursive_calls"":23,""memo_hits"":0,""branch_attempts"":5,""branch_successes"":0,""max_stack"":7}",37777408,37777408,0,37777408,37777408,0,"","",canonical
freese,9,0,0,0,517,33,550,"{""recursive_calls"":294,""memo_hits"":64,""branch_attempts"":64,""branch_successes"":0,""max_stack"":7}","{""recursive_calls"":23,""memo_hits"":0,""branch_attempts"":5,""branch_successes"":0,""max_stack"":7}",37777408,37777408,0,37777408,37777408,0,"","",canonical
freese,10,0,0,0,679,32,711,"{""recursive_calls"":345,""memo_hits"":81,""branch_attempts"":80,""branch_successes"":0,""max_stack"":7}","{""recursive_calls"":23,""memo_hits"":0,""branch_attempts"":5,""branch_successes"":0,""max_stack"":7}",37777408,37777408,0,37777408,37777408,0,"","",canonical
freese,11,0,0,0,677,33,710,"{""recursive_calls"":345,""memo_hits"":81,""branch_attempts"":80,""branch_successes"":0,""max_stack"":7}","{""recursive_calls"":23,""memo_hits"":0,""branch_attempts"":5,""branch_successes"":0,""max_stack"":7}",37777408,37777408,0,37777408,37777408,0,"","",canonical
freese,12,0,0,0,651,33,684,"{""recursive_calls"":345,""memo_hits"":81,""branch_attempts"":80,""branch_successes"":0,""max_stack"":7}","{""recursive_calls"":23,""memo_hits"":0,""branch_attempts"":5,""branch_successes"":0,""max_stack"":7}",37777408,37777408,0,37777408,37777408,0,"","",canonical
freese,13,0,0,0,377,21,398,"{""recursive_calls"":329,""memo_hits"":82,""branch_attempts"":76,""branch_successes"":0,""max_stack"":7}","{""recursive_calls"":23,""memo_hits"":0,""branch_attempts"":5,""branch_successes"":0,""max_stack"":7}",37777408,37777408,0,37777408,37777408,0,"","",canonical
freese,14,0,0,0,443,21,464,"{""recursive_calls"":366,""memo_hits"":85,""branch_attempts"":88,""branch_successes"":2,""max_stack"":7}","{""recursive_calls"":23,""memo_hits"":0,""branch_attempts"":5,""branch_successes"":0,""max_stack"":7}",37777408,37777408,0,37777408,37777408,0,"","",canonical
freese,15,0,0,0,428,22,450,"{""recursive_calls"":345,""memo_hits"":81,""branch_attempts"":80,""branch_successes"":0,""max_stack"":7}","{""recursive_calls"":23,""memo_hits"":0,""branch_attempts"":5,""branch_successes"":0,""max_stack"":7}",37777408,37777408,0,37777408,37777408,0,"","",canonical
