engine,pair_id,u_leq_v,v_leq_u,eq,uv_us,vu_us,total_us,uv_stats,vu_stats,uv_working_set,uv_peak_working_set,uv_private_bytes,vu_working_set,vu_peak_working_set,vu_private_bytes,uv_error,vu_error,representation
freese,0,0,0,0,16710,1773,18483,"{""recursive_calls"":40144,""memo_hits"":11203,""branch_attempts"":9729,""branch_successes"":55,""max_stack"":19}","{""recursive_calls"":3184,""memo_hits"":421,""branch_attempts"":690,""branch_successes"":0,""max_stack"":19}",37777408,37777408,0,37777408,37777408,0,"","",canonical
freese,1,0,0,0,16274,1396,17670,"{""recursive_calls"":39657,""memo_hits"":11335,""branch_attempts"":9532,""branch_successes"":54,""max_stack"":19}","{""recursive_calls"":3124,""memo_hits"":422,""branch_attempts"":675,""branch_successes"":0,""max_stack"":19}",37777408,37777408,0,37777408,37777408,0,"","",canonical
freese,2,0,0,0,16421,1378,17799,"{""recursive_calls"":40256,""memo_hits"":11420,""branch_attempts"":9740,""branch_successes"":43,""max_stack"":19}","{""recursive_calls"":3155,""memo_hits"":482,""branch_attempts"":675,""branch_successes"":0,""max_stack"":19}",37777408,37777408,0,37777408,37777408,0,"","",canonical
freese,3,0,0,0,15621,1306,16927,"{""recursive_calls"":38671,""memo_hits"":11112,""branch_attempts"":9225,""branch_successes"":45,""max_stack"":19}","{""recursive_calls"":3096,""memo_hits"":422,""branch_attempts"":675,""branch_successes"":0,""max_stack"":19}",37777408,37777408,0,37777408,37777408,0,"","",canonical
freese,4,0,0,0,15542,1314,16856,"{""recursive_calls"":38615,""memo_hits"":11478,""branch_attempts"":9166,""branch_successes"":35,""max_stack"":19}","{""recursive_calls"":3126,""memo_hits"":422,""branch_attempts"":675,""branch_successes"":0,""max_stack"":19}",37777408,37777408,0,37777408,37777408,0,"","",canonical
freese,5,0,0,0,15693,1284,16977,"{""recursive_calls"":39374,""memo_hits"":11134,""branch_attempts"":9432,""branch_successes"":36,""max_stack"":19}","{""recursive_calls"":3125,""memo_hits"":481,""branch_attempts"":660,""branch_successes"":0,""max_stack"":19}",37777408,37777408,0,37777408,37777408,0,"","",canonical
freese,6,0,0,0,16110,1245,17355,"{""recursive_calls"":40507,""memo_hits"":11594,""branch_attempts"":9776,""branch_successes"":50,""max_stack"":19}","{""recursive_calls"":2945,""memo_hits"":421,""branch_attempts"":630,""branch_successes"":0,""max_stack"":19}",37777408,37777408,0,37777408,37777408,0,"","",canonical
freese,7,0,0,0,15710,1360,17070,"{""recursive_calls"":39217,""memo_hits"":11069,""branch_attempts"":9469,""branch_successes"":43,""max_stack"":19}","{""recursive_calls"":3126,""memo_hits"":423,""branch_attempts"":675,""branch_successes"":0,""max_stack"":19}",37777408,37777408,0,37777408,37777408,0,"","",canonical
freese,8,0,0,0,16317,1312,17629,"{""recursive_calls"":40456,""memo_hits"":11208,""branch_attempts"":9933,""branch_successes"":57,""max_stack"":19}","{""recursive_calls"":3124,""memo_hits"":422,""branch_attempts"":675,""branch_successes"":0,""max_stack"":19}",37777408,37777408,0,37777408,37777408,0,"","",canonical
freese,9,0,0,0,15813,1336,17149,"{""recursive_calls"":39682,""memo_hits"":10981,""branch_attempts"":9654,""branch_successes"":50,""max_stack"":19}","{""recursive_calls"":3185,""memo_hits"":422,""branch_attempts"":690,""branch_successes"":0,""max_stack"":19}",37777408,37777408,0,37777408,37777408,0,"","",canonical
freese,10,0,0,0,16430,1309,17739,"{""recursive_calls"":41466,""memo_hits"":11366,""branch_attempts"":10192,""branch_successes"":48,""max_stack"":19}","{""recursive_calls"":3097,""memo_hits"":452,""branch_attempts"":660,""branch_successes"":0,""max_stack"":19}",37777408,37777408,0,37777408,37777408,0,"","",canonical
freese,11,0,0,0,16179,1315,17494,"{""recursive_calls"":40533,""memo_hits"":10945,""branch_attempts"":9923,""branch_successes"":44,""max_stack"":19}","{""recursive_calls"":3156,""memo_hits"":451,""branch_attempts"":675,""branch_successes"":0,""max_stack"":19}",37777408,37777408,0,37777408,37777408,0,"","",canonical
freese,12,0,0,0,16154,1272,17426,"{""recursive_calls"":40416,""memo_hits"":11420,""branch_attempts"":9862,""branch_successes"":46,""max_stack"":19}","{""recursive_calls"":3052,""memo_hits"":493,""branch_attempts"":645,""branch_successes"":0,""max_stack"":19}",37777408,37777408,0,37777408,37777408,0,"","",canonical
freese,13,0,0,0,15989,1325,17314,"{""recursive_calls"":39880,""memo_hits"":11259,""branch_attempts"":9743,""branch_successes"":44,""max_stack"":19}","{""recursive_calls"":3153,""memo_hits"":451,""branch_attempts"":675,""branch_successes"":0,""max_stack"":19}",37777408,37777408,0,37777408,37777408,0,"","",canonical
freese,14,0,0,0,15354,1261,16615,"{""recursive_calls"":38007,""memo_hits"":11338,""branch_attempts"":9025,""branch_successes"":52,""max_stack"":19}","{""recursive_calls"":3024,""memo_hits"":467,""branch_attempts"":645,""branch_successes"":0,""max_stack"":19}",37777408,37777408,0,37777408,37777408,0,"","",canonical
freese,15,0,0,0,15564,1261,16825,"{""recursive_calls"":39016,""memo_hits"":11359,""branch_attempts"":9281,""branch_successes"":29,""max_stack"":19}","{""recursive_calls"":3036,""memo_hits"":480,""branch_attempts"":645,""branch_successes"":0,""max_stack"":19}",37777408,37777408,0,37777408,37777408,0,"","",canonical
