engine,pair_id,u_leq_v,v_leq_u,eq,uv_us,vu_us,total_us,uv_stats,vu_stats,uv_working_set,uv_peak_working_set,uv_private_bytes,vu_working_set,vu_peak_working_set,vu_private_bytes,uv_error,vu_error,representation
freese,0,0,0,0,1184,176,1360,"{""recursive_calls"":707,""memo_hits"":131,""branch_attempts"":154,""branch_successes"":3,""max_stack"":9}","{""recursive_calls"":127,""memo_hits"":33,""branch_attempts"":41,""branch_successes"":2,""max_stack"":9}",37777408,37777408,0,37777408,37777408,0,"","",canonical
freese,1,0,0,0,1239,160,1399,"{""recursive_calls"":697,""memo_hits"":116,""branch_attempts"":150,""branch_successes"":0,""max_stack"":9}","{""recursive_calls"":107,""memo_hits"":28,""branch_attempts"":33,""branch_successes"":0,""max_stack"":9}",37777408,37777408,0,37777408,37777408,0,"","",canonical
freese,2,0,0,0,1101,179,1280,"{""recursive_calls"":683,""memo_hits"":127,""branch_attempts"":144,""branch_successes"":0,""max_stack"":9}","{""recursive_calls"":127,""memo_hits"":33,""branch_attempts"":41,""branch_successes"":2,""max_stack"":9}",37777408,37777408,0,37777408,37777408,0,"","",canonical
freese,3,0,0,0,1122,151,1273,"{""recursive_calls"":709,""memo_hits"":127,""branch_attempts"":150,""branch_successes"":0,""max_stack"":9}","{""recursive_calls"":107,""memo_hits"":28,""branch_attempts"":33,""branch_successes"":0,""max_stack"":9}",37777408,37777408,0,37777408,37777408,0,"","",canonical
freese,4,0,0,0,1004,155,1159,"{""recursive_calls"":667,""memo_hits"":138,""branch_attempts"":138,""branch_successes"":0,""max_stack"":9}","{""recursive_calls"":107,""memo_hits"":28,""branch_attempts"":33,""branch_successes"":0,""max_stack"":9}",37777408,37777408,0,37777408,37777408,0,"","",canonical
freese,5,0,0,0,1108,152,1260,"{""recursive_calls"":708,""memo_hits"":132,""branch_attempts"":154,""branch_successes"":3,""max_stack"":9}","{""recursive_calls"":107,""memo_hits"":28,""branch_attempts"":33,""branch_successes"":0,""max_stack"":9}",37777408,37777408,0,37777408,37777408,0,"","",canonical
freese,6,0,0,0,1136,155,1291,"{""recursive_calls"":729,""memo_hits"":115,""branch_attempts"":158,""branch_successes"":1,""max_stack"":9}","{""recursive_calls"":107,""memo_hits"":28,""branch_attempts"":33,""branch_successes"":0,""max_stack"":9}",37777408,37777408,0,37777408,37777408,0,"","",canonical
freese,7,0,0,0,796,101,897,"{""recursive_calls"":723,""memo_hits"":115,""branch_attempts"":156,""branch_successes"":0,""max_stack"":9}","{""recursive_calls"":107,""memo_hits"":28,""branch_attempts"":33,""branch_successes"":0,""max_stack"":9}",37777408,37777408,0,37777408,37777408,0,"","",canonical
freese,8,0,0,0,751,103,854,"{""recursive_calls"":707,""memo_hits"":116,""branch_attempts"":153,""branch_successes"":1,""max_stack"":9}","{""recursive_calls"":107,""memo_hits"":28,""branch_attempts"":33,""branch_successes"":0,""max_stack"":9}",37777408,37777408,0,37777408,37777408,0,"","",canonical
freese,9,0,0,0,748,102,850,"{""recursive_calls"":684,""memo_hits"":128,""branch_attempts"":144,""branch_successes"":0,""max_stack"":9}","{""recursive_calls"":107,""memo_hits"":28,""branch_attempts"":33,""branch_successes"":0,""max_stack"":9}",37777408,37777408,0,37777408,37777408,0,"","",canonical
freese,10,0,0,0,780,77,857,"{""recursive_calls"":720,""memo_hits"":126,""branch_attempts"":157,""branch_successes"":1,""max_stack"":9}","{""recursive_calls"":79,""memo_hits"":18,""branch_attempts"":23,""branch_successes"":0,""max_stack"":9}",37777408,37777408,0,37777408,37777408,0,"","",canonical
freese,11,0,0,0,769,103,872,"{""recursive_calls"":730,""memo_hits"":115,""branch_attempts"":158,""branch_successes"":1,""max_stack"":9}","{""recursive_calls"":107,""memo_hits"":28,""branch_attempts"":33,""branch_successes"":0,""max_stack"":9}",37777408,37777408,0,37777408,37777408,0,"","",canonical
freese,12,0,0,0,758,101,859,"{""recursive_calls"":714,""memo_hits"":127,""branch_attempts"":152,""branch_successes"":1,""max_stack"":9}","{""recursive_calls"":107,""memo_hits"":28,""branch_attempts"":33,""branch_successes"":0,""max_stack"":9}",37777408,37777408,0,37777408,37777408,0,"","",canonical
freese,13,0,0,0,754,105,859,"{""recursive_calls"":708,""memo_hits"":127,""branch_attempts"":150,""branch_successes"":0,""max_stack"":9}","{""recursive_calls"":107,""memo_hits"":28,""branch_attempts"":33,""branch_successes"":0,""max_stack"":9}",37777408,37777408,0,37777408,37777408,0,"","",canonical
freese,14,0,0,0,507,77,584,"{""recursive_calls"":697,""memo_hits"":116,""branch_attempts"":150,""branch_successes"":0,""max_stack"":9}","{""recursive_calls"":126,""memo_hits"":32,""branch_attempts"":41,""branch_successes"":2,""max_stack"":9}",37777408,37777408,0,37777408,37777408,0,"","",canonical
freese,15,0,0,0,505,69,574,"{""recursive_calls"":727,""memo_hits"":131,""branch_attempts"":158,""branch_successes"":2,""max_stack"":9}","{""recursive_calls"":107,""memo_hits"":28,""branch_attempts"":33,""branch_successes"":0,""max_stack"":9}",37777408,37777408,0,37777408,37777408,0,"","",canonical
