engine,pair_id,u_leq_v,v_leq_u,eq,uv_us,vu_us,total_us,uv_stats,vu_stats,uv_working_set,uv_peak_working_set,uv_private_bytes,vu_working_set,vu_peak_working_set,vu_private_bytes,uv_error,vu_error,representation
freese,0,1,0,0,20,2,22,"{""recursive_calls"":9,""memo_hits"":0,""branch_attempts"":2,""branch_successes"":2,""max_stack"":4}","{""recursive_calls"":2,""memo_hits"":0,""branch_attempts"":0,""branch_successes"":0,""max_stack"":2}",37777408,37777408,0,37777408,37777408,0,"","",canonical
freese,1,0,0,0,116,18,134,"{""recursive_calls"":82,""memo_hits"":10,""branch_attempts"":11,""branch_successes"":0,""max_stack"":5}","{""recursive_calls"":15,""memo_hits"":4,""branch_attempts"":5,""branch_successes"":0,""max_stack"":5}",37777408,37777408,0,37777408,37777408,0,"","",canonical
freese,2,0,0,0,111,17,128,"{""recursive_calls"":82,""memo_hits"":10,""branch_attempts"":11,""branch_successes"":0,""max_stack"":5}","{""recursive_calls"":15,""memo_hits"":4,""branch_attempts"":5,""branch_successes"":0,""max_stack"":5}",37777408,37777408,0,37777408,37777408,0,"","",canonical
freese,3,0,0,0,109,17,126,"{""recursive_calls"":83,""memo_hits"":10,""branch_attempts"":11,""branch_successes"":0,""max_stack"":5}","{""recursive_calls"":15,""memo_hits"":4,""branch_attempts"":5,""branch_successes"":0,""max_stack"":5}",37777408,37777408,0,37777408,37777408,0,"","",canonical
freese,4,0,0,0,108,5,113,"{""recursive_calls"":83,""memo_hits"":11,""branch_attempts"":11,""branch_successes"":0,""max_stack"":5}","{""recursive_calls"":5,""memo_hits"":0,""branch_attempts"":1,""branch_successes"":0,""max_stack"":4}",37777408,37777408,0,37777408,37777408,0,"","",canonical
freese,5,0,0,0,109,17,126,"{""recursive_calls"":82,""memo_hits"":10,""branch_attempts"":11,""branch_successes"":0,""max_stack"":5}","{""recursive_calls"":15,""memo_hits"":4,""branch_attempts"":5,""branch_successes"":0,""max_stack"":5}",37777408,37777408,0,37777408,37777408,0,"","",canonical
freese,6,0,0,0,108,17,125,"{""recursive_calls"":82,""memo_hits"":10,""branch_attempts"":11,""branch_successes"":0,""max_stack"":5}","{""recursive_calls"":15,""memo_hits"":4,""branch_attempts"":5,""branch_successes"":0,""max_stack"":5}",37777408,37777408,0,37777408,37777408,0,"","",canonical
freese,7,0,0,0,105,17,122,"{""recursive_calls"":82,""memo_hits"":10,""branch_attempts"":11,""branch_successes"":0,""max_stack"":5}","{""recursive_calls"":15,""memo_hits"":4,""branch_attempts"":5,""branch_successes"":0,""max_stack"":5}",37777408,37777408,0,37777408,37777408,0,"","",canonical
freese,8,0,0,0,97,17,114,"{""recursive_calls"":74,""memo_hits"":11,""branch_attempts"":10,""branch_successes"":0,""max_stack"":5}","{""recursive_calls"":15,""memo_hits"":4,""branch_attempts"":5,""branch_successes"":0,""max_stack"":5}",37777408,37777408,0,37777408,37777408,0,"","",canonical
freese,9,0,0,0,97,17,114,"{""recursive_calls"":74,""memo_hits"":11,""branch_attempts"":10,""branch_successes"":0,""max_stack"":5}","{""recursive_calls"":15,""memo_hits"":4,""branch_attempts"":5,""branch_successes"":0,""max_stack"":5}",37777408,37777408,0,37777408,37777408,0,"","",canonical
freese,10,0,0,0,103,17,120,"{""recursive_calls"":81,""memo_hits"":15,""branch_attempts"":11,""branch_successes"":0,""max_stack"":5}","{""recursive_calls"":15,""memo_hits"":4,""branch_attempts"":5,""branch_successes"":0,""max_stack"":5}",37777408,37777408,0,37777408,37777408,0,"","",canonical
freese,11,1,0,0,17,2,19,"{""recursive_calls"":10,""memo_hits"":0,""branch_attempts"":2,""branch_successes"":2,""max_stack"":4}","{""recursive_calls"":2,""memo_hits"":0,""branch_attempts"":0,""branch_successes"":0,""max_stack"":2}",37777408,37777408,0,37777408,37777408,0,"","",canonical
freese,12,0,0,0,106,17,123,"{""recursive_calls"":82,""memo_hits"":10,""branch_attempts"":11,""branch_successes"":0,""max_stack"":5}","{""recursive_calls"":15,""memo_hits"":4,""branch_attempts"":5,""branch_successes"":0,""max_stack"":5}",37777408,37777408,0,37777408,37777408,0,"","",canonical
freese,13,0,0,0,108,17,125,"{""recursive_calls"":82,""memo_hits"":10,""branch_attempts"":11,""branch_successes"":0,""max_stack"":5}","{""recursive_calls"":15,""memo_hits"":4,""branch_attempts"":5,""branch_successes"":0,""max_stack"":5}",37777408,37777408,0,37777408,37777408,0,"","",canonical
freese,14,0,0,0,118,17,135,"{""recursive_calls"":91,""memo_hits"":10,""branch_attempts"":12,""branch_successes"":1,""max_stack"":5}","{""recursive_calls"":15,""memo_hits"":4,""branch_attempts"":5,""branch_successes"":0,""max_stack"":5}",37777408,37777408,0,37777408,37777408,0,"","",canonical
freese,15,0,0,0,101,17,118,"{""recursive_calls"":74,""memo_hits"":11,""branch_attempts"":10,""branch_successes"":0,""max_stack"":5}","{""recursive_calls"":15,""memo_hits"":4,""branch_attempts"":5,""branch_successes"":0,""max_stack"":5}",37777408,37777408,0,37777408,37777408,0,"","",canonical
