engine,pair_id,u_leq_v,v_leq_u,eq,uv_us,vu_us,total_us,uv_stats,vu_stats,uv_working_set,uv_peak_working_set,uv_private_bytes,vu_working_set,vu_peak_working_set,vu_private_bytes,uv_error,vu_error,representation
hunt,0,0,0,0,1098,1119,2217,"{""RU"":56,""RV"":56,""cells"":3136,""and_checks"":3808,""or_checks"":2798,""max_hU"":4,""max_hV"":4}","{""RU"":56,""RV"":56,""cells"":3136,""and_checks"":2800,""or_checks"":3802,""max_hU"":4,""max_hV"":4}",37777408,37777408,0,37777408,37777408,0,"","",canonical
hunt,1,0,0,0,1097,1132,2229,"{""RU"":58,""RV"":56,""cells"":3248,""and_checks"":3876,""or_checks"":2848,""max_hU"":4,""max_hV"":4}","{""RU"":56,""RV"":58,""cells"":3248,""and_checks"":2850,""or_checks"":3868,""max_hU"":4,""max_hV"":4}",37777408,37777408,0,37777408,37777408,0,"","",canonical
hunt,2,0,0,0,1001,907,1908,"{""RU"":56,""RV"":57,""cells"":3192,""and_checks"":3842,""or_checks"":2825,""max_hU"":4,""max_hV"":4}","{""RU"":57,""RV"":56,""cells"":3192,""and_checks"":2825,""or_checks"":3830,""max_hU"":4,""max_hV"":4}",37777408,37777408,0,37777408,37777408,0,"","",canonical
hunt,3,0,0,0,844,856,1700,"{""RU"":54,""RV"":55,""cells"":2970,""and_checks"":3706,""or_checks"":2725,""max_hU"":4,""max_hV"":4}","{""RU"":55,""RV"":54,""cells"":2970,""and_checks"":2725,""or_checks"":3698,""max_hU"":4,""max_hV"":4}",37777408,37777408,0,37777408,37777408,0,"","",canonical
hunt,4,0,0,0,827,848,1675,"{""RU"":53,""RV"":55,""cells"":2915,""and_checks"":3672,""or_checks"":2700,""max_hU"":4,""max_hV"":4}","{""RU"":55,""RV"":53,""cells"":2915,""and_checks"":2700,""or_checks"":3664,""max_hU"":4,""max_hV"":4}",37777408,37777408,0,37777408,37777408,0,"","",canonical
hunt,5,0,0,0,884,905,1789,"{""RU"":57,""RV"":58,""cells"":3306,""and_checks"":3910,""or_checks"":2873,""max_hU"":4,""max_hV"":4}","{""RU"":58,""RV"":57,""cells"":3306,""and_checks"":2875,""or_checks"":3898,""max_hU"":4,""max_hV"":4}",37777408,37777408,0,37777408,37777408,0,"","",canonical
hunt,6,0,0,0,881,823,1704,"{""RU"":57,""RV"":58,""cells"":3306,""and_checks"":3910,""or_checks"":2871,""max_hU"":4,""max_hV"":4}","{""RU"":58,""RV"":57,""cells"":3306,""and_checks"":2875,""or_checks"":3894,""max_hU"":4,""max_hV"":4}",37777408,37777408,0,37777408,37777408,0,"","",canonical
hunt,7,0,0,0,576,591,1167,"{""RU"":58,""RV"":57,""cells"":3306,""and_checks"":3910,""or_checks"":2875,""max_hU"":4,""max_hV"":4}","{""RU"":57,""RV"":58,""cells"":3306,""and_checks"":2875,""or_checks"":3904,""max_hU"":4,""max_hV"":4}",37777408,37777408,0,37777408,37777408,0,"","",canonical
hunt,8,0,0,0,567,579,1146,"{""RU"":56,""RV"":57,""cells"":3192,""and_checks"":3842,""or_checks"":2825,""max_hU"":4,""max_hV"":4}","{""RU"":57,""RV"":56,""cells"":3192,""and_checks"":2825,""or_checks"":3832,""max_hU"":4,""max_hV"":4}",37777408,37777408,0,37777408,37777408,0,"","",canonical
hunt,9,0,0,0,535,540,1075,"{""RU"":52,""RV"":54,""cells"":2808,""and_checks"":3604,""or_checks"":2650,""max_hU"":4,""max_hV"":4}","{""RU"":54,""RV"":52,""cells"":2808,""and_checks"":2650,""or_checks"":3594,""max_hU"":4,""max_hV"":4}",37777408,37777408,0,37777408,37777408,0,"","",canonical
hunt,10,0,0,0,563,573,1136,"{""RU"":58,""RV"":55,""cells"":3190,""and_checks"":3726,""or_checks"":2825,""max_hU"":4,""max_hV"":4}","{""RU"":55,""RV"":58,""cells"":3190,""and_checks"":2825,""or_checks"":3722,""max_hU"":4,""max_hV"":4}",37777408,37777408,0,37777408,37777408,0,"","",canonical
hunt,11,0,0,0,591,609,1200,"{""RU"":59,""RV"":58,""cells"":3422,""and_checks"":3978,""or_checks"":2923,""max_hU"":4,""max_hV"":4}","{""RU"":58,""RV"":59,""cells"":3422,""and_checks"":2925,""or_checks"":3972,""max_hU"":4,""max_hV"":4}",37777408,37777408,0,37777408,37777408,0,"","",canonical
hunt,12,0,0,0,560,574,1134,"{""RU"":54,""RV"":58,""cells"":3132,""and_checks"":3808,""or_checks"":2798,""max_hU"":4,""max_hV"":4}","{""RU"":58,""RV"":54,""cells"":3132,""and_checks"":2800,""or_checks"":3800,""max_hU"":4,""max_hV"":4}",37777408,37777408,0,37777408,37777408,0,"","",canonical
hunt,13,0,0,0,381,392,773,"{""RU"":56,""RV"":57,""cells"":3192,""and_checks"":3842,""or_checks"":2821,""max_hU"":4,""max_hV"":4}","{""RU"":57,""RV"":56,""cells"":3192,""and_checks"":2825,""or_checks"":3816,""max_hU"":4,""max_hV"":4}",37777408,37777408,0,37777408,37777408,0,"","",canonical
hunt,14,0,0,0,380,388,768,"{""RU"":57,""RV"":55,""cells"":3135,""and_checks"":3808,""or_checks"":2798,""max_hU"":4,""max_hV"":4}","{""RU"":55,""RV"":57,""cells"":3135,""and_checks"":2800,""or_checks"":3798,""max_hU"":4,""max_hV"":4}",37777408,37777408,0,37777408,37777408,0,"","",canonical
hunt,15,0,0,0,395,403,798,"{""RU"":59,""RV"":57,""cells"":3363,""and_checks"":3944,""or_checks"":2898,""max_hU"":4,""max_hV"":4}","{""RU"":57,""RV"":59,""cells"":3363,""and_checks"":2900,""or_checks"":3932,""max_hU"":4,""max_hV"":4}",37777408,37777408,0,37777408,37777408,0,"","",canonical
