engine,pair_id,u_leq_v,v_leq_u,eq,uv_us,vu_us,total_us,uv_stats,vu_stats,uv_working_set,uv_peak_working_set,uv_private_bytes,vu_working_set,vu_peak_working_set,vu_private_bytes,uv_error,vu_error,representation
hunt,0,0,0,0,10282,7849,18131,"{""RU"":205,""RV"":208,""cells"":42640,""and_checks"":59888,""or_checks"":43345,""max_hU"":6,""max_hV"":6}","{""RU"":208,""RV"":205,""cells"":42640,""and_checks"":43365,""or_checks"":59776,""max_hU"":6,""max_hV"":6}",37777408,37777408,0,37777408,37777408,0,"","",canonical
hunt,1,0,0,0,5177,4505,9682,"{""RU"":203,""RV"":205,""cells"":41615,""and_checks"":58748,""or_checks"":42824,""max_hU"":6,""max_hV"":6}","{""RU"":205,""RV"":203,""cells"":41615,""and_checks"":42840,""or_checks"":58628,""max_hU"":6,""max_hV"":6}",37777408,37777408,0,37777408,37777408,0,"","",canonical
hunt,2,0,0,0,3468,3629,7097,"{""RU"":200,""RV"":204,""cells"":40800,""and_checks"":58176,""or_checks"":42402,""max_hU"":6,""max_hV"":6}","{""RU"":204,""RV"":200,""cells"":40800,""and_checks"":42420,""or_checks"":58042,""max_hU"":6,""max_hV"":6}",37777408,37777408,0,37777408,37777408,0,"","",canonical
hunt,3,0,0,0,3151,3283,6434,"{""RU"":202,""RV"":204,""cells"":41208,""and_checks"":58872,""or_checks"":42610,""max_hU"":6,""max_hV"":6}","{""RU"":204,""RV"":202,""cells"":41208,""and_checks"":42628,""or_checks"":58724,""max_hU"":6,""max_hV"":6}",37777408,37777408,0,37777408,37777408,0,"","",canonical
hunt,4,0,0,0,3114,5235,8349,"{""RU"":203,""RV"":202,""cells"":41006,""and_checks"":58320,""or_checks"":42511,""max_hU"":6,""max_hV"":6}","{""RU"":202,""RV"":203,""cells"":41006,""and_checks"":42525,""or_checks"":58198,""max_hU"":6,""max_hV"":6}",37777408,37777408,0,37777408,37777408,0,"","",canonical
hunt,5,0,0,0,11362,7679,19041,"{""RU"":199,""RV"":206,""cells"":40994,""and_checks"":58320,""or_checks"":42507,""max_hU"":6,""max_hV"":6}","{""RU"":206,""RV"":199,""cells"":40994,""and_checks"":42523,""or_checks"":58176,""max_hU"":6,""max_hV"":6}",37777408,37777408,0,37777408,37777408,0,"","",canonical
hunt,6,0,0,0,4865,5014,9879,"{""RU"":205,""RV"":200,""cells"":41000,""and_checks"":58308,""or_checks"":42497,""max_hU"":6,""max_hV"":6}","{""RU"":200,""RV"":205,""cells"":41000,""and_checks"":42523,""or_checks"":58152,""max_hU"":6,""max_hV"":6}",37777408,37777408,0,37777408,37777408,0,"","",canonical
hunt,7,0,0,0,3229,3376,6605,"{""RU"":206,""RV"":205,""cells"":42230,""and_checks"":60006,""or_checks"":42723,""max_hU"":6,""max_hV"":6}","{""RU"":205,""RV"":206,""cells"":42230,""and_checks"":42745,""or_checks"":59846,""max_hU"":6,""max_hV"":6}",37777408,37777408,0,37777408,37777408,0,"","",canonical
hunt,8,0,0,0,3101,3147,6248,"{""RU"":202,""RV"":199,""cells"":40198,""and_checks"":58546,""or_checks"":42099,""max_hU"":6,""max_hV"":6}","{""RU"":199,""RV"":202,""cells"":40198,""and_checks"":42103,""or_checks"":58410,""max_hU"":6,""max_hV"":6}",37777408,37777408,0,37777408,37777408,0,"","",canonical
hunt,9,0,0,0,3129,3285,6414,"{""RU"":207,""RV"":209,""cells"":43263,""and_checks"":60736,""or_checks"":43668,""max_hU"":6,""max_hV"":6}","{""RU"":209,""RV"":207,""cells"":43263,""and_checks"":43680,""or_checks"":60612,""max_hU"":6,""max_hV"":6}",37777408,37777408,0,37777408,37777408,0,"","",canonical
hunt,10,0,0,0,3066,3203,6269,"{""RU"":206,""RV"":202,""cells"":41612,""and_checks"":59568,""or_checks"":42828,""max_hU"":6,""max_hV"":6}","{""RU"":202,""RV"":206,""cells"":41612,""and_checks"":42840,""or_checks"":59422,""max_hU"":6,""max_hV"":6}",37777408,37777408,0,37777408,37777408,0,"","",canonical
hunt,11,0,0,0,3092,3263,6355,"{""RU"":205,""RV"":207,""cells"":42435,""and_checks"":60152,""or_checks"":43254,""max_hU"":6,""max_hV"":6}","{""RU"":207,""RV"":205,""cells"":42435,""and_checks"":43260,""or_checks"":60012,""max_hU"":6,""max_hV"":6}",37777408,37777408,0,37777408,37777408,0,"","",canonical
hunt,12,0,0,0,3027,3254,6281,"{""RU"":199,""RV"":208,""cells"":41392,""and_checks"":58608,""or_checks"":42717,""max_hU"":6,""max_hV"":6}","{""RU"":208,""RV"":199,""cells"":41392,""and_checks"":42735,""or_checks"":58426,""max_hU"":6,""max_hV"":6}",37777408,37777408,0,37777408,37777408,0,"","",canonical
hunt,13,0,0,0,3011,3148,6159,"{""RU"":203,""RV"":200,""cells"":40600,""and_checks"":58438,""or_checks"":42303,""max_hU"":6,""max_hV"":6}","{""RU"":200,""RV"":203,""cells"":40600,""and_checks"":42315,""or_checks"":58338,""max_hU"":6,""max_hV"":6}",37777408,37777408,0,37777408,37777408,0,"","",canonical
hunt,14,0,0,0,3011,3181,6192,"{""RU"":199,""RV"":205,""cells"":40795,""and_checks"":58984,""or_checks"":42402,""max_hU"":6,""max_hV"":6}","{""RU"":205,""RV"":199,""cells"":40795,""and_checks"":42414,""or_checks"":58830,""max_hU"":6,""max_hV"":6}",37777408,37777408,0,37777408,37777408,0,"","",canonical
hunt,15,0,0,0,2985,3139,6124,"{""RU"":198,""RV"":205,""cells"":40590,""and_checks"":58428,""or_checks"":41885,""max_hU"":6,""max_hV"":6}","{""RU"":205,""RV"":198,""cells"":40590,""and_checks"":41905,""or_checks"":58274,""max_hU"":6,""max_hV"":6}",37777408,37777408,0,37777408,37777408,0,"","",canonical
