engine,pair_id,u_leq_v,v_leq_u,eq,uv_us,vu_us,total_us,uv_stats,vu_stats,uv_working_set,uv_peak_working_set,uv_private_bytes,vu_working_set,vu_peak_working_set,vu_private_bytes,uv_error,vu_error,representation
hunt,0,1,0,0,71,61,132,"{""RU"":12,""RV"":12,""cells"":144,""and_checks"":144,""or_checks"":115,""max_hU"":2,""max_hV"":2}","{""RU"":12,""RV"":12,""cells"":144,""and_checks"":120,""or_checks"":144,""max_hU"":2,""max_hV"":2}",37777408,37777408,0,37777408,37777408,0,"","",canonical
hunt,1,0,0,0,64,60,124,"{""RU"":12,""RV"":12,""cells"":144,""and_checks"":144,""or_checks"":120,""max_hU"":2,""max_hV"":2}","{""RU"":12,""RV"":12,""cells"":144,""and_checks"":120,""or_checks"":144,""max_hU"":2,""max_hV"":2}",37777408,37777408,0,37777408,37777408,0,"","",canonical
hunt,2,0,0,0,62,59,121,"{""RU"":12,""RV"":12,""cells"":144,""and_checks"":144,""or_checks"":120,""max_hU"":2,""max_hV"":2}","{""RU"":12,""RV"":12,""cells"":144,""and_checks"":120,""or_checks"":142,""max_hU"":2,""max_hV"":2}",37777408,37777408,0,37777408,37777408,0,"","",canonical
hunt,3,0,0,0,62,59,121,"{""RU"":12,""RV"":12,""cells"":144,""and_checks"":144,""or_checks"":120,""max_hU"":2,""max_hV"":2}","{""RU"":12,""RV"":12,""cells"":144,""and_checks"":120,""or_checks"":142,""max_hU"":2,""max_hV"":2}",37777408,37777408,0,37777408,37777408,0,"","",canonical
hunt,4,0,0,0,60,58,118,"{""RU"":11,""RV"":12,""cells"":132,""and_checks"":138,""or_checks"":115,""max_hU"":2,""max_hV"":2}","{""RU"":12,""RV"":11,""cells"":132,""and_checks"":115,""or_checks"":136,""max_hU"":2,""max_hV"":2}",37777408,37777408,0,37777408,37777408,0,"","",canonical
hunt,5,0,0,0,61,59,120,"{""RU"":12,""RV"":12,""cells"":144,""and_checks"":144,""or_checks"":120,""max_hU"":2,""max_hV"":2}","{""RU"":12,""RV"":12,""cells"":144,""and_checks"":120,""or_checks"":144,""max_hU"":2,""max_hV"":2}",37777408,37777408,0,37777408,37777408,0,"","",canonical
hunt,6,0,0,0,79,68,147,"{""RU"":12,""RV"":12,""cells"":144,""and_checks"":144,""or_checks"":120,""max_hU"":2,""max_hV"":2}","{""RU"":12,""RV"":12,""cells"":144,""and_checks"":120,""or_checks"":144,""max_hU"":2,""max_hV"":2}",37777408,37777408,0,37777408,37777408,0,"","",canonical
hunt,7,0,0,0,69,66,135,"{""RU"":12,""RV"":11,""cells"":132,""and_checks"":138,""or_checks"":115,""max_hU"":2,""max_hV"":2}","{""RU"":11,""RV"":12,""cells"":132,""and_checks"":115,""or_checks"":138,""max_hU"":2,""max_hV"":2}",37777408,37777408,0,37777408,37777408,0,"","",canonical
hunt,8,0,0,0,69,66,135,"{""RU"":12,""RV"":11,""cells"":132,""and_checks"":138,""or_checks"":115,""max_hU"":2,""max_hV"":2}","{""RU"":11,""RV"":12,""cells"":132,""and_checks"":115,""or_checks"":138,""max_hU"":2,""max_hV"":2}",37777408,37777408,0,37777408,37777408,0,"","",canonical
hunt,9,0,0,0,70,66,136,"{""RU"":12,""RV"":11,""cells"":132,""and_checks"":138,""or_checks"":115,""max_hU"":2,""max_hV"":2}","{""RU"":11,""RV"":12,""cells"":132,""and_checks"":115,""or_checks"":138,""max_hU"":2,""max_hV"":2}",37777408,37777408,0,37777408,37777408,0,"","",canonical
hunt,10,0,0,0,66,62,128,"{""RU"":12,""RV"":10,""cells"":120,""and_checks"":108,""or_checks"":110,""max_hU"":2,""max_hV"":2}","{""RU"":10,""RV"":12,""cells"":120,""and_checks"":110,""or_checks"":108,""max_hU"":2,""max_hV"":2}",37777408,37777408,0,37777408,37777408,0,"","",canonical
hunt,11,1,0,0,71,69,140,"{""RU"":12,""RV"":12,""cells"":144,""and_checks"":144,""or_checks"":115,""max_hU"":2,""max_hV"":2}","{""RU"":12,""RV"":12,""cells"":144,""and_checks"":120,""or_checks"":144,""max_hU"":2,""max_hV"":2}",37777408,37777408,0,37777408,37777408,0,"","",canonical
hunt,12,0,0,0,71,68,139,"{""RU"":12,""RV"":12,""cells"":144,""and_checks"":144,""or_checks"":120,""max_hU"":2,""max_hV"":2}","{""RU"":12,""RV"":12,""cells"":144,""and_checks"":120,""or_checks"":144,""max_hU"":2,""max_hV"":2}",37777408,37777408,0,37777408,37777408,0,"","",canonical
hunt,13,0,0,0,71,68,139,"{""RU"":12,""RV"":12,""cells"":144,""and_checks"":144,""or_checks"":120,""max_hU"":2,""max_hV"":2}","{""RU"":12,""RV"":12,""cells"":144,""and_checks"":120,""or_checks"":144,""max_hU"":2,""max_hV"":2}",37777408,37777408,0,37777408,37777408,0,"","",canonical
hunt,14,0,0,0,72,68,140,"{""RU"":12,""RV"":12,""cells"":144,""and_checks"":144,""or_checks"":120,""max_hU"":2,""max_hV"":2}","{""RU"":12,""RV"":12,""cells"":144,""and_checks"":120,""or_checks"":142,""max_hU"":2,""max_hV"":2}",37777408,37777408,0,37777408,37777408,0,"","",canonical
hunt,15,0,0,0,67,65,132,"{""RU"":12,""RV"":10,""cells"":120,""and_checks"":132,""or_checks"":110,""max_hU"":2,""max_hV"":2}","{""RU"":10,""RV"":12,""cells"":120,""and_checks"":110,""or_checks"":132,""max_hU"":2,""max_hV"":2}",37777408,37777408,0,37777408,37777408,0,"","",canonical
