engine,pair_id,u_leq_v,v_leq_u,eq,uv_us,vu_us,total_us,uv_stats,vu_stats,uv_working_set,uv_peak_working_set,uv_private_bytes,vu_working_set,vu_peak_working_set,vu_private_bytes,uv_error,vu_error,representation
hunt,0,0,0,0,376,339,715,"{""RU"":28,""RV"":27,""cells"":756,""and_checks"":550,""or_checks"":933,""max_hU"":3,""max_hV"":3}","{""RU"":27,""RV"":28,""cells"":756,""and_checks"":935,""or_checks"":550,""max_hU"":3,""max_hV"":3}",37777408,37777408,0,37777408,37777408,0,"","",canonical
hunt,1,0,0,0,356,328,684,"{""RU"":26,""RV"":27,""cells"":702,""and_checks"":530,""or_checks"":897,""max_hU"":3,""max_hV"":3}","{""RU"":27,""RV"":26,""cells"":702,""and_checks"":901,""or_checks"":528,""max_hU"":3,""max_hV"":3}",37777408,37777408,0,37777408,37777408,0,"","",canonical
hunt,2,0,0,0,358,337,695,"{""RU"":27,""RV"":28,""cells"":756,""and_checks"":550,""or_checks"":933,""max_hU"":3,""max_hV"":3}","{""RU"":28,""RV"":27,""cells"":756,""and_checks"":935,""or_checks"":550,""max_hU"":3,""max_hV"":3}",37777408,37777408,0,37777408,37777408,0,"","",canonical
hunt,3,0,0,0,347,325,672,"{""RU"":27,""RV"":26,""cells"":702,""and_checks"":530,""or_checks"":901,""max_hU"":3,""max_hV"":3}","{""RU"":26,""RV"":27,""cells"":702,""and_checks"":901,""or_checks"":530,""max_hU"":3,""max_hV"":3}",37777408,37777408,0,37777408,37777408,0,"","",canonical
hunt,4,0,0,0,351,331,682,"{""RU"":27,""RV"":27,""cells"":729,""and_checks"":540,""or_checks"":918,""max_hU"":3,""max_hV"":3}","{""RU"":27,""RV"":27,""cells"":729,""and_checks"":918,""or_checks"":540,""max_hU"":3,""max_hV"":3}",37777408,37777408,0,37777408,37777408,0,"","",canonical
hunt,5,0,0,0,376,341,717,"{""RU"":28,""RV"":28,""cells"":784,""and_checks"":560,""or_checks"":952,""max_hU"":3,""max_hV"":3}","{""RU"":28,""RV"":28,""cells"":784,""and_checks"":952,""or_checks"":560,""max_hU"":3,""max_hV"":3}",37777408,37777408,0,37777408,37777408,0,"","",canonical
hunt,6,0,0,0,351,370,721,"{""RU"":27,""RV"":26,""cells"":702,""and_checks"":530,""or_checks"":845,""max_hU"":3,""max_hV"":3}","{""RU"":26,""RV"":27,""cells"":702,""and_checks"":847,""or_checks"":530,""max_hU"":3,""max_hV"":3}",37777408,37777408,0,37777408,37777408,0,"","",canonical
hunt,7,0,0,0,336,308,644,"{""RU"":27,""RV"":27,""cells"":729,""and_checks"":540,""or_checks"":916,""max_hU"":3,""max_hV"":3}","{""RU"":27,""RV"":27,""cells"":729,""and_checks"":918,""or_checks"":540,""max_hU"":3,""max_hV"":3}",37777408,37777408,0,37777408,37777408,0,"","",canonical
hunt,8,0,0,0,328,308,636,"{""RU"":26,""RV"":28,""cells"":728,""and_checks"":540,""or_checks"":910,""max_hU"":3,""max_hV"":3}","{""RU"":28,""RV"":26,""cells"":728,""and_checks"":918,""or_checks"":540,""max_hU"":3,""max_hV"":3}",37777408,37777408,0,37777408,37777408,0,"","",canonical
hunt,9,0,0,0,319,301,620,"{""RU"":26,""RV"":28,""cells"":728,""and_checks"":540,""or_checks"":862,""max_hU"":3,""max_hV"":3}","{""RU"":28,""RV"":26,""cells"":728,""and_checks"":862,""or_checks"":540,""max_hU"":3,""max_hV"":3}",37777408,37777408,0,37777408,37777408,0,"","",canonical
hunt,10,0,0,0,317,296,613,"{""RU"":25,""RV"":27,""cells"":675,""and_checks"":520,""or_checks"":884,""max_hU"":3,""max_hV"":3}","{""RU"":27,""RV"":25,""cells"":675,""and_checks"":884,""or_checks"":520,""max_hU"":3,""max_hV"":3}",37777408,37777408,0,37777408,37777408,0,"","",canonical
hunt,11,0,0,0,324,305,629,"{""RU"":27,""RV"":27,""cells"":729,""and_checks"":540,""or_checks"":918,""max_hU"":3,""max_hV"":3}","{""RU"":27,""RV"":27,""cells"":729,""and_checks"":918,""or_checks"":540,""max_hU"":3,""max_hV"":3}",37777408,37777408,0,37777408,37777408,0,"","",canonical
hunt,12,0,0,0,335,316,651,"{""RU"":28,""RV"":28,""cells"":784,""and_checks"":560,""or_checks"":948,""max_hU"":3,""max_hV"":3}","{""RU"":28,""RV"":28,""cells"":784,""and_checks"":952,""or_checks"":560,""max_hU"":3,""max_hV"":3}",37777408,37777408,0,37777408,37777408,0,"","",canonical
hunt,13,0,0,0,354,366,720,"{""RU"":28,""RV"":26,""cells"":728,""and_checks"":540,""or_checks"":918,""max_hU"":3,""max_hV"":3}","{""RU"":26,""RV"":28,""cells"":728,""and_checks"":918,""or_checks"":540,""max_hU"":3,""max_hV"":3}",37777408,37777408,0,37777408,37777408,0,"","",canonical
hunt,14,0,0,0,364,340,704,"{""RU"":28,""RV"":28,""cells"":784,""and_checks"":560,""or_checks"":950,""max_hU"":3,""max_hV"":3}","{""RU"":28,""RV"":28,""cells"":784,""and_checks"":952,""or_checks"":558,""max_hU"":3,""max_hV"":3}",37777408,37777408,0,37777408,37777408,0,"","",canonical
hunt,15,0,0,0,363,342,705,"{""RU"":28,""RV"":28,""cells"":784,""and_checks"":560,""or_checks"":952,""max_hU"":3,""max_hV"":3}","{""RU"":28,""RV"":28,""cells"":784,""and_checks"":952,""or_checks"":560,""max_hU"":3,""max_hV"":3}",37777408,37777408,0,37777408,37777408,0,"","",canonical
