engine,pair_id,u_leq_v,v_leq_u,eq,uv_us,vu_us,total_us,uv_stats,vu_stats,uv_working_set,uv_peak_working_set,uv_private_bytes,vu_working_set,vu_peak_working_set,vu_private_bytes,uv_error,vu_error,representation
hunt,0,0,0,0,2885,2716,5601,"{""RU"":103,""RV"":110,""cells"":11330,""and_checks"":10650,""or_checks"":15289,""max_hU"":5,""max_hV"":5}","{""RU"":110,""RV"":103,""cells"":11330,""and_checks"":15329,""or_checks"":10650,""max_hU"":5,""max_hV"":5}",37777408,37777408,0,37777408,37777408,0,"","",canonical
hunt,1,0,0,0,2385,2000,4385,"{""RU"":111,""RV"":107,""cells"":11877,""and_checks"":10900,""or_checks"":15888,""max_hU"":5,""max_hV"":5}","{""RU"":107,""RV"":111,""cells"":11877,""and_checks"":15914,""or_checks"":10896,""max_hU"":5,""max_hV"":5}",37777408,37777408,0,37777408,37777408,0,"","",canonical
hunt,2,0,0,0,2229,2108,4337,"{""RU"":116,""RV"":112,""cells"":12992,""and_checks"":11400,""or_checks"":16602,""max_hU"":5,""max_hV"":5}","{""RU"":112,""RV"":116,""cells"":12992,""and_checks"":16644,""or_checks"":11398,""max_hU"":5,""max_hV"":5}",37777408,37777408,0,37777408,37777408,0,"","",canonical
hunt,3,0,0,0,1594,1382,2976,"{""RU"":111,""RV"":111,""cells"":12321,""and_checks"":11100,""or_checks"":16180,""max_hU"":5,""max_hV"":5}","{""RU"":111,""RV"":111,""cells"":12321,""and_checks"":16206,""or_checks"":11098,""max_hU"":5,""max_hV"":5}",37777408,37777408,0,37777408,37777408,0,"","",canonical
hunt,4,0,0,0,1415,1345,2760,"{""RU"":108,""RV"":111,""cells"":11988,""and_checks"":10950,""or_checks"":15291,""max_hU"":5,""max_hV"":5}","{""RU"":111,""RV"":108,""cells"":11988,""and_checks"":15327,""or_checks"":10946,""max_hU"":5,""max_hV"":5}",37777408,37777408,0,37777408,37777408,0,"","",canonical
hunt,5,0,0,0,1374,1304,2678,"{""RU"":106,""RV"":106,""cells"":11236,""and_checks"":10600,""or_checks"":15230,""max_hU"":5,""max_hV"":5}","{""RU"":106,""RV"":106,""cells"":11236,""and_checks"":15264,""or_checks"":10590,""max_hU"":5,""max_hV"":5}",37777408,37777408,0,37777408,37777408,0,"","",canonical
hunt,6,0,0,0,1058,912,1970,"{""RU"":108,""RV"":111,""cells"":11988,""and_checks"":10734,""or_checks"":15943,""max_hU"":5,""max_hV"":5}","{""RU"":111,""RV"":108,""cells"":11988,""and_checks"":15987,""or_checks"":10730,""max_hU"":5,""max_hV"":5}",37777408,37777408,0,37777408,37777408,0,"","",canonical
hunt,7,0,0,0,1085,957,2042,"{""RU"":113,""RV"":114,""cells"":12882,""and_checks"":11350,""or_checks"":16527,""max_hU"":5,""max_hV"":5}","{""RU"":114,""RV"":113,""cells"":12882,""and_checks"":16571,""or_checks"":11342,""max_hU"":5,""max_hV"":5}",37777408,37777408,0,37777408,37777408,0,"","",canonical
hunt,8,0,0,0,967,963,1930,"{""RU"":109,""RV"":112,""cells"":12208,""and_checks"":10832,""or_checks"":15871,""max_hU"":5,""max_hV"":5}","{""RU"":112,""RV"":109,""cells"":12208,""and_checks"":15909,""or_checks"":10830,""max_hU"":5,""max_hV"":5}",37777408,37777408,0,37777408,37777408,0,"","",canonical
hunt,9,0,0,0,974,906,1880,"{""RU"":108,""RV"":110,""cells"":11880,""and_checks"":10678,""or_checks"":15874,""max_hU"":5,""max_hV"":5}","{""RU"":110,""RV"":108,""cells"":11880,""and_checks"":15914,""or_checks"":10674,""max_hU"":5,""max_hV"":5}",37777408,37777408,0,37777408,37777408,0,"","",canonical
hunt,10,0,0,0,1026,971,1997,"{""RU"":106,""RV"":109,""cells"":11554,""and_checks"":10750,""or_checks"":15665,""max_hU"":5,""max_hV"":5}","{""RU"":109,""RV"":106,""cells"":11554,""and_checks"":15695,""or_checks"":10746,""max_hU"":5,""max_hV"":5}",37777408,37777408,0,37777408,37777408,0,"","",canonical
hunt,11,0,0,0,959,912,1871,"{""RU"":106,""RV"":112,""cells"":11872,""and_checks"":10900,""or_checks"":15886,""max_hU"":5,""max_hV"":5}","{""RU"":112,""RV"":106,""cells"":11872,""and_checks"":15914,""or_checks"":10900,""max_hU"":5,""max_hV"":5}",37777408,37777408,0,37777408,37777408,0,"","",canonical
hunt,12,0,0,0,1063,971,2034,"{""RU"":113,""RV"":113,""cells"":12769,""and_checks"":11298,""or_checks"":16456,""max_hU"":5,""max_hV"":5}","{""RU"":113,""RV"":113,""cells"":12769,""and_checks"":16498,""or_checks"":11300,""max_hU"":5,""max_hV"":5}",37777408,37777408,0,37777408,37777408,0,"","",canonical
hunt,13,0,0,0,976,961,1937,"{""RU"":112,""RV"":109,""cells"":12208,""and_checks"":11050,""or_checks"":16105,""max_hU"":5,""max_hV"":5}","{""RU"":109,""RV"":112,""cells"":12208,""and_checks"":16133,""or_checks"":11048,""max_hU"":5,""max_hV"":5}",37777408,37777408,0,37777408,37777408,0,"","",canonical
hunt,14,0,0,0,974,913,1887,"{""RU"":109,""RV"":106,""cells"":11554,""and_checks"":10750,""or_checks"":15671,""max_hU"":5,""max_hV"":5}","{""RU"":106,""RV"":109,""cells"":11554,""and_checks"":15695,""or_checks"":10750,""max_hU"":5,""max_hV"":5}",37777408,37777408,0,37777408,37777408,0,"","",canonical
hunt,15,0,0,0,1034,1006,2040,"{""RU"":117,""RV"":111,""cells"":12987,""and_checks"":11400,""or_checks"":16604,""max_hU"":5,""max_hV"":5}","{""RU"":111,""RV"":117,""cells"":12987,""and_checks"":16644,""or_checks"":11396,""max_hU"":5,""max_hV"":5}",37777408,37777408,0,37777408,37777408,0,"","",canonical
