engine,pair_id,u_leq_v,v_leq_u,eq,uv_us,vu_us,total_us,uv_stats,vu_stats,uv_working_set,uv_peak_working_set,uv_private_bytes,vu_working_set,vu_peak_working_set,vu_private_bytes,uv_error,vu_error,representation
hunt,0,0,0,0,61,47,108,"{""RU"":5,""RV"":5,""cells"":25,""and_checks"":0,""or_checks"":40,""max_hU"":1,""max_hV"":1}","{""RU"":5,""RV"":5,""cells"":25,""and_checks"":40,""or_checks"":0,""max_hU"":1,""max_hV"":1}",37777408,37777408,0,37777408,37777408,0,"","",canonical
hunt,1,0,0,0,49,42,91,"{""RU"":5,""RV"":4,""cells"":20,""and_checks"":0,""or_checks"":31,""max_hU"":1,""max_hV"":1}","{""RU"":4,""RV"":5,""cells"":20,""and_checks"":31,""or_checks"":0,""max_hU"":1,""max_hV"":1}",37777408,37777408,0,37777408,37777408,0,"","",canonical
hunt,2,0,0,0,54,44,98,"{""RU"":5,""RV"":5,""cells"":25,""and_checks"":0,""or_checks"":40,""max_hU"":1,""max_hV"":1}","{""RU"":5,""RV"":5,""cells"":25,""and_checks"":40,""or_checks"":0,""max_hU"":1,""max_hV"":1}",37777408,37777408,0,37777408,37777408,0,"","",canonical
hunt,3,0,0,0,45,41,86,"{""RU"":5,""RV"":4,""cells"":20,""and_checks"":0,""or_checks"":31,""max_hU"":1,""max_hV"":1}","{""RU"":4,""RV"":5,""cells"":20,""and_checks"":31,""or_checks"":0,""max_hU"":1,""max_hV"":1}",37777408,37777408,0,37777408,37777408,0,"","",canonical
hunt,4,0,0,0,47,44,91,"{""RU"":5,""RV"":5,""cells"":25,""and_checks"":0,""or_checks"":40,""max_hU"":1,""max_hV"":1}","{""RU"":5,""RV"":5,""cells"":25,""and_checks"":40,""or_checks"":0,""max_hU"":1,""max_hV"":1}",37777408,37777408,0,37777408,37777408,0,"","",canonical
hunt,5,0,0,0,47,43,90,"{""RU"":5,""RV"":5,""cells"":25,""and_checks"":0,""or_checks"":40,""max_hU"":1,""max_hV"":1}","{""RU"":5,""RV"":5,""cells"":25,""and_checks"":40,""or_checks"":0,""max_hU"":1,""max_hV"":1}",37777408,37777408,0,37777408,37777408,0,"","",canonical
hunt,6,1,0,0,47,44,91,"{""RU"":5,""RV"":5,""cells"":25,""and_checks"":0,""or_checks"":36,""max_hU"":1,""max_hV"":1}","{""RU"":5,""RV"":5,""cells"":25,""and_checks"":40,""or_checks"":0,""max_hU"":1,""max_hV"":1}",37777408,37777408,0,37777408,37777408,0,"","",canonical
hunt,7,0,0,0,47,44,91,"{""RU"":5,""RV"":5,""cells"":25,""and_checks"":0,""or_checks"":40,""max_hU"":1,""max_hV"":1}","{""RU"":5,""RV"":5,""cells"":25,""and_checks"":40,""or_checks"":0,""max_hU"":1,""max_hV"":1}",37777408,37777408,0,37777408,37777408,0,"","",canonical
hunt,8,0,0,0,47,43,90,"{""RU"":5,""RV"":5,""cells"":25,""and_checks"":0,""or_checks"":40,""max_hU"":1,""max_hV"":1}","{""RU"":5,""RV"":5,""cells"":25,""and_checks"":40,""or_checks"":0,""max_hU"":1,""max_hV"":1}",37777408,37777408,0,37777408,37777408,0,"","",canonical
hunt,9,1,0,0,47,44,91,"{""RU"":5,""RV"":5,""cells"":25,""and_checks"":0,""or_checks"":36,""max_hU"":1,""max_hV"":1}","{""RU"":5,""RV"":5,""cells"":25,""and_checks"":40,""or_checks"":0,""max_hU"":1,""max_hV"":1}",37777408,37777408,0,37777408,37777408,0,"","",canonical
hunt,10,0,0,0,44,40,84,"{""RU"":5,""RV"":4,""cells"":20,""and_checks"":0,""or_checks"":31,""max_hU"":1,""max_hV"":1}","{""RU"":4,""RV"":5,""cells"":20,""and_checks"":31,""or_checks"":0,""max_hU"":1,""max_hV"":1}",37777408,37777408,0,37777408,37777408,0,"","",canonical
hunt,11,0,0,0,47,44,91,"{""RU"":5,""RV"":5,""cells"":25,""and_checks"":0,""or_checks"":40,""max_hU"":1,""max_hV"":1}","{""RU"":5,""RV"":5,""cells"":25,""and_checks"":40,""or_checks"":0,""max_hU"":1,""max_hV"":1}",37777408,37777408,0,37777408,37777408,0,"","",canonical
hunt,12,1,0,0,47,43,90,"{""RU"":5,""RV"":5,""cells"":25,""and_checks"":0,""or_checks"":36,""max_hU"":1,""max_hV"":1}","{""RU"":5,""RV"":5,""cells"":25,""and_checks"":40,""or_checks"":0,""max_hU"":1,""max_hV"":1}",37777408,37777408,0,37777408,37777408,0,"","",canonical
hunt,13,0,0,0,47,44,91,"{""RU"":5,""RV"":5,""cells"":25,""and_checks"":0,""or_checks"":40,""max_hU"":1,""max_hV"":1}","{""RU"":5,""RV"":5,""cells"":25,""and_checks"":40,""or_checks"":0,""max_hU"":1,""max_hV"":1}",37777408,37777408,0,37777408,37777408,0,"","",canonical
hunt,14,0,0,0,47,44,91,"{""RU"":5,""RV"":5,""cells"":25,""and_checks"":0,""or_checks"":40,""max_hU"":1,""max_hV"":1}","{""RU"":5,""RV"":5,""cells"":25,""and_checks"":40,""or_checks"":0,""max_hU"":1,""max_hV"":1}",37777408,37777408,0,37777408,37777408,0,"","",canonical
hunt,15,0,0,0,49,44,93,"{""RU"":5,""RV"":5,""cells"":25,""and_checks"":0,""or_checks"":40,""max_hU"":1,""max_hV"":1}","{""RU"":5,""RV"":5,""cells"":25,""and_checks"":40,""or_checks"":0,""max_hU"":1,""max_hV"":1}",37777408,37777408,0,37777408,37777408,0,"","",canonical
