experiment,shape,budget,engine,median_pairDepth,p25_us,median_us,p75_us,mean_us,n_pairs,median_alt_index,median_share,csv_path,json_path
E_worstcase,worstcase,1,cosma,2.0,150.0,154.0,155.0,153.812,16,0.0,1.0,cosma_B1.csv,pairs_B1.jsonl
E_worstcase,worstcase,2,cosma,3.0,195.0,204.0,217.0,226.375,16,0.6,1.0,cosma_B2.csv,pairs_B2.jsonl
E_worstcase,worstcase,3,cosma,4.0,807.0,883.0,887.0,855.938,16,0.846154,0.966667,cosma_B3.csv,pairs_B3.jsonl
E_worstcase,worstcase,4,cosma,5.0,862.0,1276.0,1492.0,1303.5,16,0.931034,0.943548,cosma_B4.csv,pairs_B4.jsonl
E_worstcase,worstcase,5,cosma,6.0,1156.0,1325.0,1974.0,1600.938,16,0.967213,0.888889,cosma_B5.csv,pairs_B5.jsonl
E_worstcase,worstcase,6,cosma,7.0,2682.0,4003.0,7259.0,5220.375,16,0.984,0.809055,cosma_B6.csv,pairs_B6.jsonl
E_worstcase,worstcase,7,cosma,8.0,6316.0,6358.0,8266.0,8431.25,16,0.992095,0.711765,cosma_B7.csv,pairs_B7.jsonl
E_worstcase,worstcase,8,cosma,9.0,17937.0,17991.0,18386.0,19519.938,16,0.996071,0.619374,cosma_B8.csv,pairs_B8.jsonl
E_worstcase,worstcase,9,cosma,10.0,60161.0,60593.0,61036.0,63414.938,16,0.998041,0.55694,cosma_B9.csv,pairs_B9.jsonl
E_worstcase,worstcase,10,cosma,11.0,217855.0,218552.0,219130.0,222867.875,16,0.999022,0.521495,cosma_B10.csv,pairs_B10.jsonl
E_worstcase,worstcase,11,cosma,12.0,956575.0,960824.0,964816.0,962013.062,16,0.999511,0.497436,cosma_B11.csv,pairs_B11.jsonl
E_worstcase,worstcase,12,cosma,13.0,4023396.0,4023396.0,4023396.0,4026477.5,2,0.999756,0.472256,cosma_B12.csv,pairs_B12.jsonl
E_worstcase,worstcase,13,cosma,14.0,13430427.0,13430427.0,13430427.0,13455043.0,2,0.999878,0.441754,cosma_B13.csv,pairs_B13.jsonl
E_worstcase,worstcase,14,cosma,15.0,47212478.0,47212478.0,47212478.0,47245053.0,2,0.999939,0.39835,cosma_B14.csv,pairs_B14.jsonl
E_worstcase,worstcase,15,cosma,16.0,145345192.0,145345192.0,145345192.0,145417584.5,2,0.999969,0.350122,cosma_B15.csv,pairs_B15.jsonl
E_worstcase,worstcase,16,cosma,17.0,513473110.0,513473110.0,513473110.0,514311616.0,2,0.999985,0.308842,cosma_B16.csv,pairs_B16.jsonl
E_worstcase,worstcase,1,freese,2.0,36.0,41.0,42.0,35.812,16,0.0,1.0,freese_B1.csv,pairs_B1.jsonl
E_worstcase,worstcase,2,freese,3.0,114.0,122.0,126.0,110.25,16,0.6,1.0,freese_B2.csv,pairs_B2.jsonl
E_worstcase,worstcase,3,freese,4.0,550.0,684.0,721.0,640.062,16,0.846154,0.966667,freese_B3.csv,pairs_B3.jsonl
E_worstcase,worstcase,4,freese,5.0,854.0,872.0,1273.0,1014.25,16,0.931034,0.943548,freese_B4.csv,pairs_B4.jsonl
E_worstcase,worstcase,5,freese,6.0,857.0,913.0,1042.0,952.188,16,0.967213,0.888889,freese_B5.csv,pairs_B5.jsonl
E_worstcase,worstcase,6,freese,7.0,2273.0,2960.0,4171.0,3557.125,16,0.984,0.809055,freese_B6.csv,pairs_B6.jsonl
E_worstcase,worstcase,7,freese,8.0,4039.0,4121.0,4230.0,5011.062,16,0.992095,0.711765,freese_B7.csv,pairs_B7.jsonl
E_worstcase,worstcase,8,freese,9.0,7612.0,7743.0,7970.0,8439.125,16,0.996071,0.619374,freese_B8.csv,pairs_B8.jsonl
E_worstcase,worstcase,9,freese,10.0,16927.0,17314.0,17629.0,17333.0,16,0.998041,0.55694,freese_B9.csv,pairs_B9.jsonl
E_worstcase,worstcase,10,freese,11.0,31935.0,32340.0,32721.0,33773.0,16,0.999022,0.521495,freese_B10.csv,pairs_B10.jsonl
E_worstcase,worstcase,11,freese,12.0,69630.0,70150.0,70624.0,71087.812,16,0.999511,0.497436,freese_B11.csv,pairs_B11.jsonl
E_worstcase,worstcase,12,freese,13.0,127809.0,127809.0,127809.0,132846.0,2,0.999756,0.472256,freese_B12.csv,pairs_B12.jsonl
E_worstcase,worstcase,13,freese,14.0,283152.0,283152.0,283152.0,288989.0,2,0.999878,0.441754,freese_B13.csv,pairs_B13.jsonl
E_worstcase,worstcase,14,freese,15.0,482781.0,482781.0,482781.0,493919.0,2,0.999939,0.39835,freese_B14.csv,pairs_B14.jsonl
E_worstcase,worstcase,15,freese,16.0,1069595.0,1069595.0,1069595.0,1108949.0,2,0.999969,0.350122,freese_B15.csv,pairs_B15.jsonl
E_worstcase,worstcase,16,freese,17.0,2113989.0,2113989.0,2113989.0,2204033.5,2,0.999985,0.308842,freese_B16.csv,pairs_B16.jsonl
E_worstcase,worstcase,1,hunt,2.0,90.0,91.0,91.0,91.688,16,0.0,1.0,hunt_B1.csv,pairs_B1.jsonl
E_worstcase,worstcase,2,hunt,3.0,121.0,132.0,139.0,131.688,16,0.6,1.0,hunt_B2.csv,pairs_B2.jsonl
E_worstcase,worstcase,3,hunt,4.0,636.0,682.0,705.0,675.5,16,0.846154,0.966667,hunt_B3.csv,pairs_B3.jsonl
E_worstcase,worstcase,4,hunt,5.0,1075.0,1167.0,1704.0,1401.188,16,0.931034,0.943548,hunt_B4.csv,pairs_B4.jsonl
E_worstcase,worstcase,5,hunt,6.0,1930.0,2034.0,2760.0,2645.312,16,0.967213,0.888889,hunt_B5.csv,pairs_B5.jsonl
E_worstcase,worstcase,6,hunt,7.0,6248.0,6414.0,8349.0,8453.75,16,0.984,0.809055,hunt_B6.csv,pairs_B6.jsonl
E_worstcase,worstcase,7,hunt,8.0,19977.0,20219.0,20378.0,21040.562,16,0.992095,0.711765,hunt_B7.csv,pairs_B7.jsonl
E_worstcase,worstcase,8,hunt,9.0,65470.0,65911.0,66103.0,69572.75,16,0.996071,0.619374,hunt_B8.csv,pairs_B8.jsonl
E_worstcase,worstcase,9,hunt,10.0,225468.0,226550.0,227261.0,228092.25,16,0.998041,0.55694,hunt_B9.csv,pairs_B9.jsonl
E_worstcase,worstcase,10,hunt,11.0,820153.0,822475.0,823837.0,822359.5,16,0.999022,0.521495,hunt_B10.csv,pairs_B10.jsonl
E_worstcase,worstcase,11,hunt,12.0,3046530.0,3055729.0,3064458.0,3053723.125,16,0.999511,0.497436,hunt_B11.csv,pairs_B11.jsonl
E_worstcase,worstcase,12,hunt,13.0,11151021.0,11151021.0,11151021.0,11166352.0,2,0.999756,0.472256,hunt_B12.csv,pairs_B12.jsonl
E_worstcase,worstcase,13,hunt,14.0,39234889.0,39234889.0,39234889.0,39234984.5,2,0.999878,0.441754,hunt_B13.csv,pairs_B13.jsonl
E_worstcase,worstcase,14,hunt,15.0,129706068.0,129706068.0,129706068.0,129815046.5,2,0.999939,0.39835,hunt_B14.csv,pairs_B14.jsonl
E_worstcase,worstcase,15,hunt,16.0,409555241.0,409555241.0,409555241.0,409644666.0,2,0.999969,0.350122,hunt_B15.csv,pairs_B15.jsonl
E_worstcase,worstcase,16,hunt,17.0,1297217376.0,1297217376.0,1297217376.0,1297712637.0,2,0.999985,0.308842,hunt_B16.csv,pairs_B16.jsonl
E_worstcase,worstcase,1,whitman,2.0,8.0,9.0,9.0,9.0,16,0.0,1.0,whitman_B1.csv,pairs_B1.jsonl
E_worstcase,worstcase,2,whitman,3.0,17.0,17.0,18.0,16.438,16,0.6,1.0,whitman_B2.csv,pairs_B2.jsonl
E_worstcase,worstcase,3,whitman,4.0,152.0,152.0,159.0,153.312,16,0.846154,0.966667,whitman_B3.csv,pairs_B3.jsonl
E_worstcase,worstcase,4,whitman,5.0,409.0,412.0,420.0,408.688,16,0.931034,0.943548,whitman_B4.csv,pairs_B4.jsonl
E_worstcase,worstcase,5,whitman,6.0,1000.0,1483.0,2008.0,1559.312,16,0.967213,0.888889,whitman_B5.csv,pairs_B5.jsonl
E_worstcase,worstcase,6,whitman,7.0,1553.0,1607.0,3355.0,2629.75,16,0.984,0.809055,whitman_B6.csv,pairs_B6.jsonl
E_worstcase,worstcase,7,whitman,8.0,8956.0,9005.0,9384.0,10313.125,16,0.992095,0.711765,whitman_B7.csv,pairs_B7.jsonl
E_worstcase,worstcase,8,whitman,9.0,20957.0,21162.0,21262.0,21997.188,16,0.996071,0.619374,whitman_B8.csv,pairs_B8.jsonl
E_worstcase,worstcase,9,whitman,10.0,124467.0,127617.0,127766.0,128111.812,16,0.998041,0.55694,whitman_B9.csv,pairs_B9.jsonl
E_worstcase,worstcase,10,whitman,11.0,293767.0,296320.0,298820.0,297617.125,16,0.999022,0.521495,whitman_B10.csv,pairs_B10.jsonl
E_worstcase,worstcase,11,whitman,12.0,1787332.0,1814125.0,1818323.0,1805980.938,16,0.999511,0.497436,whitman_B11.csv,pairs_B11.jsonl
E_worstcase,worstcase,12,whitman,13.0,4212740.0,4212740.0,4212740.0,4270795.0,2,0.999756,0.472256,whitman_B12.csv,pairs_B12.jsonl
E_worstcase,worstcase,13,whitman,14.0,26825391.0,26825391.0,26825391.0,26841977.0,2,0.999878,0.441754,whitman_B13.csv,pairs_B13.jsonl
E_worstcase,worstcase,14,whitman,15.0,63037330.0,63037330.0,63037330.0,63292329.5,2,0.999939,0.39835,whitman_B14.csv,pairs_B14.jsonl
E_worstcase,worstcase,15,whitman,16.0,395514413.0,395514413.0,395514413.0,395532044.0,2,0.999969,0.350122,whitman_B15.csv,pairs_B15.jsonl
E_worstcase,worstcase,16,whitman,17.0,937292506.0,937292506.0,937292506.0,938063385.0,2,0.999985,0.308842,whitman_B16.csv,pairs_B16.jsonl
