engine,pair_id,u_leq_v,v_leq_u,eq,uv_us,vu_us,total_us,uv_stats,vu_stats,uv_working_set,uv_peak_working_set,uv_private_bytes,vu_working_set,vu_peak_working_set,vu_private_bytes,uv_error,vu_error,representation
whitman,0,0,0,0,131934,3004,134938,"{""pairs"":1084170,""max_stack"":19,""branch_attempts"":378985,""branch_right"":471718,""branch_left"":472436,""branch_successes"":3395,""join_decomp"":139950,""meet_decomp"":136230}","{""pairs"":31211,""max_stack"":18,""branch_attempts"":8917,""branch_right"":11146,""branch_left"":11146,""branch_successes"":0,""join_decomp"":8921,""meet_decomp"":8921}",37777408,37777408,0,37777408,37777408,0,"","",canonical
whitman,1,0,0,0,121543,3004,124547,"{""pairs"":1083310,""max_stack"":19,""branch_attempts"":378590,""branch_right"":470826,""branch_left"":472583,""branch_successes"":3130,""join_decomp"":136230,""meet_decomp"":139950}","{""pairs"":31211,""max_stack"":18,""branch_attempts"":8917,""branch_right"":11146,""branch_left"":11146,""branch_successes"":0,""join_decomp"":8921,""meet_decomp"":8921}",37777408,37777408,0,37777408,37777408,0,"","",canonical
whitman,2,0,0,0,124937,3072,128009,"{""pairs"":1110492,""max_stack"":19,""branch_attempts"":388822,""branch_right"":484038,""branch_left"":485088,""branch_successes"":2970,""join_decomp"":139740,""meet_decomp"":139880}","{""pairs"":31002,""max_stack"":18,""branch_attempts"":8917,""branch_right"":11146,""branch_left"":11146,""branch_successes"":0,""join_decomp"":8503,""meet_decomp"":8921}",37777408,37777408,0,37777408,37777408,0,"","",canonical
whitman,3,0,0,0,118510,3010,121520,"{""pairs"":1057018,""max_stack"":19,""branch_attempts"":368793,""branch_right"":458661,""branch_left"":460306,""branch_successes"":3150,""join_decomp"":136230,""meet_decomp"":136230}","{""pairs"":31002,""max_stack"":18,""branch_attempts"":8917,""branch_right"":11146,""branch_left"":11146,""branch_successes"":0,""join_decomp"":8503,""meet_decomp"":8921}",37777408,37777408,0,37777408,37777408,0,"","",canonical
whitman,4,0,0,0,146727,3016,149743,"{""pairs"":1109222,""max_stack"":19,""branch_attempts"":388197,""branch_right"":483533,""branch_left"":484478,""branch_successes"":2520,""join_decomp"":139740,""meet_decomp"":139740}","{""pairs"":31211,""max_stack"":18,""branch_attempts"":8917,""branch_right"":11146,""branch_left"":11146,""branch_successes"":0,""join_decomp"":8921,""meet_decomp"":8921}",37777408,37777408,0,37777408,37777408,0,"","",canonical
whitman,5,0,0,0,123968,3013,126981,"{""pairs"":1108557,""max_stack"":19,""branch_attempts"":387707,""branch_right"":483078,""branch_left"":484338,""branch_successes"":2240,""join_decomp"":139740,""meet_decomp"":139740}","{""pairs"":31211,""max_stack"":18,""branch_attempts"":8917,""branch_right"":11146,""branch_left"":11146,""branch_successes"":0,""join_decomp"":8921,""meet_decomp"":8921}",37777408,37777408,0,37777408,37777408,0,"","",canonical
whitman,6,0,0,0,124809,2808,127617,"{""pairs"":1110307,""max_stack"":19,""branch_attempts"":388862,""branch_right"":483883,""branch_left"":484828,""branch_successes"":3290,""join_decomp"":139950,""meet_decomp"":139740}","{""pairs"":28285,""max_stack"":18,""branch_attempts"":8081,""branch_right"":10088,""branch_left"":10114,""branch_successes"":0,""join_decomp"":8085,""meet_decomp"":8196}",37777408,37777408,0,37777408,37777408,0,"","",canonical
whitman,7,0,0,0,121462,3005,124467,"{""pairs"":1082490,""max_stack"":19,""branch_attempts"":378390,""branch_right"":470791,""branch_left"":472033,""branch_successes"":3010,""join_decomp"":136300,""meet_decomp"":139810}","{""pairs"":31211,""max_stack"":18,""branch_attempts"":8917,""branch_right"":11146,""branch_left"":11146,""branch_successes"":0,""join_decomp"":8921,""meet_decomp"":8921}",37777408,37777408,0,37777408,37777408,0,"","",canonical
whitman,8,0,0,0,125220,3006,128226,"{""pairs"":1112846,""max_stack"":19,""branch_attempts"":390507,""branch_right"":484828,""branch_left"":487173,""branch_successes"":4305,""join_decomp"":137258,""meet_decomp"":139740}","{""pairs"":31211,""max_stack"":18,""branch_attempts"":8917,""branch_right"":11146,""branch_left"":11146,""branch_successes"":0,""join_decomp"":8921,""meet_decomp"":8921}",37777408,37777408,0,37777408,37777408,0,"","",canonical
whitman,9,0,0,0,121436,3004,124440,"{""pairs"":1083880,""max_stack"":19,""branch_attempts"":379060,""branch_right"":471126,""branch_left"":472718,""branch_successes"":3575,""join_decomp"":136300,""meet_decomp"":139740}","{""pairs"":31211,""max_stack"":18,""branch_attempts"":8917,""branch_right"":11146,""branch_left"":11146,""branch_successes"":0,""join_decomp"":8921,""meet_decomp"":8921}",37777408,37777408,0,37777408,37777408,0,"","",canonical
whitman,10,0,0,0,124648,3003,127651,"{""pairs"":1110381,""max_stack"":19,""branch_attempts"":389212,""branch_right"":484233,""branch_left"":485878,""branch_successes"":3255,""join_decomp"":137018,""meet_decomp"":139950}","{""pairs"":31211,""max_stack"":18,""branch_attempts"":8917,""branch_right"":11146,""branch_left"":11146,""branch_successes"":0,""join_decomp"":8921,""meet_decomp"":8921}",37777408,37777408,0,37777408,37777408,0,"","",canonical
whitman,11,0,0,0,121539,3017,124556,"{""pairs"":1084660,""max_stack"":19,""branch_attempts"":378985,""branch_right"":471386,""branch_left"":473433,""branch_successes"":3045,""join_decomp"":136370,""meet_decomp"":139880}","{""pairs"":31211,""max_stack"":18,""branch_attempts"":8917,""branch_right"":11146,""branch_left"":11146,""branch_successes"":0,""join_decomp"":8921,""meet_decomp"":8921}",37777408,37777408,0,37777408,37777408,0,"","",canonical
whitman,12,0,0,0,124767,2999,127766,"{""pairs"":1107985,""max_stack"":19,""branch_attempts"":388862,""branch_right"":483883,""branch_left"":485353,""branch_successes"":3080,""join_decomp"":137048,""meet_decomp"":137018}","{""pairs"":31002,""max_stack"":18,""branch_attempts"":8917,""branch_right"":11146,""branch_left"":11146,""branch_successes"":0,""join_decomp"":8921,""meet_decomp"":8503}",37777408,37777408,0,37777408,37777408,0,"","",canonical
whitman,13,0,0,0,124737,3018,127755,"{""pairs"":1108075,""max_stack"":19,""branch_attempts"":388897,""branch_right"":484093,""branch_left"":485213,""branch_successes"":3080,""join_decomp"":137018,""meet_decomp"":137158}","{""pairs"":31211,""max_stack"":18,""branch_attempts"":8917,""branch_right"":11146,""branch_left"":11146,""branch_successes"":0,""join_decomp"":8921,""meet_decomp"":8921}",37777408,37777408,0,37777408,37777408,0,"","",canonical
whitman,14,0,0,0,124641,3009,127650,"{""pairs"":1110066,""max_stack"":19,""branch_attempts"":389142,""branch_right"":484338,""branch_left"":485388,""branch_successes"":3220,""join_decomp"":137298,""meet_decomp"":139740}","{""pairs"":31211,""max_stack"":18,""branch_attempts"":8917,""branch_right"":11146,""branch_left"":11146,""branch_successes"":0,""join_decomp"":8921,""meet_decomp"":8921}",37777408,37777408,0,37777408,37777408,0,"","",canonical
whitman,15,0,0,0,120910,3013,123923,"{""pairs"":1080250,""max_stack"":19,""branch_attempts"":377130,""branch_right"":470423,""branch_left"":470721,""branch_successes"":1960,""join_decomp"":139740,""meet_decomp"":136230}","{""pairs"":31211,""max_stack"":18,""branch_attempts"":8917,""branch_right"":11146,""branch_left"":11146,""branch_successes"":0,""join_decomp"":8921,""meet_decomp"":8921}",37777408,37777408,0,37777408,37777408,0,"","",canonical
