engine,pair_id,u_leq_v,v_leq_u,eq,uv_us,vu_us,total_us,uv_stats,vu_stats,uv_working_set,uv_peak_working_set,uv_private_bytes,vu_working_set,vu_peak_working_set,vu_private_bytes,uv_error,vu_error,representation
whitman,0,0,0,0,2144,69,2213,"{""pairs"":5138,""max_stack"":11,""branch_attempts"":1738,""branch_right"":2242,""branch_left"":2230,""branch_successes"":0,""join_decomp"":700,""meet_decomp"":630}","{""pairs"":187,""max_stack"":10,""branch_attempts"":53,""branch_right"":66,""branch_left"":66,""branch_successes"":0,""join_decomp"":57,""meet_decomp"":57}",37777408,37777408,0,37777408,37777408,0,"","",canonical
whitman,1,0,0,0,2082,53,2135,"{""pairs"":5705,""max_stack"":11,""branch_attempts"":1949,""branch_right"":2502,""branch_left"":2502,""branch_successes"":0,""join_decomp"":700,""meet_decomp"":700}","{""pairs"":187,""max_stack"":10,""branch_attempts"":53,""branch_right"":66,""branch_left"":66,""branch_successes"":0,""join_decomp"":57,""meet_decomp"":57}",37777408,37777408,0,37777408,37777408,0,"","",canonical
whitman,2,0,0,0,1822,51,1873,"{""pairs"":5774,""max_stack"":11,""branch_attempts"":1982,""branch_right"":2520,""branch_left"":2538,""branch_successes"":27,""join_decomp"":700,""meet_decomp"":700}","{""pairs"":187,""max_stack"":10,""branch_attempts"":53,""branch_right"":66,""branch_left"":66,""branch_successes"":0,""join_decomp"":57,""meet_decomp"":57}",37777408,37777408,0,37777408,37777408,0,"","",canonical
whitman,3,0,0,0,1945,63,2008,"{""pairs"":5705,""max_stack"":11,""branch_attempts"":1949,""branch_right"":2502,""branch_left"":2502,""branch_successes"":0,""join_decomp"":700,""meet_decomp"":700}","{""pairs"":187,""max_stack"":10,""branch_attempts"":53,""branch_right"":66,""branch_left"":66,""branch_successes"":0,""join_decomp"":57,""meet_decomp"":57}",37777408,37777408,0,37777408,37777408,0,"","",canonical
whitman,4,0,0,0,1978,63,2041,"{""pairs"":5189,""max_stack"":11,""branch_attempts"":1765,""branch_right"":2257,""branch_left"":2245,""branch_successes"":27,""join_decomp"":700,""meet_decomp"":630}","{""pairs"":187,""max_stack"":10,""branch_attempts"":53,""branch_right"":66,""branch_left"":66,""branch_successes"":0,""join_decomp"":57,""meet_decomp"":57}",37777408,37777408,0,37777408,37777408,0,"","",canonical
whitman,5,0,0,0,2180,62,2242,"{""pairs"":5711,""max_stack"":11,""branch_attempts"":1952,""branch_right"":2505,""branch_left"":2502,""branch_successes"":3,""join_decomp"":700,""meet_decomp"":700}","{""pairs"":187,""max_stack"":10,""branch_attempts"":53,""branch_right"":66,""branch_left"":66,""branch_successes"":0,""join_decomp"":57,""meet_decomp"":57}",37777408,37777408,0,37777408,37777408,0,"","",canonical
whitman,6,0,0,0,1707,41,1748,"{""pairs"":5705,""max_stack"":11,""branch_attempts"":1949,""branch_right"":2502,""branch_left"":2502,""branch_successes"":0,""join_decomp"":700,""meet_decomp"":700}","{""pairs"":187,""max_stack"":10,""branch_attempts"":53,""branch_right"":66,""branch_left"":66,""branch_successes"":0,""join_decomp"":57,""meet_decomp"":57}",37777408,37777408,0,37777408,37777408,0,"","",canonical
whitman,7,0,0,0,1436,41,1477,"{""pairs"":5723,""max_stack"":11,""branch_attempts"":1961,""branch_right"":2508,""branch_left"":2508,""branch_successes"":12,""join_decomp"":700,""meet_decomp"":700}","{""pairs"":187,""max_stack"":10,""branch_attempts"":53,""branch_right"":66,""branch_left"":66,""branch_successes"":0,""join_decomp"":57,""meet_decomp"":57}",37777408,37777408,0,37777408,37777408,0,"","",canonical
whitman,8,0,0,0,1454,41,1495,"{""pairs"":5741,""max_stack"":11,""branch_attempts"":1973,""branch_right"":2508,""branch_left"":2514,""branch_successes"":36,""join_decomp"":700,""meet_decomp"":700}","{""pairs"":187,""max_stack"":10,""branch_attempts"":53,""branch_right"":66,""branch_left"":66,""branch_successes"":0,""join_decomp"":57,""meet_decomp"":57}",37777408,37777408,0,37777408,37777408,0,"","",canonical
whitman,9,0,0,0,1442,41,1483,"{""pairs"":5729,""max_stack"":11,""branch_attempts"":1964,""branch_right"":2508,""branch_left"":2511,""branch_successes"":15,""join_decomp"":700,""meet_decomp"":700}","{""pairs"":187,""max_stack"":10,""branch_attempts"":53,""branch_right"":66,""branch_left"":66,""branch_successes"":0,""join_decomp"":57,""meet_decomp"":57}",37777408,37777408,0,37777408,37777408,0,"","",canonical
whitman,10,0,0,0,1264,27,1291,"{""pairs"":5732,""max_stack"":11,""branch_attempts"":1964,""branch_right"":2508,""branch_left"":2514,""branch_successes"":15,""join_decomp"":700,""meet_decomp"":700}","{""pairs"":187,""max_stack"":10,""branch_attempts"":53,""branch_right"":66,""branch_left"":66,""branch_successes"":0,""join_decomp"":57,""meet_decomp"":57}",37777408,37777408,0,37777408,37777408,0,"","",canonical
whitman,11,0,0,0,959,27,986,"{""pairs"":5729,""max_stack"":11,""branch_attempts"":1961,""branch_right"":2508,""branch_left"":2514,""branch_successes"":12,""join_decomp"":700,""meet_decomp"":700}","{""pairs"":187,""max_stack"":10,""branch_attempts"":53,""branch_right"":66,""branch_left"":66,""branch_successes"":0,""join_decomp"":57,""meet_decomp"":57}",37777408,37777408,0,37777408,37777408,0,"","",canonical
whitman,12,0,0,0,973,27,1000,"{""pairs"":5735,""max_stack"":11,""branch_attempts"":1964,""branch_right"":2511,""branch_left"":2514,""branch_successes"":15,""join_decomp"":700,""meet_decomp"":700}","{""pairs"":187,""max_stack"":10,""branch_attempts"":53,""branch_right"":66,""branch_left"":66,""branch_successes"":0,""join_decomp"":57,""meet_decomp"":57}",37777408,37777408,0,37777408,37777408,0,"","",canonical
whitman,13,0,0,0,974,27,1001,"{""pairs"":5762,""max_stack"":11,""branch_attempts"":1976,""branch_right"":2514,""branch_left"":2532,""branch_successes"":27,""join_decomp"":700,""meet_decomp"":700}","{""pairs"":187,""max_stack"":10,""branch_attempts"":53,""branch_right"":66,""branch_left"":66,""branch_successes"":0,""join_decomp"":57,""meet_decomp"":57}",37777408,37777408,0,37777408,37777408,0,"","",canonical
whitman,14,0,0,0,947,27,974,"{""pairs"":5705,""max_stack"":11,""branch_attempts"":1949,""branch_right"":2502,""branch_left"":2502,""branch_successes"":0,""join_decomp"":700,""meet_decomp"":700}","{""pairs"":187,""max_stack"":10,""branch_attempts"":53,""branch_right"":66,""branch_left"":66,""branch_successes"":0,""join_decomp"":57,""meet_decomp"":57}",37777408,37777408,0,37777408,37777408,0,"","",canonical
whitman,15,0,0,0,955,27,982,"{""pairs"":5732,""max_stack"":11,""branch_attempts"":1964,""branch_right"":2508,""branch_left"":2514,""branch_successes"":15,""join_decomp"":700,""meet_decomp"":700}","{""pairs"":187,""max_stack"":10,""branch_attempts"":53,""branch_right"":66,""branch_left"":66,""branch_successes"":0,""join_decomp"":57,""meet_decomp"":57}",37777408,37777408,0,37777408,37777408,0,"","",canonical
