engine,pair_id,u_leq_v,v_leq_u,eq,uv_us,vu_us,total_us,uv_stats,vu_stats,uv_working_set,uv_peak_working_set,uv_private_bytes,vu_working_set,vu_peak_working_set,vu_private_bytes,uv_error,vu_error,representation
whitman,0,0,0,0,33025,2950,35975,"{""pairs"":178108,""max_stack"":16,""branch_attempts"":55841,""branch_right"":69820,""branch_left"":69790,""branch_successes"":270,""join_decomp"":38828,""meet_decomp"":37826}","{""pairs"":24783,""max_stack"":17,""branch_attempts"":9057,""branch_right"":11226,""branch_left"":11266,""branch_successes"":120,""join_decomp"":2233,""meet_decomp"":2233}",37777408,37777408,0,37777408,37777408,0,"","",canonical
whitman,1,0,0,0,18047,2971,21018,"{""pairs"":172302,""max_stack"":16,""branch_attempts"":53554,""branch_right"":67070,""branch_left"":66988,""branch_successes"":140,""join_decomp"":38828,""meet_decomp"":37378}","{""pairs"":24933,""max_stack"":17,""branch_attempts"":9127,""branch_right"":11306,""branch_left"":11306,""branch_successes"":150,""join_decomp"":2233,""meet_decomp"":2273}",37777408,37777408,0,37777408,37777408,0,"","",canonical
whitman,2,0,0,0,18399,2863,21262,"{""pairs"":178809,""max_stack"":16,""branch_attempts"":55861,""branch_right"":69850,""branch_left"":69870,""branch_successes"":280,""join_decomp"":38868,""meet_decomp"":38828}","{""pairs"":24643,""max_stack"":17,""branch_attempts"":8997,""branch_right"":11186,""branch_left"":11186,""branch_successes"":80,""join_decomp"":2233,""meet_decomp"":2233}",37777408,37777408,0,37777408,37777408,0,"","",canonical
whitman,3,0,0,0,18479,2825,21304,"{""pairs"":177908,""max_stack"":16,""branch_attempts"":55741,""branch_right"":69690,""branch_left"":69770,""branch_successes"":200,""join_decomp"":38828,""meet_decomp"":37786}","{""pairs"":24643,""max_stack"":17,""branch_attempts"":8977,""branch_right"":11186,""branch_left"":11206,""branch_successes"":40,""join_decomp"":2233,""meet_decomp"":2233}",37777408,37777408,0,37777408,37777408,0,"","",canonical
whitman,4,0,0,0,18369,2847,21216,"{""pairs"":178639,""max_stack"":16,""branch_attempts"":55791,""branch_right"":69780,""branch_left"":69850,""branch_successes"":230,""join_decomp"":38848,""meet_decomp"":38828}","{""pairs"":24703,""max_stack"":17,""branch_attempts"":9017,""branch_right"":11206,""branch_left"":11226,""branch_successes"":80,""join_decomp"":2233,""meet_decomp"":2233}",37777408,37777408,0,37777408,37777408,0,"","",canonical
whitman,5,0,0,0,18523,2872,21395,"{""pairs"":178409,""max_stack"":16,""branch_attempts"":55741,""branch_right"":69770,""branch_left"":69630,""branch_successes"":240,""join_decomp"":38828,""meet_decomp"":38828}","{""pairs"":24843,""max_stack"":17,""branch_attempts"":9077,""branch_right"":11246,""branch_left"":11306,""branch_successes"":120,""join_decomp"":2233,""meet_decomp"":2233}",37777408,37777408,0,37777408,37777408,0,"","",canonical
whitman,6,0,0,0,18317,2547,20864,"{""pairs"":178209,""max_stack"":16,""branch_attempts"":55641,""branch_right"":69630,""branch_left"":69630,""branch_successes"":140,""join_decomp"":38828,""meet_decomp"":38828}","{""pairs"":22335,""max_stack"":17,""branch_attempts"":8081,""branch_right"":10114,""branch_left"":10088,""branch_successes"":0,""join_decomp"":2233,""meet_decomp"":2037}",37777408,37777408,0,37777408,37777408,0,"","",canonical
whitman,7,0,0,0,17746,2848,20594,"{""pairs"":171861,""max_stack"":16,""branch_attempts"":53574,""branch_right"":67050,""branch_left"":67068,""branch_successes"":160,""join_decomp"":38828,""meet_decomp"":36376}","{""pairs"":24663,""max_stack"":17,""branch_attempts"":8997,""branch_right"":11186,""branch_left"":11206,""branch_successes"":80,""join_decomp"":2233,""meet_decomp"":2233}",37777408,37777408,0,37777408,37777408,0,"","",canonical
whitman,8,0,0,0,18383,2574,20957,"{""pairs"":178349,""max_stack"":16,""branch_attempts"":55721,""branch_right"":69670,""branch_left"":69750,""branch_successes"":180,""join_decomp"":38828,""meet_decomp"":38828}","{""pairs"":22455,""max_stack"":17,""branch_attempts"":8141,""branch_right"":10154,""branch_left"":10148,""branch_successes"":40,""join_decomp"":2233,""meet_decomp"":2037}",37777408,37777408,0,37777408,37777408,0,"","",canonical
whitman,9,0,0,0,18322,2849,21171,"{""pairs"":178449,""max_stack"":16,""branch_attempts"":55721,""branch_right"":69670,""branch_left"":69730,""branch_successes"":220,""join_decomp"":38828,""meet_decomp"":38828}","{""pairs"":24703,""max_stack"":17,""branch_attempts"":9017,""branch_right"":11206,""branch_left"":11226,""branch_successes"":80,""join_decomp"":2233,""meet_decomp"":2233}",37777408,37777408,0,37777408,37777408,0,"","",canonical
whitman,10,0,0,0,18450,2641,21091,"{""pairs"":178309,""max_stack"":16,""branch_attempts"":55681,""branch_right"":69610,""branch_left"":69710,""branch_successes"":180,""join_decomp"":38828,""meet_decomp"":38828}","{""pairs"":22455,""max_stack"":17,""branch_attempts"":8141,""branch_right"":10128,""branch_left"":10174,""branch_successes"":40,""join_decomp"":2037,""meet_decomp"":2233}",37777408,37777408,0,37777408,37777408,0,"","",canonical
whitman,11,0,0,0,18357,2805,21162,"{""pairs"":178489,""max_stack"":16,""branch_attempts"":55761,""branch_right"":69750,""branch_left"":69730,""branch_successes"":240,""join_decomp"":38828,""meet_decomp"":38828}","{""pairs"":24523,""max_stack"":17,""branch_attempts"":8917,""branch_right"":11146,""branch_left"":11146,""branch_successes"":0,""join_decomp"":2233,""meet_decomp"":2233}",37777408,37777408,0,37777408,37777408,0,"","",canonical
whitman,12,0,0,0,17636,2830,20466,"{""pairs"":171721,""max_stack"":16,""branch_attempts"":53514,""branch_right"":67030,""branch_left"":66988,""branch_successes"":100,""join_decomp"":38828,""meet_decomp"":36376}","{""pairs"":24643,""max_stack"":17,""branch_attempts"":8977,""branch_right"":11186,""branch_left"":11206,""branch_successes"":40,""join_decomp"":2233,""meet_decomp"":2233}",37777408,37777408,0,37777408,37777408,0,"","",canonical
whitman,13,0,0,0,18413,2824,21237,"{""pairs"":178909,""max_stack"":16,""branch_attempts"":55941,""branch_right"":69850,""branch_left"":69990,""branch_successes"":340,""join_decomp"":38828,""meet_decomp"":38828}","{""pairs"":24603,""max_stack"":17,""branch_attempts"":8957,""branch_right"":11166,""branch_left"":11186,""branch_successes"":40,""join_decomp"":2233,""meet_decomp"":2233}",37777408,37777408,0,37777408,37777408,0,"","",canonical
whitman,14,0,0,0,18362,2912,21274,"{""pairs"":177507,""max_stack"":16,""branch_attempts"":55781,""branch_right"":69710,""branch_left"":69750,""branch_successes"":280,""join_decomp"":37786,""meet_decomp"":37786}","{""pairs"":24703,""max_stack"":17,""branch_attempts"":9017,""branch_right"":11206,""branch_left"":11226,""branch_successes"":80,""join_decomp"":2233,""meet_decomp"":2233}",37777408,37777408,0,37777408,37777408,0,"","",canonical
whitman,15,0,0,0,18337,2632,20969,"{""pairs"":178449,""max_stack"":16,""branch_attempts"":55741,""branch_right"":69690,""branch_left"":69770,""branch_successes"":200,""join_decomp"":38828,""meet_decomp"":38828}","{""pairs"":22987,""max_stack"":17,""branch_attempts"":8312,""branch_right"":10469,""branch_left"":10446,""branch_successes"":70,""join_decomp"":2037,""meet_decomp"":2051}",37777408,37777408,0,37777408,37777408,0,"","",canonical
