engine,pair_id,u_leq_v,v_leq_u,eq,uv_us,vu_us,total_us,uv_stats,vu_stats,uv_working_set,uv_peak_working_set,uv_private_bytes,vu_working_set,vu_peak_working_set,vu_private_bytes,uv_error,vu_error,representation
whitman,0,0,0,0,363,74,437,"{""pairs"":985,""max_stack"":8,""branch_attempts"":287,""branch_right"":392,""branch_left"":396,""branch_successes"":6,""join_decomp"":192,""meet_decomp"":192}","{""pairs"":159,""max_stack"":9,""branch_attempts"":59,""branch_right"":70,""branch_left"":72,""branch_successes"":4,""join_decomp"":17,""meet_decomp"":17}",37777408,37777408,0,37777408,37777408,0,"","",canonical
whitman,1,0,0,0,365,64,429,"{""pairs"":973,""max_stack"":8,""branch_attempts"":281,""branch_right"":390,""branch_left"":390,""branch_successes"":0,""join_decomp"":192,""meet_decomp"":192}","{""pairs"":147,""max_stack"":9,""branch_attempts"":53,""branch_right"":66,""branch_left"":66,""branch_successes"":0,""join_decomp"":17,""meet_decomp"":17}",37777408,37777408,0,37777408,37777408,0,"","",canonical
whitman,2,0,0,0,351,74,425,"{""pairs"":973,""max_stack"":8,""branch_attempts"":281,""branch_right"":390,""branch_left"":390,""branch_successes"":0,""join_decomp"":192,""meet_decomp"":192}","{""pairs"":159,""max_stack"":9,""branch_attempts"":59,""branch_right"":70,""branch_left"":72,""branch_successes"":4,""join_decomp"":17,""meet_decomp"":17}",37777408,37777408,0,37777408,37777408,0,"","",canonical
whitman,3,0,0,0,348,64,412,"{""pairs"":973,""max_stack"":8,""branch_attempts"":281,""branch_right"":390,""branch_left"":390,""branch_successes"":0,""join_decomp"":192,""meet_decomp"":192}","{""pairs"":147,""max_stack"":9,""branch_attempts"":53,""branch_right"":66,""branch_left"":66,""branch_successes"":0,""join_decomp"":17,""meet_decomp"":17}",37777408,37777408,0,37777408,37777408,0,"","",canonical
whitman,4,0,0,0,346,64,410,"{""pairs"":973,""max_stack"":8,""branch_attempts"":281,""branch_right"":390,""branch_left"":390,""branch_successes"":0,""join_decomp"":192,""meet_decomp"":192}","{""pairs"":147,""max_stack"":9,""branch_attempts"":53,""branch_right"":66,""branch_left"":66,""branch_successes"":0,""join_decomp"":17,""meet_decomp"":17}",37777408,37777408,0,37777408,37777408,0,"","",canonical
whitman,5,0,0,0,356,64,420,"{""pairs"":991,""max_stack"":8,""branch_attempts"":289,""branch_right"":394,""branch_left"":400,""branch_successes"":6,""join_decomp"":192,""meet_decomp"":192}","{""pairs"":147,""max_stack"":9,""branch_attempts"":53,""branch_right"":66,""branch_left"":66,""branch_successes"":0,""join_decomp"":17,""meet_decomp"":17}",37777408,37777408,0,37777408,37777408,0,"","",canonical
whitman,6,0,0,0,345,64,409,"{""pairs"":977,""max_stack"":8,""branch_attempts"":283,""branch_right"":390,""branch_left"":392,""branch_successes"":2,""join_decomp"":192,""meet_decomp"":192}","{""pairs"":147,""max_stack"":9,""branch_attempts"":53,""branch_right"":66,""branch_left"":66,""branch_successes"":0,""join_decomp"":17,""meet_decomp"":17}",37777408,37777408,0,37777408,37777408,0,"","",canonical
whitman,7,0,0,0,346,64,410,"{""pairs"":973,""max_stack"":8,""branch_attempts"":281,""branch_right"":390,""branch_left"":390,""branch_successes"":0,""join_decomp"":192,""meet_decomp"":192}","{""pairs"":147,""max_stack"":9,""branch_attempts"":53,""branch_right"":66,""branch_left"":66,""branch_successes"":0,""join_decomp"":17,""meet_decomp"":17}",37777408,37777408,0,37777408,37777408,0,"","",canonical
whitman,8,0,0,0,268,49,317,"{""pairs"":985,""max_stack"":8,""branch_attempts"":285,""branch_right"":390,""branch_left"":398,""branch_successes"":4,""join_decomp"":192,""meet_decomp"":192}","{""pairs"":147,""max_stack"":9,""branch_attempts"":53,""branch_right"":66,""branch_left"":66,""branch_successes"":0,""join_decomp"":17,""meet_decomp"":17}",37777408,37777408,0,37777408,37777408,0,"","",canonical
whitman,9,0,0,0,308,64,372,"{""pairs"":973,""max_stack"":8,""branch_attempts"":281,""branch_right"":390,""branch_left"":390,""branch_successes"":0,""join_decomp"":192,""meet_decomp"":192}","{""pairs"":147,""max_stack"":9,""branch_attempts"":53,""branch_right"":66,""branch_left"":66,""branch_successes"":0,""join_decomp"":17,""meet_decomp"":17}",37777408,37777408,0,37777408,37777408,0,"","",canonical
whitman,10,0,0,0,346,40,386,"{""pairs"":966,""max_stack"":8,""branch_attempts"":283,""branch_right"":390,""branch_left"":392,""branch_successes"":2,""join_decomp"":192,""meet_decomp"":170}","{""pairs"":95,""max_stack"":9,""branch_attempts"":33,""branch_right"":42,""branch_left"":40,""branch_successes"":0,""join_decomp"":17,""meet_decomp"":13}",37777408,37777408,0,37777408,37777408,0,"","",canonical
whitman,11,0,0,0,388,64,452,"{""pairs"":979,""max_stack"":8,""branch_attempts"":283,""branch_right"":390,""branch_left"":394,""branch_successes"":2,""join_decomp"":192,""meet_decomp"":192}","{""pairs"":147,""max_stack"":9,""branch_attempts"":53,""branch_right"":66,""branch_left"":66,""branch_successes"":0,""join_decomp"":17,""meet_decomp"":17}",37777408,37777408,0,37777408,37777408,0,"","",canonical
whitman,12,0,0,0,349,64,413,"{""pairs"":979,""max_stack"":8,""branch_attempts"":283,""branch_right"":390,""branch_left"":394,""branch_successes"":2,""join_decomp"":192,""meet_decomp"":192}","{""pairs"":147,""max_stack"":9,""branch_attempts"":53,""branch_right"":66,""branch_left"":66,""branch_successes"":0,""join_decomp"":17,""meet_decomp"":17}",37777408,37777408,0,37777408,37777408,0,"","",canonical
whitman,13,0,0,0,346,64,410,"{""pairs"":973,""max_stack"":8,""branch_attempts"":281,""branch_right"":390,""branch_left"":390,""branch_successes"":0,""join_decomp"":192,""meet_decomp"":192}","{""pairs"":147,""max_stack"":9,""branch_attempts"":53,""branch_right"":66,""branch_left"":66,""branch_successes"":0,""join_decomp"":17,""meet_decomp"":17}",37777408,37777408,0,37777408,37777408,0,"","",canonical
whitman,14,0,0,0,347,72,419,"{""pairs"":973,""max_stack"":8,""branch_attempts"":281,""branch_right"":390,""branch_left"":390,""branch_successes"":0,""join_decomp"":192,""meet_decomp"":192}","{""pairs"":153,""max_stack"":9,""branch_attempts"":57,""branch_right"":68,""branch_left"":68,""branch_successes"":4,""join_decomp"":17,""meet_decomp"":17}",37777408,37777408,0,37777408,37777408,0,"","",canonical
whitman,15,0,0,0,354,64,418,"{""pairs"":979,""max_stack"":8,""branch_attempts"":285,""branch_right"":392,""branch_left"":392,""branch_successes"":4,""join_decomp"":192,""meet_decomp"":192}","{""pairs"":147,""max_stack"":9,""branch_attempts"":53,""branch_right"":66,""branch_left"":66,""branch_successes"":0,""join_decomp"":17,""meet_decomp"":17}",37777408,37777408,0,37777408,37777408,0,"","",canonical
