engine,pair_id,u_leq_v,v_leq_u,eq,uv_us,vu_us,total_us,uv_stats,vu_stats,uv_working_set,uv_peak_working_set,uv_private_bytes,vu_working_set,vu_peak_working_set,vu_private_bytes,uv_error,vu_error,representation
whitman,0,1,0,0,10,0,10,"{""pairs"":6,""max_stack"":3,""branch_attempts"":2,""branch_right"":1,""branch_left"":4,""branch_successes"":2,""join_decomp"":0,""meet_decomp"":0}","{""pairs"":2,""max_stack"":2,""branch_attempts"":0,""branch_right"":0,""branch_left"":0,""branch_successes"":0,""join_decomp"":5,""meet_decomp"":0}",37777408,37777408,0,37777408,37777408,0,"","",canonical
whitman,1,0,0,0,15,6,21,"{""pairs"":67,""max_stack"":4,""branch_attempts"":11,""branch_right"":30,""branch_left"":30,""branch_successes"":0,""join_decomp"":6,""meet_decomp"":6}","{""pairs"":15,""max_stack"":5,""branch_attempts"":5,""branch_right"":6,""branch_left"":6,""branch_successes"":0,""join_decomp"":5,""meet_decomp"":5}",37777408,37777408,0,37777408,37777408,0,"","",canonical
whitman,2,0,0,0,13,6,19,"{""pairs"":67,""max_stack"":4,""branch_attempts"":11,""branch_right"":30,""branch_left"":30,""branch_successes"":0,""join_decomp"":6,""meet_decomp"":6}","{""pairs"":15,""max_stack"":5,""branch_attempts"":5,""branch_right"":6,""branch_left"":6,""branch_successes"":0,""join_decomp"":5,""meet_decomp"":5}",37777408,37777408,0,37777408,37777408,0,"","",canonical
whitman,3,0,0,0,13,6,19,"{""pairs"":67,""max_stack"":4,""branch_attempts"":11,""branch_right"":30,""branch_left"":30,""branch_successes"":0,""join_decomp"":6,""meet_decomp"":6}","{""pairs"":15,""max_stack"":5,""branch_attempts"":5,""branch_right"":6,""branch_left"":6,""branch_successes"":0,""join_decomp"":5,""meet_decomp"":5}",37777408,37777408,0,37777408,37777408,0,"","",canonical
whitman,4,0,0,0,13,0,13,"{""pairs"":67,""max_stack"":4,""branch_attempts"":11,""branch_right"":30,""branch_left"":30,""branch_successes"":0,""join_decomp"":6,""meet_decomp"":6}","{""pairs"":5,""max_stack"":4,""branch_attempts"":1,""branch_right"":0,""branch_left"":2,""branch_successes"":0,""join_decomp"":5,""meet_decomp"":5}",37777408,37777408,0,37777408,37777408,0,"","",canonical
whitman,5,0,0,0,13,6,19,"{""pairs"":67,""max_stack"":4,""branch_attempts"":11,""branch_right"":30,""branch_left"":30,""branch_successes"":0,""join_decomp"":6,""meet_decomp"":6}","{""pairs"":15,""max_stack"":5,""branch_attempts"":5,""branch_right"":6,""branch_left"":6,""branch_successes"":0,""join_decomp"":5,""meet_decomp"":5}",37777408,37777408,0,37777408,37777408,0,"","",canonical
whitman,6,0,0,0,12,5,17,"{""pairs"":67,""max_stack"":4,""branch_attempts"":11,""branch_right"":30,""branch_left"":30,""branch_successes"":0,""join_decomp"":6,""meet_decomp"":6}","{""pairs"":15,""max_stack"":5,""branch_attempts"":5,""branch_right"":6,""branch_left"":6,""branch_successes"":0,""join_decomp"":5,""meet_decomp"":5}",37777408,37777408,0,37777408,37777408,0,"","",canonical
whitman,7,0,0,0,12,5,17,"{""pairs"":67,""max_stack"":4,""branch_attempts"":11,""branch_right"":30,""branch_left"":30,""branch_successes"":0,""join_decomp"":6,""meet_decomp"":6}","{""pairs"":15,""max_stack"":5,""branch_attempts"":5,""branch_right"":6,""branch_left"":6,""branch_successes"":0,""join_decomp"":5,""meet_decomp"":5}",37777408,37777408,0,37777408,37777408,0,"","",canonical
whitman,8,0,0,0,12,5,17,"{""pairs"":67,""max_stack"":4,""branch_attempts"":11,""branch_right"":30,""branch_left"":30,""branch_successes"":0,""join_decomp"":6,""meet_decomp"":6}","{""pairs"":15,""max_stack"":5,""branch_attempts"":5,""branch_right"":6,""branch_left"":6,""branch_successes"":0,""join_decomp"":5,""meet_decomp"":5}",37777408,37777408,0,37777408,37777408,0,"","",canonical
whitman,9,0,0,0,12,5,17,"{""pairs"":67,""max_stack"":4,""branch_attempts"":11,""branch_right"":30,""branch_left"":30,""branch_successes"":0,""join_decomp"":6,""meet_decomp"":6}","{""pairs"":15,""max_stack"":5,""branch_attempts"":5,""branch_right"":6,""branch_left"":6,""branch_successes"":0,""join_decomp"":5,""meet_decomp"":5}",37777408,37777408,0,37777408,37777408,0,"","",canonical
whitman,10,0,0,0,12,5,17,"{""pairs"":66,""max_stack"":4,""branch_attempts"":11,""branch_right"":30,""branch_left"":30,""branch_successes"":0,""join_decomp"":6,""meet_decomp"":4}","{""pairs"":15,""max_stack"":5,""branch_attempts"":5,""branch_right"":6,""branch_left"":6,""branch_successes"":0,""join_decomp"":5,""meet_decomp"":5}",37777408,37777408,0,37777408,37777408,0,"","",canonical
whitman,11,1,0,0,8,0,8,"{""pairs"":7,""max_stack"":3,""branch_attempts"":2,""branch_right"":1,""branch_left"":5,""branch_successes"":2,""join_decomp"":0,""meet_decomp"":0}","{""pairs"":2,""max_stack"":2,""branch_attempts"":0,""branch_right"":0,""branch_left"":0,""branch_successes"":0,""join_decomp"":5,""meet_decomp"":0}",37777408,37777408,0,37777408,37777408,0,"","",canonical
whitman,12,0,0,0,12,5,17,"{""pairs"":67,""max_stack"":4,""branch_attempts"":11,""branch_right"":30,""branch_left"":30,""branch_successes"":0,""join_decomp"":6,""meet_decomp"":6}","{""pairs"":15,""max_stack"":5,""branch_attempts"":5,""branch_right"":6,""branch_left"":6,""branch_successes"":0,""join_decomp"":5,""meet_decomp"":5}",37777408,37777408,0,37777408,37777408,0,"","",canonical
whitman,13,0,0,0,12,5,17,"{""pairs"":67,""max_stack"":4,""branch_attempts"":11,""branch_right"":30,""branch_left"":30,""branch_successes"":0,""join_decomp"":6,""meet_decomp"":6}","{""pairs"":15,""max_stack"":5,""branch_attempts"":5,""branch_right"":6,""branch_left"":6,""branch_successes"":0,""join_decomp"":5,""meet_decomp"":5}",37777408,37777408,0,37777408,37777408,0,"","",canonical
whitman,14,0,0,0,13,5,18,"{""pairs"":72,""max_stack"":4,""branch_attempts"":12,""branch_right"":30,""branch_left"":34,""branch_successes"":1,""join_decomp"":6,""meet_decomp"":6}","{""pairs"":15,""max_stack"":5,""branch_attempts"":5,""branch_right"":6,""branch_left"":6,""branch_successes"":0,""join_decomp"":5,""meet_decomp"":5}",37777408,37777408,0,37777408,37777408,0,"","",canonical
whitman,15,0,0,0,12,5,17,"{""pairs"":67,""max_stack"":4,""branch_attempts"":11,""branch_right"":30,""branch_left"":30,""branch_successes"":0,""join_decomp"":6,""meet_decomp"":6}","{""pairs"":15,""max_stack"":5,""branch_attempts"":5,""branch_right"":6,""branch_left"":6,""branch_successes"":0,""join_decomp"":5,""meet_decomp"":5}",37777408,37777408,0,37777408,37777408,0,"","",canonical
