engine,pair_id,u_leq_v,v_leq_u,eq,uv_us,vu_us,total_us,uv_stats,vu_stats,uv_working_set,uv_peak_working_set,uv_private_bytes,vu_working_set,vu_peak_working_set,vu_private_bytes,uv_error,vu_error,representation
whitman,0,0,0,0,283722,38864,322586,"{""pairs"":2512281,""max_stack"":20,""branch_attempts"":786931,""branch_right"":982670,""branch_left"":982040,""branch_successes"":2730,""join_decomp"":548796,""meet_decomp"":541444}","{""pairs"":334428,""max_stack"":21,""branch_attempts"":121981,""branch_right"":151068,""branch_left"":151754,""branch_successes"":1815,""join_decomp"":31385,""meet_decomp"":30051}",37777408,37777408,0,37777408,37777408,0,"","",canonical
whitman,1,0,0,0,259031,38383,297414,"{""pairs"":2516902,""max_stack"":20,""branch_attempts"":787421,""branch_right"":983055,""branch_left"":982810,""branch_successes"":2975,""join_decomp"":548796,""meet_decomp"":548866}","{""pairs"":332968,""max_stack"":21,""branch_attempts"":121111,""branch_right"":150703,""branch_left"":151059,""branch_successes"":945,""join_decomp"":31385,""meet_decomp"":30121}",37777408,37777408,0,37777408,37777408,0,"","",canonical
whitman,2,0,0,0,253858,40330,294188,"{""pairs"":2467278,""max_stack"":20,""branch_attempts"":772434,""branch_right"":964048,""branch_left"":964450,""branch_successes"":2870,""join_decomp"":538566,""meet_decomp"":534232}","{""pairs"":347015,""max_stack"":21,""branch_attempts"":126505,""branch_right"":157466,""branch_left"":157746,""branch_successes"":840,""join_decomp"":31385,""meet_decomp"":31385}",37777408,37777408,0,37777408,37777408,0,"","",canonical
whitman,3,0,0,0,258523,40297,298820,"{""pairs"":2513121,""max_stack"":20,""branch_attempts"":787211,""branch_right"":982460,""branch_left"":983020,""branch_successes"":2800,""join_decomp"":541584,""meet_decomp"":548796}","{""pairs"":348625,""max_stack"":21,""branch_attempts"":127135,""branch_right"":157886,""branch_left"":158726,""branch_successes"":1260,""join_decomp"":31385,""meet_decomp"":31385}",37777408,37777408,0,37777408,37777408,0,"","",canonical
whitman,4,0,0,0,258651,40727,299378,"{""pairs"":2517567,""max_stack"":20,""branch_attempts"":787701,""branch_right"":983510,""branch_left"":982530,""branch_successes"":3360,""join_decomp"":548796,""meet_decomp"":548796}","{""pairs"":349745,""max_stack"":21,""branch_attempts"":127765,""branch_right"":158341,""branch_left"":159076,""branch_successes"":1785,""join_decomp"":31385,""meet_decomp"":31525}",37777408,37777408,0,37777408,37777408,0,"","",canonical
whitman,5,0,0,0,249130,39971,289101,"{""pairs"":2425531,""max_stack"":20,""branch_attempts"":757797,""branch_right"":945408,""branch_left"":946528,""branch_successes"":2660,""join_decomp"":531354,""meet_decomp"":531354}","{""pairs"":346805,""max_stack"":21,""branch_attempts"":126365,""branch_right"":157396,""branch_left"":157676,""branch_successes"":700,""join_decomp"":31385,""meet_decomp"":31385}",37777408,37777408,0,37777408,37777408,0,"","",canonical
whitman,6,0,0,0,254165,40552,294717,"{""pairs"":2468714,""max_stack"":20,""branch_attempts"":771524,""branch_right"":963330,""branch_left"":963908,""branch_successes"":1855,""join_decomp"":548866,""meet_decomp"":531354}","{""pairs"":349220,""max_stack"":21,""branch_attempts"":127450,""branch_right"":158096,""branch_left"":158936,""branch_successes"":1505,""join_decomp"":31525,""meet_decomp"":31385}",37777408,37777408,0,37777408,37777408,0,"","",canonical
whitman,7,0,0,0,258740,40044,298784,"{""pairs"":2519772,""max_stack"":20,""branch_attempts"":788646,""branch_right"":983020,""branch_left"":984910,""branch_successes"":3815,""join_decomp"":548936,""meet_decomp"":548796}","{""pairs"":347365,""max_stack"":21,""branch_attempts"":126645,""branch_right"":157606,""branch_left"":157956,""branch_successes"":840,""join_decomp"":31385,""meet_decomp"":31385}",37777408,37777408,0,37777408,37777408,0,"","",canonical
whitman,8,0,0,0,259060,37260,296320,"{""pairs"":2513401,""max_stack"":20,""branch_attempts"":787491,""branch_right"":982915,""branch_left"":983020,""branch_successes"":2905,""join_decomp"":541584,""meet_decomp"":548796}","{""pairs"":320436,""max_stack"":21,""branch_attempts"":116652,""branch_right"":144281,""branch_left"":145126,""branch_successes"":1960,""join_decomp"":29981,""meet_decomp"":30121}",37777408,37777408,0,37777408,37777408,0,"","",canonical
whitman,9,0,0,0,258399,40731,299130,"{""pairs"":2517882,""max_stack"":20,""branch_attempts"":787736,""branch_right"":983370,""branch_left"":982880,""branch_successes"":3255,""join_decomp"":548796,""meet_decomp"":548936}","{""pairs"":349550,""max_stack"":21,""branch_attempts"":127755,""branch_right"":158381,""branch_left"":158961,""branch_successes"":1545,""join_decomp"":31525,""meet_decomp"":31385}",37777408,37777408,0,37777408,37777408,0,"","",canonical
whitman,10,0,0,0,253480,40287,293767,"{""pairs"":2474700,""max_stack"":20,""branch_attempts"":772574,""branch_right"":964380,""branch_left"":964468,""branch_successes"":2800,""join_decomp"":548796,""meet_decomp"":538566}","{""pairs"":347995,""max_stack"":21,""branch_attempts"":126925,""branch_right"":157746,""branch_left"":158306,""branch_successes"":1120,""join_decomp"":31385,""meet_decomp"":31385}",37777408,37777408,0,37777408,37777408,0,"","",canonical
whitman,11,0,0,0,258829,38542,297371,"{""pairs"":2505139,""max_stack"":20,""branch_attempts"":787211,""branch_right"":982600,""branch_left"":982670,""branch_successes"":2870,""join_decomp"":534092,""meet_decomp"":541444}","{""pairs"":333283,""max_stack"":21,""branch_attempts"":121356,""branch_right"":150604,""branch_left"":151333,""branch_successes"":1295,""join_decomp"":29981,""meet_decomp"":31385}",37777408,37777408,0,37777408,37777408,0,"","",canonical
whitman,12,0,0,0,253026,40297,293323,"{""pairs"":2384029,""max_stack"":20,""branch_attempts"":743020,""branch_right"":928098,""branch_left"":927941,""branch_successes"":2030,""join_decomp"":531354,""meet_decomp"":521264}","{""pairs"":348415,""max_stack"":21,""branch_attempts"":127065,""branch_right"":157921,""branch_left"":158516,""branch_successes"":1085,""join_decomp"":31525,""meet_decomp"":31385}",37777408,37777408,0,37777408,37777408,0,"","",canonical
whitman,13,0,0,0,253945,40589,294534,"{""pairs"":2475330,""max_stack"":20,""branch_attempts"":772924,""branch_right"":964328,""branch_left"":964660,""branch_successes"":3290,""join_decomp"":538566,""meet_decomp"":548796}","{""pairs"":349955,""max_stack"":21,""branch_attempts"":127835,""branch_right"":158481,""branch_left"":159216,""branch_successes"":1610,""join_decomp"":31455,""meet_decomp"":31525}",37777408,37777408,0,37777408,37777408,0,"","",canonical
whitman,14,0,0,0,254333,38954,293287,"{""pairs"":2472729,""max_stack"":20,""branch_attempts"":773284,""branch_right"":964885,""branch_left"":965143,""branch_successes"":3465,""join_decomp"":548796,""meet_decomp"":531494}","{""pairs"":335778,""max_stack"":21,""branch_attempts"":122501,""branch_right"":151568,""branch_left"":152479,""branch_successes"":1925,""join_decomp"":31595,""meet_decomp"":29981}",37777408,37777408,0,37777408,37777408,0,"","",canonical
whitman,15,0,0,0,258779,40375,299154,"{""pairs"":2518022,""max_stack"":20,""branch_attempts"":787806,""branch_right"":982810,""branch_left"":983930,""branch_successes"":3185,""join_decomp"":548936,""meet_decomp"":548796}","{""pairs"":348275,""max_stack"":21,""branch_attempts"":127205,""branch_right"":157886,""branch_left"":158306,""branch_successes"":1400,""join_decomp"":31385,""meet_decomp"":31385}",37777408,37777408,0,37777408,37777408,0,"","",canonical
