engine,pair_id,u_leq_v,v_leq_u,eq,uv_us,vu_us,total_us,uv_stats,vu_stats,uv_working_set,uv_peak_working_set,uv_private_bytes,vu_working_set,vu_peak_working_set,vu_private_bytes,uv_error,vu_error,representation
whitman,0,0,0,0,10563,222,10785,"{""pairs"":78799,""max_stack"":15,""branch_attempts"":27479,""branch_right"":34294,""branch_left"":34474,""branch_successes"":210,""join_decomp"":9900,""meet_decomp"":9900}","{""pairs"":2284,""max_stack"":14,""branch_attempts"":661,""branch_right"":826,""branch_left"":826,""branch_successes"":0,""join_decomp"":665,""meet_decomp"":603}",37777408,37777408,0,37777408,37777408,0,"","",canonical
whitman,1,0,0,0,9216,223,9439,"{""pairs"":79759,""max_stack"":15,""branch_attempts"":27869,""branch_right"":34674,""branch_left"":34944,""branch_successes"":360,""join_decomp"":9980,""meet_decomp"":9940}","{""pairs"":2315,""max_stack"":14,""branch_attempts"":661,""branch_right"":826,""branch_left"":826,""branch_successes"":0,""join_decomp"":665,""meet_decomp"":665}",37777408,37777408,0,37777408,37777408,0,"","",canonical
whitman,2,0,0,0,9151,233,9384,"{""pairs"":78985,""max_stack"":15,""branch_attempts"":27735,""branch_right"":34464,""branch_left"":34550,""branch_successes"":466,""join_decomp"":9508,""meet_decomp"":9940}","{""pairs"":2315,""max_stack"":14,""branch_attempts"":661,""branch_right"":826,""branch_left"":826,""branch_successes"":0,""join_decomp"":665,""meet_decomp"":665}",37777408,37777408,0,37777408,37777408,0,"","",canonical
whitman,3,0,0,0,9044,239,9283,"{""pairs"":78935,""max_stack"":15,""branch_attempts"":27679,""branch_right"":34456,""branch_left"":34538,""branch_successes"":386,""join_decomp"":9900,""meet_decomp"":9568}","{""pairs"":2315,""max_stack"":14,""branch_attempts"":661,""branch_right"":826,""branch_left"":826,""branch_successes"":0,""join_decomp"":665,""meet_decomp"":665}",37777408,37777408,0,37777408,37777408,0,"","",canonical
whitman,4,0,0,0,8500,222,8722,"{""pairs"":74966,""max_stack"":15,""branch_attempts"":26064,""branch_right"":32612,""branch_left"":32544,""branch_successes"":228,""join_decomp"":9900,""meet_decomp"":9470}","{""pairs"":2315,""max_stack"":14,""branch_attempts"":661,""branch_right"":826,""branch_left"":826,""branch_successes"":0,""join_decomp"":665,""meet_decomp"":665}",37777408,37777408,0,37777408,37777408,0,"","",canonical
whitman,5,0,0,0,8937,223,9160,"{""pairs"":78709,""max_stack"":15,""branch_attempts"":27489,""branch_right"":34294,""branch_left"":34374,""branch_successes"":260,""join_decomp"":9900,""meet_decomp"":9900}","{""pairs"":2315,""max_stack"":14,""branch_attempts"":661,""branch_right"":826,""branch_left"":826,""branch_successes"":0,""join_decomp"":665,""meet_decomp"":665}",37777408,37777408,0,37777408,37777408,0,"","",canonical
whitman,6,0,0,0,25189,355,25544,"{""pairs"":78353,""max_stack"":15,""branch_attempts"":27389,""branch_right"":34264,""branch_left"":34274,""branch_successes"":160,""join_decomp"":9900,""meet_decomp"":9528}","{""pairs"":2315,""max_stack"":14,""branch_attempts"":661,""branch_right"":826,""branch_left"":826,""branch_successes"":0,""join_decomp"":665,""meet_decomp"":665}",37777408,37777408,0,37777408,37777408,0,"","",canonical
whitman,7,0,0,0,11289,240,11529,"{""pairs"":78689,""max_stack"":15,""branch_attempts"":27449,""branch_right"":34294,""branch_left"":34374,""branch_successes"":200,""join_decomp"":9900,""meet_decomp"":9900}","{""pairs"":2315,""max_stack"":14,""branch_attempts"":661,""branch_right"":826,""branch_left"":826,""branch_successes"":0,""join_decomp"":665,""meet_decomp"":665}",37777408,37777408,0,37777408,37777408,0,"","",canonical
whitman,8,0,0,0,8963,222,9185,"{""pairs"":78779,""max_stack"":15,""branch_attempts"":27489,""branch_right"":34294,""branch_left"":34444,""branch_successes"":220,""join_decomp"":9900,""meet_decomp"":9900}","{""pairs"":2315,""max_stack"":14,""branch_attempts"":661,""branch_right"":826,""branch_left"":826,""branch_successes"":0,""join_decomp"":665,""meet_decomp"":665}",37777408,37777408,0,37777408,37777408,0,"","",canonical
whitman,9,0,0,0,8282,222,8504,"{""pairs"":74782,""max_stack"":15,""branch_attempts"":25962,""branch_right"":32432,""branch_left"":32594,""branch_successes"":160,""join_decomp"":9410,""meet_decomp"":9900}","{""pairs"":2315,""max_stack"":14,""branch_attempts"":661,""branch_right"":826,""branch_left"":826,""branch_successes"":0,""join_decomp"":665,""meet_decomp"":665}",37777408,37777408,0,37777408,37777408,0,"","",canonical
whitman,10,0,0,0,8363,223,8586,"{""pairs"":75372,""max_stack"":15,""branch_attempts"":26212,""branch_right"":32682,""branch_left"":32864,""branch_successes"":270,""join_decomp"":9410,""meet_decomp"":9940}","{""pairs"":2315,""max_stack"":14,""branch_attempts"":661,""branch_right"":826,""branch_left"":826,""branch_successes"":0,""join_decomp"":665,""meet_decomp"":665}",37777408,37777408,0,37777408,37777408,0,"","",canonical
whitman,11,0,0,0,8761,222,8983,"{""pairs"":78719,""max_stack"":15,""branch_attempts"":27459,""branch_right"":34314,""branch_left"":34394,""branch_successes"":210,""join_decomp"":9900,""meet_decomp"":9900}","{""pairs"":2315,""max_stack"":14,""branch_attempts"":661,""branch_right"":826,""branch_left"":826,""branch_successes"":0,""join_decomp"":665,""meet_decomp"":665}",37777408,37777408,0,37777408,37777408,0,"","",canonical
whitman,12,0,0,0,8783,222,9005,"{""pairs"":78719,""max_stack"":15,""branch_attempts"":27439,""branch_right"":34304,""branch_left"":34384,""branch_successes"":190,""join_decomp"":9900,""meet_decomp"":9900}","{""pairs"":2315,""max_stack"":14,""branch_attempts"":661,""branch_right"":826,""branch_left"":826,""branch_successes"":0,""join_decomp"":665,""meet_decomp"":665}",37777408,37777408,0,37777408,37777408,0,"","",canonical
whitman,13,0,0,0,8747,222,8969,"{""pairs"":78699,""max_stack"":15,""branch_attempts"":27449,""branch_right"":34294,""branch_left"":34364,""branch_successes"":220,""join_decomp"":9900,""meet_decomp"":9900}","{""pairs"":2315,""max_stack"":14,""branch_attempts"":661,""branch_right"":826,""branch_left"":826,""branch_successes"":0,""join_decomp"":665,""meet_decomp"":665}",37777408,37777408,0,37777408,37777408,0,"","",canonical
whitman,14,0,0,0,8754,222,8976,"{""pairs"":78879,""max_stack"":15,""branch_attempts"":27539,""branch_right"":34374,""branch_left"":34414,""branch_successes"":290,""join_decomp"":9900,""meet_decomp"":9900}","{""pairs"":2315,""max_stack"":14,""branch_attempts"":661,""branch_right"":826,""branch_left"":826,""branch_successes"":0,""join_decomp"":665,""meet_decomp"":665}",37777408,37777408,0,37777408,37777408,0,"","",canonical
whitman,15,0,0,0,8734,222,8956,"{""pairs"":78759,""max_stack"":15,""branch_attempts"":27469,""branch_right"":34334,""branch_left"":34404,""branch_successes"":200,""join_decomp"":9900,""meet_decomp"":9900}","{""pairs"":2315,""max_stack"":14,""branch_attempts"":661,""branch_right"":826,""branch_left"":826,""branch_successes"":0,""join_decomp"":665,""meet_decomp"":665}",37777408,37777408,0,37777408,37777408,0,"","",canonical
