engine,pair_id,u_leq_v,v_leq_u,eq,uv_us,vu_us,total_us,uv_stats,vu_stats,uv_working_set,uv_peak_working_set,uv_private_bytes,vu_working_set,vu_peak_working_set,vu_private_bytes,uv_error,vu_error,representation
whitman,0,0,0,0,154,6,160,"{""pairs"":413,""max_stack"":7,""branch_attempts"":125,""branch_right"":186,""branch_left"":186,""branch_successes"":0,""join_decomp"":40,""meet_decomp"":40}","{""pairs"":19,""max_stack"":6,""branch_attempts"":5,""branch_right"":6,""branch_left"":6,""branch_successes"":0,""join_decomp"":9,""meet_decomp"":9}",37777408,37777408,0,37777408,37777408,0,"","",canonical
whitman,1,0,0,0,156,6,162,"{""pairs"":421,""max_stack"":7,""branch_attempts"":130,""branch_right"":189,""branch_left"":188,""branch_successes"":5,""join_decomp"":40,""meet_decomp"":40}","{""pairs"":19,""max_stack"":6,""branch_attempts"":5,""branch_right"":6,""branch_left"":6,""branch_successes"":0,""join_decomp"":9,""meet_decomp"":9}",37777408,37777408,0,37777408,37777408,0,"","",canonical
whitman,2,0,0,0,154,6,160,"{""pairs"":421,""max_stack"":7,""branch_attempts"":129,""branch_right"":188,""branch_left"":190,""branch_successes"":4,""join_decomp"":40,""meet_decomp"":40}","{""pairs"":19,""max_stack"":6,""branch_attempts"":5,""branch_right"":6,""branch_left"":6,""branch_successes"":0,""join_decomp"":9,""meet_decomp"":9}",37777408,37777408,0,37777408,37777408,0,"","",canonical
whitman,3,0,0,0,147,6,153,"{""pairs"":413,""max_stack"":7,""branch_attempts"":125,""branch_right"":186,""branch_left"":186,""branch_successes"":0,""join_decomp"":40,""meet_decomp"":40}","{""pairs"":19,""max_stack"":6,""branch_attempts"":5,""branch_right"":6,""branch_left"":6,""branch_successes"":0,""join_decomp"":9,""meet_decomp"":9}",37777408,37777408,0,37777408,37777408,0,"","",canonical
whitman,4,0,0,0,146,5,151,"{""pairs"":413,""max_stack"":7,""branch_attempts"":125,""branch_right"":186,""branch_left"":186,""branch_successes"":0,""join_decomp"":40,""meet_decomp"":40}","{""pairs"":19,""max_stack"":6,""branch_attempts"":5,""branch_right"":6,""branch_left"":6,""branch_successes"":0,""join_decomp"":9,""meet_decomp"":9}",37777408,37777408,0,37777408,37777408,0,"","",canonical
whitman,5,0,0,0,146,6,152,"{""pairs"":413,""max_stack"":7,""branch_attempts"":125,""branch_right"":186,""branch_left"":186,""branch_successes"":0,""join_decomp"":40,""meet_decomp"":40}","{""pairs"":19,""max_stack"":6,""branch_attempts"":5,""branch_right"":6,""branch_left"":6,""branch_successes"":0,""join_decomp"":9,""meet_decomp"":9}",37777408,37777408,0,37777408,37777408,0,"","",canonical
whitman,6,0,0,0,154,6,160,"{""pairs"":419,""max_stack"":7,""branch_attempts"":129,""branch_right"":188,""branch_left"":188,""branch_successes"":4,""join_decomp"":40,""meet_decomp"":40}","{""pairs"":19,""max_stack"":6,""branch_attempts"":5,""branch_right"":6,""branch_left"":6,""branch_successes"":0,""join_decomp"":9,""meet_decomp"":9}",37777408,37777408,0,37777408,37777408,0,"","",canonical
whitman,7,0,0,0,146,6,152,"{""pairs"":413,""max_stack"":7,""branch_attempts"":125,""branch_right"":186,""branch_left"":186,""branch_successes"":0,""join_decomp"":40,""meet_decomp"":40}","{""pairs"":19,""max_stack"":6,""branch_attempts"":5,""branch_right"":6,""branch_left"":6,""branch_successes"":0,""join_decomp"":9,""meet_decomp"":9}",37777408,37777408,0,37777408,37777408,0,"","",canonical
whitman,8,0,0,0,154,5,159,"{""pairs"":421,""max_stack"":7,""branch_attempts"":130,""branch_right"":189,""branch_left"":188,""branch_successes"":5,""join_decomp"":40,""meet_decomp"":40}","{""pairs"":19,""max_stack"":6,""branch_attempts"":5,""branch_right"":6,""branch_left"":6,""branch_successes"":0,""join_decomp"":9,""meet_decomp"":9}",37777408,37777408,0,37777408,37777408,0,"","",canonical
whitman,9,0,0,0,118,6,124,"{""pairs"":326,""max_stack"":7,""branch_attempts"":94,""branch_right"":146,""branch_left"":144,""branch_successes"":0,""join_decomp"":40,""meet_decomp"":30}","{""pairs"":19,""max_stack"":6,""branch_attempts"":5,""branch_right"":6,""branch_left"":6,""branch_successes"":0,""join_decomp"":9,""meet_decomp"":9}",37777408,37777408,0,37777408,37777408,0,"","",canonical
whitman,10,0,0,0,147,6,153,"{""pairs"":413,""max_stack"":7,""branch_attempts"":125,""branch_right"":186,""branch_left"":186,""branch_successes"":0,""join_decomp"":40,""meet_decomp"":40}","{""pairs"":19,""max_stack"":6,""branch_attempts"":5,""branch_right"":6,""branch_left"":6,""branch_successes"":0,""join_decomp"":9,""meet_decomp"":9}",37777408,37777408,0,37777408,37777408,0,"","",canonical
whitman,11,0,0,0,146,6,152,"{""pairs"":413,""max_stack"":7,""branch_attempts"":125,""branch_right"":186,""branch_left"":186,""branch_successes"":0,""join_decomp"":40,""meet_decomp"":40}","{""pairs"":19,""max_stack"":6,""branch_attempts"":5,""branch_right"":6,""branch_left"":6,""branch_successes"":0,""join_decomp"":9,""meet_decomp"":9}",37777408,37777408,0,37777408,37777408,0,"","",canonical
whitman,12,0,0,0,147,5,152,"{""pairs"":413,""max_stack"":7,""branch_attempts"":125,""branch_right"":186,""branch_left"":186,""branch_successes"":0,""join_decomp"":40,""meet_decomp"":40}","{""pairs"":19,""max_stack"":6,""branch_attempts"":5,""branch_right"":6,""branch_left"":6,""branch_successes"":0,""join_decomp"":9,""meet_decomp"":9}",37777408,37777408,0,37777408,37777408,0,"","",canonical
whitman,13,0,0,0,146,6,152,"{""pairs"":413,""max_stack"":7,""branch_attempts"":125,""branch_right"":186,""branch_left"":186,""branch_successes"":0,""join_decomp"":40,""meet_decomp"":40}","{""pairs"":19,""max_stack"":6,""branch_attempts"":5,""branch_right"":6,""branch_left"":6,""branch_successes"":0,""join_decomp"":9,""meet_decomp"":9}",37777408,37777408,0,37777408,37777408,0,"","",canonical
whitman,14,0,0,0,153,6,159,"{""pairs"":421,""max_stack"":7,""branch_attempts"":129,""branch_right"":188,""branch_left"":190,""branch_successes"":4,""join_decomp"":40,""meet_decomp"":40}","{""pairs"":19,""max_stack"":6,""branch_attempts"":5,""branch_right"":6,""branch_left"":6,""branch_successes"":0,""join_decomp"":9,""meet_decomp"":9}",37777408,37777408,0,37777408,37777408,0,"","",canonical
whitman,15,0,0,0,146,6,152,"{""pairs"":413,""max_stack"":7,""branch_attempts"":125,""branch_right"":186,""branch_left"":186,""branch_successes"":0,""join_decomp"":40,""meet_decomp"":40}","{""pairs"":19,""max_stack"":6,""branch_attempts"":5,""branch_right"":6,""branch_left"":6,""branch_successes"":0,""join_decomp"":9,""meet_decomp"":9}",37777408,37777408,0,37777408,37777408,0,"","",canonical
