engine,pair_id,u_leq_v,v_leq_u,eq,uv_us,vu_us,total_us,uv_stats,vu_stats,uv_working_set,uv_peak_working_set,uv_private_bytes,vu_working_set,vu_peak_working_set,vu_private_bytes,uv_error,vu_error,representation
whitman,0,0,0,0,1330,207,1537,"{""pairs"":13091,""max_stack"":12,""branch_attempts"":4051,""branch_right"":5128,""branch_left"":5140,""branch_successes"":24,""join_decomp"":2804,""meet_decomp"":2804}","{""pairs"":1819,""max_stack"":13,""branch_attempts"":661,""branch_right"":826,""branch_left"":826,""branch_successes"":0,""join_decomp"":169,""meet_decomp"":169}",37777408,37777408,0,37777408,37777408,0,"","",canonical
whitman,1,0,0,0,4369,802,5171,"{""pairs"":13067,""max_stack"":12,""branch_attempts"":4039,""branch_right"":5110,""branch_left"":5134,""branch_successes"":18,""join_decomp"":2804,""meet_decomp"":2804}","{""pairs"":1819,""max_stack"":13,""branch_attempts"":661,""branch_right"":826,""branch_left"":826,""branch_successes"":0,""join_decomp"":169,""meet_decomp"":169}",37777408,37777408,0,37777408,37777408,0,"","",canonical
whitman,2,0,0,0,5055,614,5669,"{""pairs"":13025,""max_stack"":12,""branch_attempts"":4021,""branch_right"":5110,""branch_left"":5110,""branch_successes"":0,""join_decomp"":2804,""meet_decomp"":2804}","{""pairs"":1495,""max_stack"":13,""branch_attempts"":537,""branch_right"":668,""branch_left"":674,""branch_successes"":0,""join_decomp"":141,""meet_decomp"":169}",37777408,37777408,0,37777408,37777408,0,"","",canonical
whitman,3,0,0,0,4359,681,5040,"{""pairs"":13061,""max_stack"":12,""branch_attempts"":4039,""branch_right"":5122,""branch_left"":5122,""branch_successes"":18,""join_decomp"":2804,""meet_decomp"":2804}","{""pairs"":1819,""max_stack"":13,""branch_attempts"":661,""branch_right"":826,""branch_left"":826,""branch_successes"":0,""join_decomp"":169,""meet_decomp"":169}",37777408,37777408,0,37777408,37777408,0,"","",canonical
whitman,4,0,0,0,3048,455,3503,"{""pairs"":13103,""max_stack"":12,""branch_attempts"":4057,""branch_right"":5128,""branch_left"":5152,""branch_successes"":30,""join_decomp"":2804,""meet_decomp"":2804}","{""pairs"":1819,""max_stack"":13,""branch_attempts"":661,""branch_right"":826,""branch_left"":826,""branch_successes"":0,""join_decomp"":169,""meet_decomp"":169}",37777408,37777408,0,37777408,37777408,0,"","",canonical
whitman,5,0,0,0,2900,455,3355,"{""pairs"":13061,""max_stack"":12,""branch_attempts"":4039,""branch_right"":5116,""branch_left"":5128,""branch_successes"":18,""join_decomp"":2804,""meet_decomp"":2804}","{""pairs"":1819,""max_stack"":13,""branch_attempts"":661,""branch_right"":826,""branch_left"":826,""branch_successes"":0,""join_decomp"":169,""meet_decomp"":169}",37777408,37777408,0,37777408,37777408,0,"","",canonical
whitman,6,0,0,0,1989,317,2306,"{""pairs"":13103,""max_stack"":12,""branch_attempts"":4051,""branch_right"":5134,""branch_left"":5134,""branch_successes"":30,""join_decomp"":2804,""meet_decomp"":2804}","{""pairs"":1855,""max_stack"":13,""branch_attempts"":679,""branch_right"":838,""branch_left"":844,""branch_successes"":12,""join_decomp"":169,""meet_decomp"":169}",37777408,37777408,0,37777408,37777408,0,"","",canonical
whitman,7,0,0,0,1955,307,2262,"{""pairs"":13043,""max_stack"":12,""branch_attempts"":4027,""branch_right"":5110,""branch_left"":5122,""branch_successes"":6,""join_decomp"":2804,""meet_decomp"":2804}","{""pairs"":1819,""max_stack"":13,""branch_attempts"":661,""branch_right"":826,""branch_left"":826,""branch_successes"":0,""join_decomp"":169,""meet_decomp"":169}",37777408,37777408,0,37777408,37777408,0,"","",canonical
whitman,8,0,0,0,1957,307,2264,"{""pairs"":13037,""max_stack"":12,""branch_attempts"":4027,""branch_right"":5110,""branch_left"":5116,""branch_successes"":6,""join_decomp"":2804,""meet_decomp"":2804}","{""pairs"":1819,""max_stack"":13,""branch_attempts"":661,""branch_right"":826,""branch_left"":826,""branch_successes"":0,""join_decomp"":169,""meet_decomp"":169}",37777408,37777408,0,37777408,37777408,0,"","",canonical
whitman,9,0,0,0,1376,217,1593,"{""pairs"":13079,""max_stack"":12,""branch_attempts"":4045,""branch_right"":5122,""branch_left"":5128,""branch_successes"":24,""join_decomp"":2804,""meet_decomp"":2804}","{""pairs"":1819,""max_stack"":13,""branch_attempts"":661,""branch_right"":826,""branch_left"":826,""branch_successes"":0,""join_decomp"":169,""meet_decomp"":169}",37777408,37777408,0,37777408,37777408,0,"","",canonical
whitman,10,0,0,0,1317,225,1542,"{""pairs"":13043,""max_stack"":12,""branch_attempts"":4027,""branch_right"":5110,""branch_left"":5122,""branch_successes"":6,""join_decomp"":2804,""meet_decomp"":2804}","{""pairs"":1924,""max_stack"":13,""branch_attempts"":706,""branch_right"":868,""branch_left"":874,""branch_successes"":21,""join_decomp"":169,""meet_decomp"":181}",37777408,37777408,0,37777408,37777408,0,"","",canonical
whitman,11,0,0,0,1380,227,1607,"{""pairs"":13025,""max_stack"":12,""branch_attempts"":4021,""branch_right"":5110,""branch_left"":5110,""branch_successes"":0,""join_decomp"":2804,""meet_decomp"":2804}","{""pairs"":1837,""max_stack"":13,""branch_attempts"":673,""branch_right"":832,""branch_left"":832,""branch_successes"":12,""join_decomp"":169,""meet_decomp"":169}",37777408,37777408,0,37777408,37777408,0,"","",canonical
whitman,12,0,0,0,1322,221,1543,"{""pairs"":13043,""max_stack"":12,""branch_attempts"":4033,""branch_right"":5116,""branch_left"":5116,""branch_successes"":12,""join_decomp"":2804,""meet_decomp"":2804}","{""pairs"":1870,""max_stack"":13,""branch_attempts"":688,""branch_right"":841,""branch_left"":850,""branch_successes"":21,""join_decomp"":175,""meet_decomp"":169}",37777408,37777408,0,37777408,37777408,0,"","",canonical
whitman,13,0,0,0,1371,182,1553,"{""pairs"":13133,""max_stack"":12,""branch_attempts"":4063,""branch_right"":5122,""branch_left"":5176,""branch_successes"":36,""join_decomp"":2804,""meet_decomp"":2804}","{""pairs"":1549,""max_stack"":13,""branch_attempts"":567,""branch_right"":686,""branch_left"":698,""branch_successes"":24,""join_decomp"":141,""meet_decomp"":169}",37777408,37777408,0,37777408,37777408,0,"","",canonical
whitman,14,0,0,0,1341,237,1578,"{""pairs"":13067,""max_stack"":12,""branch_attempts"":4045,""branch_right"":5128,""branch_left"":5116,""branch_successes"":24,""join_decomp"":2804,""meet_decomp"":2804}","{""pairs"":1855,""max_stack"":13,""branch_attempts"":679,""branch_right"":838,""branch_left"":844,""branch_successes"":12,""join_decomp"":169,""meet_decomp"":169}",37777408,37777408,0,37777408,37777408,0,"","",canonical
whitman,15,0,0,0,1340,213,1553,"{""pairs"":13037,""max_stack"":12,""branch_attempts"":4027,""branch_right"":5110,""branch_left"":5116,""branch_successes"":6,""join_decomp"":2804,""meet_decomp"":2804}","{""pairs"":1837,""max_stack"":13,""branch_attempts"":673,""branch_right"":832,""branch_left"":832,""branch_successes"":12,""join_decomp"":169,""meet_decomp"":169}",37777408,37777408,0,37777408,37777408,0,"","",canonical
