engine,pair_id,u_leq_v,v_leq_u,eq,uv_us,vu_us,total_us,uv_stats,vu_stats,uv_working_set,uv_peak_working_set,uv_private_bytes,vu_working_set,vu_peak_working_set,vu_private_bytes,uv_error,vu_error,representation
whitman,0,0,0,0,1810275,42269,1852544,"{""pairs"":16014571,""max_stack"":23,""branch_attempts"":5611763,""branch_right"":6985506,""branch_left"":7003650,""branch_successes"":38178,""join_decomp"":2013592,""meet_decomp"":1994648}","{""pairs"":439339,""max_stack"":22,""branch_attempts"":125525,""branch_right"":156906,""branch_left"":156906,""branch_successes"":0,""join_decomp"":125529,""meet_decomp"":125529}",37777408,37777408,0,37777408,37777408,0,"","",canonical
whitman,1,0,0,0,1773682,42301,1815983,"{""pairs"":15852722,""max_stack"":23,""branch_attempts"":5554838,""branch_right"":6905532,""branch_left"":6927034,""branch_successes"":48804,""join_decomp"":1988990,""meet_decomp"":1997084}","{""pairs"":439339,""max_stack"":22,""branch_attempts"":125525,""branch_right"":156906,""branch_left"":156906,""branch_successes"":0,""join_decomp"":125529,""meet_decomp"":125529}",37777408,37777408,0,37777408,37777408,0,"","",canonical
whitman,2,0,0,0,1745199,42275,1787474,"{""pairs"":15626669,""max_stack"":23,""branch_attempts"":5467561,""branch_right"":6802540,""branch_left"":6821944,""branch_successes"":41580,""join_decomp"":1969010,""meet_decomp"":1987982}","{""pairs"":439339,""max_stack"":22,""branch_attempts"":125525,""branch_right"":156906,""branch_left"":156906,""branch_successes"":0,""join_decomp"":125529,""meet_decomp"":125529}",37777408,37777408,0,37777408,37777408,0,"","",canonical
whitman,3,0,0,0,1775336,42519,1817855,"{""pairs"":15861522,""max_stack"":23,""branch_attempts"":5555496,""branch_right"":6906454,""branch_left"":6924348,""branch_successes"":52430,""join_decomp"":2013844,""meet_decomp"":1989242}","{""pairs"":439339,""max_stack"":22,""branch_attempts"":125525,""branch_right"":156906,""branch_left"":156906,""branch_successes"":0,""join_decomp"":125529,""meet_decomp"":125529}",37777408,37777408,0,37777408,37777408,0,"","",canonical
whitman,4,0,0,0,1739388,42294,1781682,"{""pairs"":15606545,""max_stack"":23,""branch_attempts"":5453953,""branch_right"":6794980,""branch_left"":6805942,""branch_successes"":30114,""join_decomp"":1988234,""meet_decomp"":1987982}","{""pairs"":438148,""max_stack"":22,""branch_attempts"":125665,""branch_right"":157046,""branch_left"":156906,""branch_successes"":140,""join_decomp"":125529,""meet_decomp"":122587}",37777408,37777408,0,37777408,37777408,0,"","",canonical
whitman,5,0,0,0,1684466,42585,1727051,"{""pairs"":15036234,""max_stack"":23,""branch_attempts"":5246386,""branch_right"":6528486,""branch_left"":6546302,""branch_successes"":36400,""join_decomp"":1911908,""meet_decomp"":1969542}","{""pairs"":439339,""max_stack"":22,""branch_attempts"":125525,""branch_right"":156906,""branch_left"":156906,""branch_successes"":0,""join_decomp"":125529,""meet_decomp"":125529}",37777408,37777408,0,37777408,37777408,0,"","",canonical
whitman,6,0,0,0,1744999,42333,1787332,"{""pairs"":15629603,""max_stack"":23,""branch_attempts"":5464789,""branch_right"":6800650,""branch_left"":6818668,""branch_successes"":38052,""join_decomp"":1987982,""meet_decomp"":1988234}","{""pairs"":439339,""max_stack"":22,""branch_attempts"":125525,""branch_right"":156906,""branch_left"":156906,""branch_successes"":0,""join_decomp"":125529,""meet_decomp"":125529}",37777408,37777408,0,37777408,37777408,0,"","",canonical
whitman,7,0,0,0,1771774,42351,1814125,"{""pairs"":15849496,""max_stack"":23,""branch_attempts"":5549098,""branch_right"":6900240,""branch_left"":6921476,""branch_successes"":44800,""join_decomp"":1990558,""meet_decomp"":2014852}","{""pairs"":439339,""max_stack"":22,""branch_attempts"":125525,""branch_right"":156906,""branch_left"":156906,""branch_successes"":0,""join_decomp"":125529,""meet_decomp"":125529}",37777408,37777408,0,37777408,37777408,0,"","",canonical
whitman,8,0,0,0,1728697,42361,1771058,"{""pairs"":15456134,""max_stack"":23,""branch_attempts"":5402012,""branch_right"":6718686,""branch_left"":6736944,""branch_successes"":44856,""join_decomp"":1987982,""meet_decomp"":1964136}","{""pairs"":436397,""max_stack"":22,""branch_attempts"":125525,""branch_right"":156906,""branch_left"":156906,""branch_successes"":0,""join_decomp"":122587,""meet_decomp"":122587}",37777408,37777408,0,37777408,37777408,0,"","",canonical
whitman,9,0,0,0,1791978,42325,1834303,"{""pairs"":16033619,""max_stack"":23,""branch_attempts"":5616929,""branch_right"":6987270,""branch_left"":7007556,""branch_successes"":43722,""join_decomp"":2013592,""meet_decomp"":2013844}","{""pairs"":439339,""max_stack"":22,""branch_attempts"":125525,""branch_right"":156906,""branch_left"":156906,""branch_successes"":0,""join_decomp"":125529,""meet_decomp"":125529}",37777408,37777408,0,37777408,37777408,0,"","",canonical
whitman,10,0,0,0,1795105,42437,1837542,"{""pairs"":16018181,""max_stack"":23,""branch_attempts"":5623677,""branch_right"":6993066,""branch_left"":7012484,""branch_successes"":47320,""join_decomp"":1957096,""meet_decomp"":2014852}","{""pairs"":439339,""max_stack"":22,""branch_attempts"":125525,""branch_right"":156906,""branch_left"":156906,""branch_successes"":0,""join_decomp"":125529,""meet_decomp"":125529}",37777408,37777408,0,37777408,37777408,0,"","",canonical
whitman,11,0,0,0,1775983,42340,1818323,"{""pairs"":15873884,""max_stack"":23,""branch_attempts"":5559822,""branch_right"":6909212,""branch_left"":6933140,""branch_successes"":52920,""join_decomp"":2016112,""meet_decomp"":1988990}","{""pairs"":439339,""max_stack"":22,""branch_attempts"":125525,""branch_right"":156906,""branch_left"":156906,""branch_successes"":0,""join_decomp"":125529,""meet_decomp"":125529}",37777408,37777408,0,37777408,37777408,0,"","",canonical
whitman,12,0,0,0,1769130,42276,1811406,"{""pairs"":15811890,""max_stack"":23,""branch_attempts"":5541174,""branch_right"":6895982,""branch_left"":6910964,""branch_successes"":40068,""join_decomp"":1995012,""meet_decomp"":1970634}","{""pairs"":439339,""max_stack"":22,""branch_attempts"":125525,""branch_right"":156906,""branch_left"":156906,""branch_successes"":0,""join_decomp"":125529,""meet_decomp"":125529}",37777408,37777408,0,37777408,37777408,0,"","",canonical
whitman,13,0,0,0,1747731,42587,1790318,"{""pairs"":15648559,""max_stack"":23,""branch_attempts"":5473455,""branch_right"":6805132,""branch_left"":6829488,""branch_successes"":45234,""join_decomp"":1962372,""meet_decomp"":2014348}","{""pairs"":436397,""max_stack"":22,""branch_attempts"":125525,""branch_right"":156906,""branch_left"":156906,""branch_successes"":0,""join_decomp"":119645,""meet_decomp"":125529}",37777408,37777408,0,37777408,37777408,0,"","",canonical
whitman,14,0,0,0,1790471,42271,1832742,"{""pairs"":16019577,""max_stack"":23,""branch_attempts"":5611763,""branch_right"":6984372,""branch_left"":6998932,""branch_successes"":39690,""join_decomp"":2013844,""meet_decomp"":2013844}","{""pairs"":439339,""max_stack"":22,""branch_attempts"":125525,""branch_right"":156906,""branch_left"":156906,""branch_successes"":0,""join_decomp"":125529,""meet_decomp"":125529}",37777408,37777408,0,37777408,37777408,0,"","",canonical
whitman,15,0,0,0,1773383,42574,1815957,"{""pairs"":15856496,""max_stack"":23,""branch_attempts"":5553396,""branch_right"":6902144,""branch_left"":6924584,""branch_successes"":50274,""join_decomp"":1988234,""meet_decomp"":2014096}","{""pairs"":436397,""max_stack"":22,""branch_attempts"":125525,""branch_right"":156906,""branch_left"":156906,""branch_successes"":0,""join_decomp"":119645,""meet_decomp"":125529}",37777408,37777408,0,37777408,37777408,0,"","",canonical
