engine,pair_id,u_leq_v,v_leq_u,eq,uv_us,vu_us,total_us,uv_stats,vu_stats,uv_working_set,uv_peak_working_set,uv_private_bytes,vu_working_set,vu_peak_working_set,vu_private_bytes,uv_error,vu_error,representation
whitman,0,0,0,0,12,0,12,"{""pairs"":41,""max_stack"":3,""branch_attempts"":9,""branch_right"":20,""branch_left"":20,""branch_successes"":0,""join_decomp"":0,""meet_decomp"":0}","{""pairs"":2,""max_stack"":2,""branch_attempts"":0,""branch_right"":0,""branch_left"":0,""branch_successes"":0,""join_decomp"":4,""meet_decomp"":0}",37777408,37777408,0,37777408,37777408,0,"","",canonical
whitman,1,0,0,0,9,0,9,"{""pairs"":32,""max_stack"":3,""branch_attempts"":8,""branch_right"":15,""branch_left"":16,""branch_successes"":0,""join_decomp"":0,""meet_decomp"":0}","{""pairs"":2,""max_stack"":2,""branch_attempts"":0,""branch_right"":0,""branch_left"":0,""branch_successes"":0,""join_decomp"":3,""meet_decomp"":0}",37777408,37777408,0,37777408,37777408,0,"","",canonical
whitman,2,0,0,0,9,0,9,"{""pairs"":41,""max_stack"":3,""branch_attempts"":9,""branch_right"":20,""branch_left"":20,""branch_successes"":0,""join_decomp"":0,""meet_decomp"":0}","{""pairs"":2,""max_stack"":2,""branch_attempts"":0,""branch_right"":0,""branch_left"":0,""branch_successes"":0,""join_decomp"":4,""meet_decomp"":0}",37777408,37777408,0,37777408,37777408,0,"","",canonical
whitman,3,0,0,0,8,0,8,"{""pairs"":32,""max_stack"":3,""branch_attempts"":8,""branch_right"":15,""branch_left"":16,""branch_successes"":0,""join_decomp"":0,""meet_decomp"":0}","{""pairs"":2,""max_stack"":2,""branch_attempts"":0,""branch_right"":0,""branch_left"":0,""branch_successes"":0,""join_decomp"":3,""meet_decomp"":0}",37777408,37777408,0,37777408,37777408,0,"","",canonical
whitman,4,0,0,0,9,0,9,"{""pairs"":41,""max_stack"":3,""branch_attempts"":9,""branch_right"":20,""branch_left"":20,""branch_successes"":0,""join_decomp"":0,""meet_decomp"":0}","{""pairs"":2,""max_stack"":2,""branch_attempts"":0,""branch_right"":0,""branch_left"":0,""branch_successes"":0,""join_decomp"":4,""meet_decomp"":0}",37777408,37777408,0,37777408,37777408,0,"","",canonical
whitman,5,0,0,0,8,0,8,"{""pairs"":41,""max_stack"":3,""branch_attempts"":9,""branch_right"":20,""branch_left"":20,""branch_successes"":0,""join_decomp"":0,""meet_decomp"":0}","{""pairs"":2,""max_stack"":2,""branch_attempts"":0,""branch_right"":0,""branch_left"":0,""branch_successes"":0,""join_decomp"":4,""meet_decomp"":0}",37777408,37777408,0,37777408,37777408,0,"","",canonical
whitman,6,1,0,0,17,0,17,"{""pairs"":5,""max_stack"":3,""branch_attempts"":2,""branch_right"":1,""branch_left"":3,""branch_successes"":2,""join_decomp"":0,""meet_decomp"":0}","{""pairs"":2,""max_stack"":2,""branch_attempts"":0,""branch_right"":0,""branch_left"":0,""branch_successes"":0,""join_decomp"":4,""meet_decomp"":0}",37777408,37777408,0,37777408,37777408,0,"","",canonical
whitman,7,0,0,0,9,0,9,"{""pairs"":41,""max_stack"":3,""branch_attempts"":9,""branch_right"":20,""branch_left"":20,""branch_successes"":0,""join_decomp"":0,""meet_decomp"":0}","{""pairs"":2,""max_stack"":2,""branch_attempts"":0,""branch_right"":0,""branch_left"":0,""branch_successes"":0,""join_decomp"":4,""meet_decomp"":0}",37777408,37777408,0,37777408,37777408,0,"","",canonical
whitman,8,0,0,0,9,0,9,"{""pairs"":41,""max_stack"":3,""branch_attempts"":9,""branch_right"":20,""branch_left"":20,""branch_successes"":0,""join_decomp"":0,""meet_decomp"":0}","{""pairs"":2,""max_stack"":2,""branch_attempts"":0,""branch_right"":0,""branch_left"":0,""branch_successes"":0,""join_decomp"":4,""meet_decomp"":0}",37777408,37777408,0,37777408,37777408,0,"","",canonical
whitman,9,1,0,0,6,0,6,"{""pairs"":6,""max_stack"":3,""branch_attempts"":2,""branch_right"":1,""branch_left"":4,""branch_successes"":2,""join_decomp"":0,""meet_decomp"":0}","{""pairs"":2,""max_stack"":2,""branch_attempts"":0,""branch_right"":0,""branch_left"":0,""branch_successes"":0,""join_decomp"":4,""meet_decomp"":0}",37777408,37777408,0,37777408,37777408,0,"","",canonical
whitman,10,0,0,0,8,0,8,"{""pairs"":32,""max_stack"":3,""branch_attempts"":8,""branch_right"":15,""branch_left"":16,""branch_successes"":0,""join_decomp"":0,""meet_decomp"":0}","{""pairs"":2,""max_stack"":2,""branch_attempts"":0,""branch_right"":0,""branch_left"":0,""branch_successes"":0,""join_decomp"":3,""meet_decomp"":0}",37777408,37777408,0,37777408,37777408,0,"","",canonical
whitman,11,0,0,0,8,0,8,"{""pairs"":41,""max_stack"":3,""branch_attempts"":9,""branch_right"":20,""branch_left"":20,""branch_successes"":0,""join_decomp"":0,""meet_decomp"":0}","{""pairs"":2,""max_stack"":2,""branch_attempts"":0,""branch_right"":0,""branch_left"":0,""branch_successes"":0,""join_decomp"":4,""meet_decomp"":0}",37777408,37777408,0,37777408,37777408,0,"","",canonical
whitman,12,1,0,0,6,0,6,"{""pairs"":5,""max_stack"":3,""branch_attempts"":2,""branch_right"":1,""branch_left"":3,""branch_successes"":2,""join_decomp"":0,""meet_decomp"":0}","{""pairs"":2,""max_stack"":2,""branch_attempts"":0,""branch_right"":0,""branch_left"":0,""branch_successes"":0,""join_decomp"":4,""meet_decomp"":0}",37777408,37777408,0,37777408,37777408,0,"","",canonical
whitman,13,0,0,0,9,0,9,"{""pairs"":41,""max_stack"":3,""branch_attempts"":9,""branch_right"":20,""branch_left"":20,""branch_successes"":0,""join_decomp"":0,""meet_decomp"":0}","{""pairs"":2,""max_stack"":2,""branch_attempts"":0,""branch_right"":0,""branch_left"":0,""branch_successes"":0,""join_decomp"":4,""meet_decomp"":0}",37777408,37777408,0,37777408,37777408,0,"","",canonical
whitman,14,0,0,0,9,0,9,"{""pairs"":41,""max_stack"":3,""branch_attempts"":9,""branch_right"":20,""branch_left"":20,""branch_successes"":0,""join_decomp"":0,""meet_decomp"":0}","{""pairs"":2,""max_stack"":2,""branch_attempts"":0,""branch_right"":0,""branch_left"":0,""branch_successes"":0,""join_decomp"":4,""meet_decomp"":0}",37777408,37777408,0,37777408,37777408,0,"","",canonical
whitman,15,0,0,0,8,0,8,"{""pairs"":41,""max_stack"":3,""branch_attempts"":9,""branch_right"":20,""branch_left"":20,""branch_successes"":0,""join_decomp"":0,""meet_decomp"":0}","{""pairs"":2,""max_stack"":2,""branch_attempts"":0,""branch_right"":0,""branch_left"":0,""branch_successes"":0,""join_decomp"":4,""meet_decomp"":0}",37777408,37777408,0,37777408,37777408,0,"","",canonical
