experiment,shape,budget,engine,pair_id,direction,pairs,max_stack,branch_attempts,branch_right,branch_left,branch_successes,join_decomp,meet_decomp,recursive_calls,memo_hits,N,arcs_enqueued,arcs_processed,max_queue,RU,RV,cells,and_checks,or_checks,max_hU,max_hV
C6_k2,alternating,40,whitman,0,uv,2362,16,805,1008,1004,0,282,416,,,,,,,,,,,,,
C6_k2,alternating,40,whitman,0,vu,167,10,53,66,66,0,44,24,,,,,,,,,,,,,
C6_k2,alternating,40,whitman,1,uv,1411,14,453,578,554,0,276,280,,,,,,,,,,,,,
C6_k2,alternating,40,whitman,1,vu,162,10,53,66,66,0,24,34,,,,,,,,,,,,,
C6_k2,alternating,40,freese,0,uv,,16,158,,,0,,,592,122,,,,,,,,,,,
C6_k2,alternating,40,freese,0,vu,,11,33,,,0,,,131,24,,,,,,,,,,,
C6_k2,alternating,40,freese,1,uv,,15,117,,,0,,,460,80,,,,,,,,,,,
C6_k2,alternating,40,freese,1,vu,,11,33,,,0,,,120,20,,,,,,,,,,,
C6_k2,alternating,40,cosma,0,uv,,,,,,,,,,,161,321,321,321,,,,,,,
C6_k2,alternating,40,cosma,0,vu,,,,,,,,,,,161,321,321,321,,,,,,,
C6_k2,alternating,40,cosma,1,uv,,,,,,,,,,,162,322,322,322,,,,,,,
C6_k2,alternating,40,cosma,1,vu,,,,,,,,,,,162,322,322,322,,,,,,,
C6_k2,alternating,40,hunt,0,uv,,,,,,,,,,,,,,,81,81,6561,6156,6804,10,8
C6_k2,alternating,40,hunt,0,vu,,,,,,,,,,,,,,,81,81,6561,6804,6156,8,10
C6_k2,alternating,40,hunt,1,uv,,,,,,,,,,,,,,,81,81,6561,6156,6804,9,8
C6_k2,alternating,40,hunt,1,vu,,,,,,,,,,,,,,,81,81,6561,6804,6156,8,9
C6_k2,alternating,80,whitman,0,uv,761,13,261,316,336,0,132,84,,,,,,,,,,,,,
C6_k2,alternating,80,whitman,0,vu,433,14,133,166,166,0,108,92,,,,,,,,,,,,,
C6_k2,alternating,80,whitman,1,uv,303,12,101,126,126,0,32,68,,,,,,,,,,,,,
C6_k2,alternating,80,whitman,1,vu,1766,20,601,804,698,0,322,204,,,,,,,,,,,,,
C6_k2,alternating,80,freese,0,uv,,13,82,,,0,,,309,68,,,,,,,,,,,
C6_k2,alternating,80,freese,0,vu,,15,56,,,0,,,234,34,,,,,,,,,,,
C6_k2,alternating,80,freese,1,uv,,12,43,,,0,,,156,24,,,,,,,,,,,
C6_k2,alternating,80,freese,1,vu,,20,93,,,0,,,360,94,,,,,,,,,,,
C6_k2,alternating,80,cosma,0,uv,,,,,,,,,,,321,641,641,641,,,,,,,
C6_k2,alternating,80,cosma,0,vu,,,,,,,,,,,321,641,641,641,,,,,,,
C6_k2,alternating,80,cosma,1,uv,,,,,,,,,,,319,643,643,643,,,,,,,
C6_k2,alternating,80,cosma,1,vu,,,,,,,,,,,319,643,643,643,,,,,,,
C6_k2,alternating,80,hunt,0,uv,,,,,,,,,,,,,,,161,161,25921,26404,25116,14,13
C6_k2,alternating,80,hunt,0,vu,,,,,,,,,,,,,,,161,161,25921,25116,26404,13,14
C6_k2,alternating,80,hunt,1,uv,,,,,,,,,,,,,,,160,160,25600,26560,24638,13,12
C6_k2,alternating,80,hunt,1,vu,,,,,,,,,,,,,,,160,160,25600,24640,26560,12,13
C6_k2,alternating,160,whitman,0,uv,9298,20,3061,3818,3834,0,908,2382,,,,,,,,,,,,,
C6_k2,alternating,160,whitman,0,vu,1814,16,609,768,754,0,262,320,,,,,,,,,,,,,
C6_k2,alternating,160,whitman,1,uv,23463,22,7205,9232,8780,0,5674,5226,,,,,,,,,,,,,
C6_k2,alternating,160,whitman,1,vu,519,16,169,190,232,0,106,86,,,,,,,,,,,,,
C6_k2,alternating,160,freese,0,uv,,20,283,,,0,,,1102,181,,,,,,,,,,,
C6_k2,alternating,160,freese,0,vu,,17,139,,,0,,,518,112,,,,,,,,,,,
C6_k2,alternating,160,freese,1,uv,,23,401,,,0,,,1717,284,,,,,,,,,,,
C6_k2,alternating,160,freese,1,vu,,17,70,,,0,,,268,61,,,,,,,,,,,
C6_k2,alternating,160,cosma,0,uv,,,,,,,,,,,630,1278,1278,1278,,,,,,,
C6_k2,alternating,160,cosma,0,vu,,,,,,,,,,,630,1278,1278,1278,,,,,,,
C6_k2,alternating,160,cosma,1,uv,,,,,,,,,,,629,1280,1280,1280,,,,,,,
C6_k2,alternating,160,cosma,1,vu,,,,,,,,,,,629,1280,1280,1280,,,,,,,
C6_k2,alternating,160,hunt,0,uv,,,,,,,,,,,,,,,319,320,102080,100956,103518,14,14
C6_k2,alternating,160,hunt,0,vu,,,,,,,,,,,,,,,320,319,102080,103524,100950,14,14
C6_k2,alternating,160,hunt,1,uv,,,,,,,,,,,,,,,319,318,101442,103830,100006,15,13
C6_k2,alternating,160,hunt,1,vu,,,,,,,,,,,,,,,318,319,101442,100010,103824,13,15
C6_k2,alternating,320,whitman,0,uv,55419,23,19153,23918,23964,0,9372,5700,,,,,,,,,,,,,
C6_k2,alternating,320,whitman,0,vu,86011,28,28849,35482,36640,0,18206,9570,,,,,,,,,,,,,
C6_k2,alternating,320,whitman,1,uv,50166,20,16973,21216,21216,0,7014,8452,,,,,,,,,,,,,
C6_k2,alternating,320,whitman,1,vu,12780,20,4113,5050,5232,0,2152,2842,,,,,,,,,,,,,
C6_k2,alternating,320,freese,0,uv,,23,702,,,0,,,2776,624,,,,,,,,,,,
C6_k2,alternating,320,freese,0,vu,,28,800,,,0,,,3195,718,,,,,,,,,,,
C6_k2,alternating,320,freese,1,uv,,21,800,,,0,,,3141,633,,,,,,,,,,,
C6_k2,alternating,320,freese,1,vu,,20,351,,,0,,,1404,242,,,,,,,,,,,
C6_k2,alternating,320,cosma,0,uv,,,,,,,,,,,1239,2547,2547,2547,,,,,,,
C6_k2,alternating,320,cosma,0,vu,,,,,,,,,,,1239,2547,2547,2547,,,,,,,
C6_k2,alternating,320,cosma,1,uv,,,,,,,,,,,1241,2539,2539,2539,,,,,,,
C6_k2,alternating,320,cosma,1,vu,,,,,,,,,,,1241,2539,2539,2539,,,,,,,
C6_k2,alternating,320,hunt,0,uv,,,,,,,,,,,,,,,627,631,395637,416434,388676,18,20
C6_k2,alternating,320,hunt,0,vu,,,,,,,,,,,,,,,631,627,395637,388686,416420,20,18
C6_k2,alternating,320,hunt,1,uv,,,,,,,,,,,,,,,630,633,398790,402906,405402,16,16
C6_k2,alternating,320,hunt,1,vu,,,,,,,,,,,,,,,633,630,398790,405414,402900,16,16
