experiment,shape,budget,engine,median_pairDepth,p25_us,median_us,p75_us,mean_us,n_pairs,median_alt_index,median_share,csv_path,json_path
C6_k2,alternating,40,cosma,9.0,2605.0,2605.0,2605.0,2806.5,2,1.0,1.0,cosma_B40.csv,pairs_B40.jsonl
C6_k2,alternating,80,cosma,13.0,5259.0,5259.0,5259.0,5823.0,2,1.0,0.993789,cosma_B80.csv,pairs_B80.jsonl
C6_k2,alternating,160,cosma,14.0,9435.0,9435.0,9435.0,9593.5,2,1.0,0.992212,cosma_B160.csv,pairs_B160.jsonl
C6_k2,alternating,320,cosma,16.0,18950.0,18950.0,18950.0,24360.5,2,1.0,0.981279,cosma_B320.csv,pairs_B320.jsonl
C6_k2,alternating,40,freese,9.0,958.0,958.0,958.0,1055.5,2,1.0,1.0,freese_B40.csv,pairs_B40.jsonl
C6_k2,alternating,80,freese,13.0,479.0,479.0,479.0,480.0,2,1.0,0.993789,freese_B80.csv,pairs_B80.jsonl
C6_k2,alternating,160,freese,14.0,2530.0,2530.0,2530.0,2579.0,2,1.0,0.992212,freese_B160.csv,pairs_B160.jsonl
C6_k2,alternating,320,freese,16.0,5980.0,5980.0,5980.0,7209.0,2,1.0,0.981279,freese_B320.csv,pairs_B320.jsonl
C6_k2,alternating,40,hunt,9.0,4210.0,4210.0,4210.0,4212.0,2,1.0,1.0,hunt_B40.csv,pairs_B40.jsonl
C6_k2,alternating,80,hunt,13.0,11676.0,11676.0,11676.0,13013.0,2,1.0,0.993789,hunt_B80.csv,pairs_B80.jsonl
C6_k2,alternating,160,hunt,14.0,14163.0,14163.0,14163.0,22442.0,2,1.0,0.992212,hunt_B160.csv,pairs_B160.jsonl
C6_k2,alternating,320,hunt,16.0,51888.0,51888.0,51888.0,59454.5,2,1.0,0.981279,hunt_B320.csv,pairs_B320.jsonl
C6_k2,alternating,40,whitman,9.0,646.0,646.0,646.0,871.5,2,1.0,1.0,whitman_B40.csv,pairs_B40.jsonl
C6_k2,alternating,80,whitman,13.0,503.0,503.0,503.0,691.0,2,1.0,0.993789,whitman_B80.csv,pairs_B80.jsonl
C6_k2,alternating,160,whitman,14.0,4410.0,4410.0,4410.0,5594.0,2,1.0,0.992212,whitman_B160.csv,pairs_B160.jsonl
C6_k2,alternating,320,whitman,16.0,7331.0,7331.0,7331.0,18872.5,2,1.0,0.981279,whitman_B320.csv,pairs_B320.jsonl
