experiment,shape,budget,engine,pair_id,direction,pairs,max_stack,branch_attempts,branch_right,branch_left,branch_successes,join_decomp,meet_decomp,recursive_calls,memo_hits,N,arcs_enqueued,arcs_processed,max_queue,RU,RV,cells,and_checks,or_checks,max_hU,max_hV
C4_share_low,balanced,200,whitman,0,uv,625,10,89,257,312,3,77,176,,,,,,,,,,,,,
C4_share_low,balanced,200,whitman,0,vu,2,2,0,0,0,0,16,0,,,,,,,,,,,,,
C4_share_low,balanced,200,whitman,1,uv,2,2,0,0,0,0,22,0,,,,,,,,,,,,,
C4_share_low,balanced,200,whitman,1,vu,243,6,42,123,93,2,117,74,,,,,,,,,,,,,
C4_share_low,balanced,200,freese,0,uv,,11,100,,,3,,,979,136,,,,,,,,,,,
C4_share_low,balanced,200,freese,0,vu,,2,0,,,0,,,2,0,,,,,,,,,,,
C4_share_low,balanced,200,freese,1,uv,,2,0,,,0,,,2,0,,,,,,,,,,,
C4_share_low,balanced,200,freese,1,vu,,7,37,,,3,,,293,41,,,,,,,,,,,
C4_share_low,balanced,200,cosma,0,uv,,,,,,,,,,,298,2415,2415,2415,,,,,,,
C4_share_low,balanced,200,cosma,0,vu,,,,,,,,,,,298,2415,2415,2415,,,,,,,
C4_share_low,balanced,200,cosma,1,uv,,,,,,,,,,,307,2422,2422,2422,,,,,,,
C4_share_low,balanced,200,cosma,1,vu,,,,,,,,,,,307,2422,2422,2422,,,,,,,
C4_share_low,balanced,200,hunt,0,uv,,,,,,,,,,,,,,,187,175,32725,74021,70508,11,9
C4_share_low,balanced,200,hunt,0,vu,,,,,,,,,,,,,,,175,187,32725,71976,72519,9,11
C4_share_low,balanced,200,hunt,1,uv,,,,,,,,,,,,,,,177,194,34338,76700,74599,7,8
C4_share_low,balanced,200,hunt,1,vu,,,,,,,,,,,,,,,194,177,34338,76589,74840,8,7
C4_share_low,balanced,400,whitman,0,uv,2,2,0,0,0,0,7,0,,,,,,,,,,,,,
C4_share_low,balanced,400,whitman,0,vu,301,6,33,133,144,0,54,68,,,,,,,,,,,,,
C4_share_low,balanced,400,whitman,1,uv,2,2,0,0,0,0,37,0,,,,,,,,,,,,,
C4_share_low,balanced,400,whitman,1,vu,3,3,2,1,1,2,0,0,,,,,,,,,,,,,
C4_share_low,balanced,400,freese,0,uv,,2,0,,,0,,,2,0,,,,,,,,,,,
C4_share_low,balanced,400,freese,0,vu,,6,26,,,0,,,300,41,,,,,,,,,,,
C4_share_low,balanced,400,freese,1,uv,,2,0,,,0,,,2,0,,,,,,,,,,,
C4_share_low,balanced,400,freese,1,vu,,3,2,,,2,,,3,0,,,,,,,,,,,
C4_share_low,balanced,400,cosma,0,uv,,,,,,,,,,,545,7558,7558,7558,,,,,,,
C4_share_low,balanced,400,cosma,0,vu,,,,,,,,,,,545,7558,7558,7558,,,,,,,
C4_share_low,balanced,400,cosma,1,uv,,,,,,,,,,,526,7268,7268,7268,,,,,,,
C4_share_low,balanced,400,cosma,1,vu,,,,,,,,,,,526,7268,7268,7268,,,,,,,
C4_share_low,balanced,400,hunt,0,uv,,,,,,,,,,,,,,,306,306,93636,260094,244142,13,11
C4_share_low,balanced,400,hunt,0,vu,,,,,,,,,,,,,,,306,306,93636,249382,251532,11,13
C4_share_low,balanced,400,hunt,1,uv,,,,,,,,,,,,,,,291,301,87591,232795,237865,9,14
C4_share_low,balanced,400,hunt,1,vu,,,,,,,,,,,,,,,301,291,87591,245162,225457,14,9
C4_share_low,balanced,600,whitman,0,uv,4115,12,637,1797,1976,29,784,805,,,,,,,,,,,,,
C4_share_low,balanced,600,whitman,0,vu,2,2,0,0,0,0,5,0,,,,,,,,,,,,,
C4_share_low,balanced,600,whitman,1,uv,5,3,1,3,0,0,19,0,,,,,,,,,,,,,
C4_share_low,balanced,600,whitman,1,vu,260,11,54,112,117,2,99,72,,,,,,,,,,,,,
C4_share_low,balanced,600,freese,0,uv,,13,395,,,20,,,3621,1074,,,,,,,,,,,
C4_share_low,balanced,600,freese,0,vu,,2,0,,,0,,,2,0,,,,,,,,,,,
C4_share_low,balanced,600,freese,1,uv,,3,1,,,0,,,5,0,,,,,,,,,,,
C4_share_low,balanced,600,freese,1,vu,,12,62,,,3,,,419,66,,,,,,,,,,,
C4_share_low,balanced,600,cosma,0,uv,,,,,,,,,,,766,14901,14901,14901,,,,,,,
C4_share_low,balanced,600,cosma,0,vu,,,,,,,,,,,766,14901,14901,14901,,,,,,,
C4_share_low,balanced,600,cosma,1,uv,,,,,,,,,,,775,15037,15037,15037,,,,,,,
C4_share_low,balanced,600,cosma,1,vu,,,,,,,,,,,775,15037,15037,15037,,,,,,,
C4_share_low,balanced,600,hunt,0,uv,,,,,,,,,,,,,,,422,415,175130,525664,490829,11,13
C4_share_low,balanced,600,hunt,0,vu,,,,,,,,,,,,,,,415,422,175130,504087,511016,13,11
C4_share_low,balanced,600,hunt,1,uv,,,,,,,,,,,,,,,422,421,177662,522210,500731,11,14
C4_share_low,balanced,600,hunt,1,vu,,,,,,,,,,,,,,,421,422,177662,513365,506728,14,11
C4_share_low,balanced,800,whitman,0,uv,2,2,0,0,0,0,8,0,,,,,,,,,,,,,
C4_share_low,balanced,800,whitman,0,vu,68,4,12,32,27,0,55,38,,,,,,,,,,,,,
C4_share_low,balanced,800,whitman,1,uv,3524,14,476,1515,1743,25,500,836,,,,,,,,,,,,,
C4_share_low,balanced,800,whitman,1,vu,2,2,0,0,0,0,26,0,,,,,,,,,,,,,
C4_share_low,balanced,800,freese,0,uv,,2,0,,,0,,,2,0,,,,,,,,,,,
C4_share_low,balanced,800,freese,0,vu,,5,11,,,0,,,86,10,,,,,,,,,,,
C4_share_low,balanced,800,freese,1,uv,,15,444,,,26,,,3912,935,,,,,,,,,,,
C4_share_low,balanced,800,freese,1,vu,,2,0,,,0,,,2,0,,,,,,,,,,,
C4_share_low,balanced,800,cosma,0,uv,,,,,,,,,,,988,24575,24575,24575,,,,,,,
C4_share_low,balanced,800,cosma,0,vu,,,,,,,,,,,988,24575,24575,24575,,,,,,,
C4_share_low,balanced,800,cosma,1,uv,,,,,,,,,,,993,25467,25467,25467,,,,,,,
C4_share_low,balanced,800,cosma,1,vu,,,,,,,,,,,993,25467,25467,25467,,,,,,,
C4_share_low,balanced,800,hunt,0,uv,,,,,,,,,,,,,,,541,521,281861,870941,826511,13,11
C4_share_low,balanced,800,hunt,0,vu,,,,,,,,,,,,,,,521,541,281861,855387,842843,11,13
C4_share_low,balanced,800,hunt,1,uv,,,,,,,,,,,,,,,533,538,286754,902736,841496,11,12
C4_share_low,balanced,800,hunt,1,vu,,,,,,,,,,,,,,,538,533,286754,864274,874446,12,11
C4_share_low,balanced,1000,whitman,0,uv,2,2,0,0,0,0,16,0,,,,,,,,,,,,,
C4_share_low,balanced,1000,whitman,0,vu,62,3,5,4,57,2,0,0,,,,,,,,,,,,,
C4_share_low,balanced,1000,whitman,1,uv,113,8,28,53,40,3,5,79,,,,,,,,,,,,,
C4_share_low,balanced,1000,whitman,1,vu,122,8,27,41,56,4,27,167,,,,,,,,,,,,,
C4_share_low,balanced,1000,freese,0,uv,,2,0,,,0,,,2,0,,,,,,,,,,,
C4_share_low,balanced,1000,freese,0,vu,,8,26,,,2,,,301,51,,,,,,,,,,,
C4_share_low,balanced,1000,freese,1,uv,,8,27,,,2,,,112,5,,,,,,,,,,,
C4_share_low,balanced,1000,freese,1,vu,,11,32,,,5,,,268,38,,,,,,,,,,,
C4_share_low,balanced,1000,cosma,0,uv,,,,,,,,,,,1251,38114,38114,38114,,,,,,,
C4_share_low,balanced,1000,cosma,0,vu,,,,,,,,,,,1251,38114,38114,38114,,,,,,,
C4_share_low,balanced,1000,cosma,1,uv,,,,,,,,,,,1227,37901,37901,37901,,,,,,,
C4_share_low,balanced,1000,cosma,1,vu,,,,,,,,,,,1227,37901,37901,37901,,,,,,,
C4_share_low,balanced,1000,hunt,0,uv,,,,,,,,,,,,,,,647,680,439960,1375408,1322330,12,15
C4_share_low,balanced,1000,hunt,0,vu,,,,,,,,,,,,,,,680,647,439960,1357397,1331023,15,12
C4_share_low,balanced,1000,hunt,1,uv,,,,,,,,,,,,,,,642,665,426930,1363096,1278188,14,15
C4_share_low,balanced,1000,hunt,1,vu,,,,,,,,,,,,,,,665,642,426930,1312517,1326182,15,14
