experiment,shape,budget,engine,median_pairDepth,p25_us,median_us,p75_us,mean_us,n_pairs,median_alt_index,median_share,csv_path,json_path
C4_share_low,balanced,200,cosma,11.0,7859.0,7859.0,7859.0,10567.5,2,0.592965,0.525026,cosma_B200.csv,pairs_B200.jsonl
C4_share_low,balanced,400,cosma,18.0,24727.0,24727.0,24727.0,27824.0,2,0.587719,0.458104,cosma_B400.csv,pairs_B400.jsonl
C4_share_low,balanced,600,cosma,18.0,21593.0,21593.0,21593.0,32469.0,2,0.599332,0.437313,cosma_B600.csv,pairs_B600.jsonl
C4_share_low,balanced,800,cosma,17.0,38797.0,38797.0,38797.0,54434.5,2,0.594493,0.423166,cosma_B800.csv,pairs_B800.jsonl
C4_share_low,balanced,1000,cosma,19.0,46246.0,46246.0,46246.0,53806.0,2,0.601602,0.416984,cosma_B1000.csv,pairs_B1000.jsonl
C4_share_low,balanced,200,freese,11.0,384.0,384.0,384.0,843.0,2,0.592965,0.525026,freese_B200.csv,pairs_B200.jsonl
C4_share_low,balanced,400,freese,18.0,34.0,34.0,34.0,233.5,2,0.587719,0.458104,freese_B400.csv,pairs_B400.jsonl
C4_share_low,balanced,600,freese,18.0,588.0,588.0,588.0,2095.5,2,0.599332,0.437313,freese_B600.csv,pairs_B600.jsonl
C4_share_low,balanced,800,freese,17.0,99.0,99.0,99.0,1309.0,2,0.594493,0.423166,freese_B800.csv,pairs_B800.jsonl
C4_share_low,balanced,1000,freese,19.0,199.0,199.0,199.0,209.0,2,0.601602,0.416984,freese_B1000.csv,pairs_B1000.jsonl
C4_share_low,balanced,200,hunt,11.0,9994.0,9994.0,9994.0,14187.5,2,0.592965,0.525026,hunt_B200.csv,pairs_B200.jsonl
C4_share_low,balanced,400,hunt,18.0,19368.0,19368.0,19368.0,24229.0,2,0.587719,0.458104,hunt_B400.csv,pairs_B400.jsonl
C4_share_low,balanced,600,hunt,18.0,40914.0,40914.0,40914.0,53976.0,2,0.599332,0.437313,hunt_B600.csv,pairs_B600.jsonl
C4_share_low,balanced,800,hunt,17.0,65585.0,65585.0,65585.0,65841.5,2,0.594493,0.423166,hunt_B800.csv,pairs_B800.jsonl
C4_share_low,balanced,1000,hunt,19.0,98237.0,98237.0,98237.0,111658.0,2,0.601602,0.416984,hunt_B1000.csv,pairs_B1000.jsonl
C4_share_low,balanced,200,whitman,11.0,43.0,43.0,43.0,84.0,2,0.592965,0.525026,whitman_B200.csv,pairs_B200.jsonl
C4_share_low,balanced,400,whitman,18.0,30.0,30.0,30.0,37.0,2,0.587719,0.458104,whitman_B400.csv,pairs_B400.jsonl
C4_share_low,balanced,600,whitman,18.0,80.0,80.0,80.0,423.5,2,0.599332,0.437313,whitman_B600.csv,pairs_B600.jsonl
C4_share_low,balanced,800,whitman,17.0,7.0,7.0,7.0,121.0,2,0.594493,0.423166,whitman_B800.csv,pairs_B800.jsonl
C4_share_low,balanced,1000,whitman,19.0,15.0,15.0,15.0,25.5,2,0.601602,0.416984,whitman_B1000.csv,pairs_B1000.jsonl
