experiment,shape,budget,engine,pair_id,direction,pairs,max_stack,branch_attempts,branch_right,branch_left,branch_successes,join_decomp,meet_decomp,recursive_calls,memo_hits,N,arcs_enqueued,arcs_processed,max_queue,RU,RV,cells,and_checks,or_checks,max_hU,max_hV
C6_k4,alternating,32,whitman,0,uv,1103,10,259,498,477,0,203,155,,,,,,,,,,,,,
C6_k4,alternating,32,whitman,0,vu,162,10,39,80,63,0,16,33,,,,,,,,,,,,,
C6_k4,alternating,32,whitman,1,uv,524,10,113,232,242,0,69,70,,,,,,,,,,,,,
C6_k4,alternating,32,whitman,1,vu,27,6,7,12,10,0,4,10,,,,,,,,,,,,,
C6_k4,alternating,32,freese,0,uv,,11,132,,,0,,,712,143,,,,,,,,,,,
C6_k4,alternating,32,freese,0,vu,,11,39,,,0,,,177,30,,,,,,,,,,,
C6_k4,alternating,32,freese,1,uv,,10,73,,,0,,,416,88,,,,,,,,,,,
C6_k4,alternating,32,freese,1,vu,,6,7,,,0,,,27,4,,,,,,,,,,,
C6_k4,alternating,32,cosma,0,uv,,,,,,,,,,,184,369,369,369,,,,,,,
C6_k4,alternating,32,cosma,0,vu,,,,,,,,,,,184,369,369,369,,,,,,,
C6_k4,alternating,32,cosma,1,uv,,,,,,,,,,,185,371,371,371,,,,,,,
C6_k4,alternating,32,cosma,1,vu,,,,,,,,,,,185,371,371,371,,,,,,,
C6_k4,alternating,32,hunt,0,uv,,,,,,,,,,,,,,,92,93,8556,8139,8881,8,6
C6_k4,alternating,32,hunt,0,vu,,,,,,,,,,,,,,,93,92,8556,8881,8139,6,8
C6_k4,alternating,32,hunt,1,uv,,,,,,,,,,,,,,,91,95,8645,8180,9015,7,9
C6_k4,alternating,32,hunt,1,vu,,,,,,,,,,,,,,,95,91,8645,9015,8176,9,7
C6_k4,alternating,128,whitman,0,uv,77994,23,21335,36580,35108,0,9273,12173,,,,,,,,,,,,,
C6_k4,alternating,128,whitman,0,vu,288,10,75,120,126,0,96,40,,,,,,,,,,,,,
C6_k4,alternating,128,whitman,1,uv,19612,18,5027,8416,9134,0,4072,2118,,,,,,,,,,,,,
C6_k4,alternating,128,whitman,1,vu,1249,16,321,517,592,0,257,162,,,,,,,,,,,,,
C6_k4,alternating,128,freese,0,uv,,23,1453,,,0,,,6985,1810,,,,,,,,,,,
C6_k4,alternating,128,freese,0,vu,,10,51,,,0,,,256,48,,,,,,,,,,,
C6_k4,alternating,128,freese,1,uv,,19,770,,,0,,,3952,974,,,,,,,,,,,
C6_k4,alternating,128,freese,1,vu,,16,137,,,0,,,696,149,,,,,,,,,,,
C6_k4,alternating,128,cosma,0,uv,,,,,,,,,,,733,1499,1499,1499,,,,,,,
C6_k4,alternating,128,cosma,0,vu,,,,,,,,,,,733,1499,1499,1499,,,,,,,
C6_k4,alternating,128,cosma,1,uv,,,,,,,,,,,727,1493,1493,1493,,,,,,,
C6_k4,alternating,128,cosma,1,vu,,,,,,,,,,,727,1493,1493,1493,,,,,,,
C6_k4,alternating,128,hunt,0,uv,,,,,,,,,,,,,,,378,366,138348,136410,144754,10,15
C6_k4,alternating,128,hunt,0,vu,,,,,,,,,,,,,,,366,378,138348,144762,136403,15,10
C6_k4,alternating,128,hunt,1,uv,,,,,,,,,,,,,,,375,365,136875,135805,142760,13,13
C6_k4,alternating,128,hunt,1,vu,,,,,,,,,,,,,,,365,375,136875,142770,135799,13,13
C6_k4,alternating,256,whitman,0,uv,21138,16,4926,9253,9330,0,3553,4373,,,,,,,,,,,,,
C6_k4,alternating,256,whitman,0,vu,4010,15,1183,1776,1850,0,845,500,,,,,,,,,,,,,
C6_k4,alternating,256,whitman,1,uv,23950,16,5714,10868,10802,0,3771,3669,,,,,,,,,,,,,
C6_k4,alternating,256,whitman,1,vu,539,13,139,216,251,0,142,81,,,,,,,,,,,,,
C6_k4,alternating,256,freese,0,uv,,16,941,,,0,,,5246,1037,,,,,,,,,,,
C6_k4,alternating,256,freese,0,vu,,15,304,,,0,,,1384,361,,,,,,,,,,,
C6_k4,alternating,256,freese,1,uv,,16,1137,,,0,,,6195,1561,,,,,,,,,,,
C6_k4,alternating,256,freese,1,vu,,13,85,,,0,,,444,70,,,,,,,,,,,
C6_k4,alternating,256,cosma,0,uv,,,,,,,,,,,1384,2921,2921,2921,,,,,,,
C6_k4,alternating,256,cosma,0,vu,,,,,,,,,,,1384,2921,2921,2921,,,,,,,
C6_k4,alternating,256,cosma,1,uv,,,,,,,,,,,1390,2934,2934,2934,,,,,,,
C6_k4,alternating,256,cosma,1,vu,,,,,,,,,,,1390,2934,2934,2934,,,,,,,
C6_k4,alternating,256,hunt,0,uv,,,,,,,,,,,,,,,717,718,514806,539559,525171,10,11
C6_k4,alternating,256,hunt,0,vu,,,,,,,,,,,,,,,718,717,514806,525211,539513,11,10
C6_k4,alternating,256,hunt,1,uv,,,,,,,,,,,,,,,714,734,524076,536434,541429,10,11
C6_k4,alternating,256,hunt,1,vu,,,,,,,,,,,,,,,734,714,524076,541472,536375,11,10
C6_k4,alternating,512,whitman,0,uv,80550,24,19235,35930,36202,6,12689,13222,,,,,,,,,,,,,
C6_k4,alternating,512,whitman,0,vu,9713,16,2059,4346,4333,3,1650,1495,,,,,,,,,,,,,
C6_k4,alternating,512,whitman,1,uv,102135,22,24212,44356,47006,0,17093,15697,,,,,,,,,,,,,
C6_k4,alternating,512,whitman,1,vu,14227,18,3293,6208,6236,0,2754,2589,,,,,,,,,,,,,
C6_k4,alternating,512,freese,0,uv,,24,1440,,,2,,,8142,1615,,,,,,,,,,,
C6_k4,alternating,512,freese,0,vu,,17,535,,,1,,,3148,638,,,,,,,,,,,
C6_k4,alternating,512,freese,1,uv,,22,1745,,,0,,,9713,1936,,,,,,,,,,,
C6_k4,alternating,512,freese,1,vu,,19,641,,,0,,,3640,640,,,,,,,,,,,
C6_k4,alternating,512,cosma,0,uv,,,,,,,,,,,2575,5814,5814,5814,,,,,,,
C6_k4,alternating,512,cosma,0,vu,,,,,,,,,,,2575,5814,5814,5814,,,,,,,
C6_k4,alternating,512,cosma,1,uv,,,,,,,,,,,2561,5739,5739,5739,,,,,,,
C6_k4,alternating,512,cosma,1,vu,,,,,,,,,,,2561,5739,5739,5739,,,,,,,
C6_k4,alternating,512,hunt,0,uv,,,,,,,,,,,,,,,1401,1381,1934781,2082317,2054174,14,12
C6_k4,alternating,512,hunt,0,vu,,,,,,,,,,,,,,,1381,1401,1934781,2054377,2082074,12,14
C6_k4,alternating,512,hunt,1,uv,,,,,,,,,,,,,,,1370,1378,1887860,2051314,2015537,14,14
C6_k4,alternating,512,hunt,1,vu,,,,,,,,,,,,,,,1378,1370,1887860,2015670,2051127,14,14
