experiment,shape,budget,engine,median_pairDepth,p25_us,median_us,p75_us,mean_us,n_pairs,median_alt_index,median_share,csv_path,json_path
C6_k4,alternating,32,cosma,8.0,2431.0,2431.0,2431.0,2776.5,2,1.0,0.994624,cosma_B32.csv,pairs_B32.jsonl
C6_k4,alternating,128,cosma,13.0,8519.0,8519.0,8519.0,12463.5,2,1.0,0.980094,cosma_B128.csv,pairs_B128.jsonl
C6_k4,alternating,256,cosma,11.0,19482.0,19482.0,19482.0,26278.5,2,1.0,0.96568,cosma_B256.csv,pairs_B256.jsonl
C6_k4,alternating,512,cosma,14.0,54837.0,54837.0,54837.0,56937.5,2,1.0,0.927759,cosma_B512.csv,pairs_B512.jsonl
C6_k4,alternating,32,freese,8.0,672.0,672.0,672.0,1017.0,2,1.0,0.994624,freese_B32.csv,pairs_B32.jsonl
C6_k4,alternating,128,freese,13.0,3535.0,3535.0,3535.0,5845.5,2,1.0,0.980094,freese_B128.csv,pairs_B128.jsonl
C6_k4,alternating,256,freese,11.0,3076.0,3076.0,3076.0,4098.0,2,1.0,0.96568,freese_B256.csv,pairs_B256.jsonl
C6_k4,alternating,512,freese,14.0,5083.0,5083.0,5083.0,6413.5,2,1.0,0.927759,freese_B512.csv,pairs_B512.jsonl
C6_k4,alternating,32,hunt,8.0,4756.0,4756.0,4756.0,4768.5,2,1.0,0.994624,hunt_B32.csv,pairs_B32.jsonl
C6_k4,alternating,128,hunt,13.0,38438.0,38438.0,38438.0,41705.5,2,1.0,0.980094,hunt_B128.csv,pairs_B128.jsonl
C6_k4,alternating,256,hunt,11.0,60884.0,60884.0,60884.0,78129.5,2,1.0,0.96568,hunt_B256.csv,pairs_B256.jsonl
C6_k4,alternating,512,hunt,14.0,220357.0,220357.0,220357.0,223692.0,2,1.0,0.927759,hunt_B512.csv,pairs_B512.jsonl
C6_k4,alternating,32,whitman,8.0,139.0,139.0,139.0,256.0,2,1.0,0.994624,whitman_B32.csv,pairs_B32.jsonl
C6_k4,alternating,128,whitman,13.0,5443.0,5443.0,5443.0,13566.0,2,1.0,0.980094,whitman_B128.csv,pairs_B128.jsonl
C6_k4,alternating,256,whitman,11.0,4007.0,4007.0,4007.0,5302.0,2,1.0,0.96568,whitman_B256.csv,pairs_B256.jsonl
C6_k4,alternating,512,whitman,14.0,10932.0,10932.0,10932.0,15976.0,2,1.0,0.927759,whitman_B512.csv,pairs_B512.jsonl
