experiment,shape,budget,engine,pair_id,direction,pairs,max_stack,branch_attempts,branch_right,branch_left,branch_successes,join_decomp,meet_decomp,recursive_calls,memo_hits,N,arcs_enqueued,arcs_processed,max_queue,RU,RV,cells,and_checks,or_checks,max_hU,max_hV
C6_k6,alternating,36,whitman,0,uv,1786,12,367,805,818,0,355,174,,,,,,,,,,,,,
C6_k6,alternating,36,whitman,0,vu,1456,13,329,668,686,0,182,165,,,,,,,,,,,,,
C6_k6,alternating,36,whitman,1,uv,2150,12,471,980,970,0,313,374,,,,,,,,,,,,,
C6_k6,alternating,36,whitman,1,vu,495,12,87,234,216,0,54,83,,,,,,,,,,,,,
C6_k6,alternating,36,freese,0,uv,,13,164,,,0,,,1059,268,,,,,,,,,,,
C6_k6,alternating,36,freese,0,vu,,13,157,,,0,,,906,262,,,,,,,,,,,
C6_k6,alternating,36,freese,1,uv,,13,195,,,0,,,1208,264,,,,,,,,,,,
C6_k6,alternating,36,freese,1,vu,,13,60,,,0,,,441,89,,,,,,,,,,,
C6_k6,alternating,36,cosma,0,uv,,,,,,,,,,,236,472,472,472,,,,,,,
C6_k6,alternating,36,cosma,0,vu,,,,,,,,,,,236,472,472,472,,,,,,,
C6_k6,alternating,36,cosma,1,uv,,,,,,,,,,,230,462,462,462,,,,,,,
C6_k6,alternating,36,cosma,1,vu,,,,,,,,,,,230,462,462,462,,,,,,,
C6_k6,alternating,36,hunt,0,uv,,,,,,,,,,,,,,,122,114,13908,14364,13338,10,6
C6_k6,alternating,36,hunt,0,vu,,,,,,,,,,,,,,,114,122,13908,13338,14364,6,10
C6_k6,alternating,36,hunt,1,uv,,,,,,,,,,,,,,,115,116,13340,13398,13282,7,6
C6_k6,alternating,36,hunt,1,vu,,,,,,,,,,,,,,,116,115,13340,13282,13398,6,7
C6_k6,alternating,216,whitman,0,uv,4116,10,757,1833,1932,0,639,686,,,,,,,,,,,,,
C6_k6,alternating,216,whitman,0,vu,1943,14,411,883,892,0,282,290,,,,,,,,,,,,,
C6_k6,alternating,216,whitman,1,uv,12226,16,2502,5492,5583,0,1284,3033,,,,,,,,,,,,,
C6_k6,alternating,216,whitman,1,vu,9,4,1,0,6,0,6,6,,,,,,,,,,,,,
C6_k6,alternating,216,freese,0,uv,,11,374,,,0,,,2591,495,,,,,,,,,,,
C6_k6,alternating,216,freese,0,vu,,14,192,,,0,,,1194,274,,,,,,,,,,,
C6_k6,alternating,216,freese,1,uv,,16,583,,,0,,,3694,734,,,,,,,,,,,
C6_k6,alternating,216,freese,1,vu,,9,5,,,0,,,37,0,,,,,,,,,,,
C6_k6,alternating,216,cosma,0,uv,,,,,,,,,,,1312,2800,2800,2800,,,,,,,
C6_k6,alternating,216,cosma,0,vu,,,,,,,,,,,1312,2800,2800,2800,,,,,,,
C6_k6,alternating,216,cosma,1,uv,,,,,,,,,,,1322,2820,2820,2820,,,,,,,
C6_k6,alternating,216,cosma,1,vu,,,,,,,,,,,1322,2820,2820,2820,,,,,,,
C6_k6,alternating,216,hunt,0,uv,,,,,,,,,,,,,,,684,678,463752,489648,481438,11,11
C6_k6,alternating,216,hunt,0,vu,,,,,,,,,,,,,,,678,684,463752,481470,489581,11,11
C6_k6,alternating,216,hunt,1,uv,,,,,,,,,,,,,,,692,697,482324,484736,518058,10,11
C6_k6,alternating,216,hunt,1,vu,,,,,,,,,,,,,,,697,692,482324,518112,484669,11,10
C6_k6,alternating,432,whitman,0,uv,23791,16,4912,10788,11388,0,3144,3546,,,,,,,,,,,,,
C6_k6,alternating,432,whitman,0,vu,4199,16,839,2020,1866,0,680,618,,,,,,,,,,,,,
C6_k6,alternating,432,whitman,1,uv,20208,17,4458,9214,9135,0,2810,4795,,,,,,,,,,,,,
C6_k6,alternating,432,whitman,1,vu,4344,14,780,2009,1896,0,988,650,,,,,,,,,,,,,
C6_k6,alternating,432,freese,0,uv,,17,1084,,,0,,,6823,1678,,,,,,,,,,,
C6_k6,alternating,432,freese,0,vu,,17,366,,,0,,,2310,569,,,,,,,,,,,
C6_k6,alternating,432,freese,1,uv,,17,829,,,0,,,5396,1008,,,,,,,,,,,
C6_k6,alternating,432,freese,1,vu,,14,374,,,0,,,2772,529,,,,,,,,,,,
C6_k6,alternating,432,cosma,0,uv,,,,,,,,,,,2466,5599,5599,5599,,,,,,,
C6_k6,alternating,432,cosma,0,vu,,,,,,,,,,,2466,5599,5599,5599,,,,,,,
C6_k6,alternating,432,cosma,1,uv,,,,,,,,,,,2448,5535,5535,5535,,,,,,,
C6_k6,alternating,432,cosma,1,vu,,,,,,,,,,,2448,5535,5535,5535,,,,,,,
C6_k6,alternating,432,hunt,0,uv,,,,,,,,,,,,,,,1366,1294,1767604,1886514,1934927,12,12
C6_k6,alternating,432,hunt,0,vu,,,,,,,,,,,,,,,1294,1366,1767604,1935184,1886292,12,12
C6_k6,alternating,432,hunt,1,uv,,,,,,,,,,,,,,,1347,1325,1784775,1913196,1912730,11,14
C6_k6,alternating,432,hunt,1,vu,,,,,,,,,,,,,,,1325,1347,1784775,1912932,1912898,14,11
C6_k6,alternating,648,whitman,0,uv,4047,14,671,1782,1886,0,528,1164,,,,,,,,,,,,,
C6_k6,alternating,648,whitman,0,vu,3433,16,594,1573,1488,0,1676,310,,,,,,,,,,,,,
C6_k6,alternating,648,whitman,1,uv,27238,20,5516,12234,12644,0,4109,6273,,,,,,,,,,,,,
C6_k6,alternating,648,whitman,1,vu,21412,18,4034,9997,9726,0,4406,2576,,,,,,,,,,,,,
C6_k6,alternating,648,freese,0,uv,,14,324,,,0,,,2515,367,,,,,,,,,,,
C6_k6,alternating,648,freese,0,vu,,16,270,,,0,,,2021,444,,,,,,,,,,,
C6_k6,alternating,648,freese,1,uv,,20,810,,,0,,,5406,1077,,,,,,,,,,,
C6_k6,alternating,648,freese,1,vu,,19,733,,,0,,,5403,1256,,,,,,,,,,,
C6_k6,alternating,648,cosma,0,uv,,,,,,,,,,,3421,8298,8298,8298,,,,,,,
C6_k6,alternating,648,cosma,0,vu,,,,,,,,,,,3421,8298,8298,8298,,,,,,,
C6_k6,alternating,648,cosma,1,uv,,,,,,,,,,,3402,8160,8160,8160,,,,,,,
C6_k6,alternating,648,cosma,1,vu,,,,,,,,,,,3402,8160,8160,8160,,,,,,,
C6_k6,alternating,648,hunt,0,uv,,,,,,,,,,,,,,,1898,1897,3600506,4115686,4052585,13,14
C6_k6,alternating,648,hunt,0,vu,,,,,,,,,,,,,,,1897,1898,3600506,4053055,4115166,14,13
C6_k6,alternating,648,hunt,1,uv,,,,,,,,,,,,,,,1911,1879,3590769,3992525,4075162,14,13
C6_k6,alternating,648,hunt,1,vu,,,,,,,,,,,,,,,1879,1911,3590769,4075617,3992016,13,14
