experiment,shape,budget,engine,median_pairDepth,p25_us,median_us,p75_us,mean_us,n_pairs,median_alt_index,median_share,csv_path,json_path
C6_k6,alternating,36,cosma,7.0,3887.0,3887.0,3887.0,4012.5,2,1.0,0.991416,cosma_B36.csv,pairs_B36.jsonl
C6_k6,alternating,216,cosma,11.0,12098.0,12098.0,12098.0,21158.0,2,1.0,0.953801,cosma_B216.csv,pairs_B216.jsonl
C6_k6,alternating,432,cosma,12.0,30788.0,30788.0,30788.0,48480.5,2,1.0,0.924124,cosma_B432.csv,pairs_B432.jsonl
C6_k6,alternating,648,cosma,14.0,58437.0,58437.0,58437.0,72106.5,2,1.0,0.881126,cosma_B648.csv,pairs_B648.jsonl
C6_k6,alternating,36,freese,7.0,2290.0,2290.0,2290.0,2475.0,2,1.0,0.991416,freese_B36.csv,pairs_B36.jsonl
C6_k6,alternating,216,freese,11.0,3119.0,3119.0,3119.0,3930.0,2,1.0,0.953801,freese_B216.csv,pairs_B216.jsonl
C6_k6,alternating,432,freese,12.0,4024.0,4024.0,4024.0,5874.0,2,1.0,0.924124,freese_B432.csv,pairs_B432.jsonl
C6_k6,alternating,648,freese,14.0,3340.0,3340.0,3340.0,3638.5,2,1.0,0.881126,freese_B648.csv,pairs_B648.jsonl
C6_k6,alternating,36,hunt,7.0,4614.0,4614.0,4614.0,5872.5,2,1.0,0.991416,hunt_B36.csv,pairs_B36.jsonl
C6_k6,alternating,216,hunt,11.0,54790.0,54790.0,54790.0,55182.0,2,1.0,0.953801,hunt_B216.csv,pairs_B216.jsonl
C6_k6,alternating,432,hunt,12.0,203562.0,203562.0,203562.0,215141.0,2,1.0,0.924124,hunt_B432.csv,pairs_B432.jsonl
C6_k6,alternating,648,hunt,14.0,418432.0,418432.0,418432.0,422096.0,2,1.0,0.881126,hunt_B648.csv,pairs_B648.jsonl
C6_k6,alternating,36,whitman,7.0,662.0,662.0,662.0,743.5,2,1.0,0.991416,whitman_B36.csv,pairs_B36.jsonl
C6_k6,alternating,216,whitman,11.0,1429.0,1429.0,1429.0,2059.0,2,1.0,0.953801,whitman_B216.csv,pairs_B216.jsonl
C6_k6,alternating,432,whitman,12.0,4582.0,4582.0,4582.0,5606.0,2,1.0,0.924124,whitman_B432.csv,pairs_B432.jsonl
C6_k6,alternating,648,whitman,14.0,524.0,524.0,524.0,3742.0,2,1.0,0.881126,whitman_B648.csv,pairs_B648.jsonl
