experiment,budget,u_nodes,v_nodes,u_height,v_height,avg_alt_index,avg_share_ratio
C3_altpolarity,50,130,125,8,7,1.0,0.984154
C3_altpolarity,50,126,128,8,7,1.0,0.996094
C3_altpolarity,100,246,256,11,9,1.0,0.978357
C3_altpolarity,100,252,249,11,11,1.0,0.980015
C3_altpolarity,200,510,499,15,14,1.0,0.95155
C3_altpolarity,200,502,500,15,12,1.0,0.957068
C3_altpolarity,400,1017,992,17,15,1.0,0.9194
C3_altpolarity,400,1005,1019,13,14,1.0,0.918512
C3_altpolarity,800,2011,1971,18,20,1.0,0.858906
C3_altpolarity,800,1992,2002,17,16,1.0,0.855797
