experiment,shape,budget,engine,pair_id,direction,pairs,max_stack,branch_attempts,branch_right,branch_left,branch_successes,join_decomp,meet_decomp,recursive_calls,memo_hits,N,arcs_enqueued,arcs_processed,max_queue,RU,RV,cells,and_checks,or_checks,max_hU,max_hV
C3_altpolarity,alternating,50,whitman,0,uv,219,11,63,100,92,0,24,40,,,,,,,,,,,,,
C3_altpolarity,alternating,50,whitman,0,vu,3175,14,963,1370,1339,6,757,429,,,,,,,,,,,,,
C3_altpolarity,alternating,50,whitman,1,uv,176,10,46,74,76,0,39,22,,,,,,,,,,,,,
C3_altpolarity,alternating,50,whitman,1,vu,3566,14,1028,1607,1528,0,636,452,,,,,,,,,,,,,
C3_altpolarity,alternating,50,freese,0,uv,,11,42,,,0,,,173,30,,,,,,,,,,,
C3_altpolarity,alternating,50,freese,0,vu,,15,314,,,2,,,1379,330,,,,,,,,,,,
C3_altpolarity,alternating,50,freese,1,uv,,11,31,,,0,,,138,27,,,,,,,,,,,
C3_altpolarity,alternating,50,freese,1,vu,,14,308,,,0,,,1416,332,,,,,,,,,,,
C3_altpolarity,alternating,50,cosma,0,uv,,,,,,,,,,,248,507,507,507,,,,,,,
C3_altpolarity,alternating,50,cosma,0,vu,,,,,,,,,,,248,507,507,507,,,,,,,
C3_altpolarity,alternating,50,cosma,1,uv,,,,,,,,,,,250,503,503,503,,,,,,,
C3_altpolarity,alternating,50,cosma,1,vu,,,,,,,,,,,250,503,503,503,,,,,,,
C3_altpolarity,alternating,50,hunt,0,uv,,,,,,,,,,,,,,,129,122,15738,16036,15696,8,7
C3_altpolarity,alternating,50,hunt,0,vu,,,,,,,,,,,,,,,122,129,15738,15698,16034,7,8
C3_altpolarity,alternating,50,hunt,1,uv,,,,,,,,,,,,,,,126,127,16002,17460,14417,8,7
C3_altpolarity,alternating,50,hunt,1,vu,,,,,,,,,,,,,,,127,126,16002,14417,17457,7,8
C3_altpolarity,alternating,100,whitman,0,uv,3482,17,1010,1502,1530,0,516,613,,,,,,,,,,,,,
C3_altpolarity,alternating,100,whitman,0,vu,17069,16,4357,7077,7652,6,3343,2409,,,,,,,,,,,,,
C3_altpolarity,alternating,100,whitman,1,uv,2,2,0,0,0,0,3,0,,,,,,,,,,,,,
C3_altpolarity,alternating,100,whitman,1,vu,6996,19,2109,3179,2922,0,1222,1145,,,,,,,,,,,,,
C3_altpolarity,alternating,100,freese,0,uv,,17,212,,,0,,,941,175,,,,,,,,,,,
C3_altpolarity,alternating,100,freese,0,vu,,17,701,,,1,,,3449,629,,,,,,,,,,,
C3_altpolarity,alternating,100,freese,1,uv,,2,0,,,0,,,2,0,,,,,,,,,,,
C3_altpolarity,alternating,100,freese,1,vu,,19,220,,,0,,,1075,245,,,,,,,,,,,
C3_altpolarity,alternating,100,cosma,0,uv,,,,,,,,,,,481,992,992,992,,,,,,,
C3_altpolarity,alternating,100,cosma,0,vu,,,,,,,,,,,481,992,992,992,,,,,,,
C3_altpolarity,alternating,100,cosma,1,uv,,,,,,,,,,,482,990,990,990,,,,,,,
C3_altpolarity,alternating,100,cosma,1,vu,,,,,,,,,,,482,990,990,990,,,,,,,
C3_altpolarity,alternating,100,hunt,0,uv,,,,,,,,,,,,,,,244,247,60268,62830,59899,11,9
C3_altpolarity,alternating,100,hunt,0,vu,,,,,,,,,,,,,,,247,244,60268,59905,62822,9,11
C3_altpolarity,alternating,100,hunt,1,uv,,,,,,,,,,,,,,,248,243,60264,62590,59898,11,11
C3_altpolarity,alternating,100,hunt,1,vu,,,,,,,,,,,,,,,243,248,60264,59907,62590,11,11
C3_altpolarity,alternating,200,whitman,0,uv,10002,20,2813,4518,4220,0,1551,2035,,,,,,,,,,,,,
C3_altpolarity,alternating,200,whitman,0,vu,6431,18,1847,2754,2794,0,1290,1103,,,,,,,,,,,,,
C3_altpolarity,alternating,200,whitman,1,uv,7506,18,2207,3223,3264,10,1001,1845,,,,,,,,,,,,,
C3_altpolarity,alternating,200,whitman,1,vu,87472,24,22924,38763,37215,10,13500,15217,,,,,,,,,,,,,
C3_altpolarity,alternating,200,freese,0,uv,,20,441,,,0,,,2172,469,,,,,,,,,,,
C3_altpolarity,alternating,200,freese,0,vu,,18,264,,,0,,,1148,237,,,,,,,,,,,
C3_altpolarity,alternating,200,freese,1,uv,,19,325,,,1,,,1432,294,,,,,,,,,,,
C3_altpolarity,alternating,200,freese,1,vu,,24,1410,,,1,,,6953,1375,,,,,,,,,,,
C3_altpolarity,alternating,200,cosma,0,uv,,,,,,,,,,,916,1968,1968,1968,,,,,,,
C3_altpolarity,alternating,200,cosma,0,vu,,,,,,,,,,,916,1968,1968,1968,,,,,,,
C3_altpolarity,alternating,200,cosma,1,uv,,,,,,,,,,,920,1959,1959,1959,,,,,,,
C3_altpolarity,alternating,200,cosma,1,vu,,,,,,,,,,,920,1959,1959,1959,,,,,,,
C3_altpolarity,alternating,200,hunt,0,uv,,,,,,,,,,,,,,,480,480,230400,238080,245248,15,14
C3_altpolarity,alternating,200,hunt,0,vu,,,,,,,,,,,,,,,480,480,230400,245280,238060,14,15
C3_altpolarity,alternating,200,hunt,1,uv,,,,,,,,,,,,,,,485,472,228920,246486,230038,15,12
C3_altpolarity,alternating,200,hunt,1,vu,,,,,,,,,,,,,,,472,485,228920,230061,246447,12,15
C3_altpolarity,alternating,400,whitman,0,uv,33356,24,9717,13771,15268,0,7148,3831,,,,,,,,,,,,,
C3_altpolarity,alternating,400,whitman,0,vu,72069,20,20456,31508,29505,0,14814,12961,,,,,,,,,,,,,
C3_altpolarity,alternating,400,whitman,1,uv,1904,16,518,804,861,0,402,257,,,,,,,,,,,,,
C3_altpolarity,alternating,400,whitman,1,vu,257534,22,75027,111255,111993,42,49523,38660,,,,,,,,,,,,,
C3_altpolarity,alternating,400,freese,0,uv,,24,954,,,0,,,4377,931,,,,,,,,,,,
C3_altpolarity,alternating,400,freese,0,vu,,20,1631,,,0,,,7761,1737,,,,,,,,,,,
C3_altpolarity,alternating,400,freese,1,uv,,17,160,,,0,,,751,154,,,,,,,,,,,
C3_altpolarity,alternating,400,freese,1,vu,,22,4187,,,2,,,19420,4276,,,,,,,,,,,
C3_altpolarity,alternating,400,cosma,0,uv,,,,,,,,,,,1707,3899,3899,3899,,,,,,,
C3_altpolarity,alternating,400,cosma,0,vu,,,,,,,,,,,1707,3899,3899,3899,,,,,,,
C3_altpolarity,alternating,400,cosma,1,uv,,,,,,,,,,,1710,3934,3934,3934,,,,,,,
C3_altpolarity,alternating,400,cosma,1,vu,,,,,,,,,,,1710,3934,3934,3934,,,,,,,
C3_altpolarity,alternating,400,hunt,0,uv,,,,,,,,,,,,,,,932,915,852780,917095,936041,17,15
C3_altpolarity,alternating,400,hunt,0,vu,,,,,,,,,,,,,,,915,932,852780,936157,916988,15,17
C3_altpolarity,alternating,400,hunt,1,uv,,,,,,,,,,,,,,,928,930,863040,916904,959522,13,14
C3_altpolarity,alternating,400,hunt,1,vu,,,,,,,,,,,,,,,930,928,863040,959664,916775,14,13
C3_altpolarity,alternating,800,whitman,0,uv,16266,18,4371,6819,7432,4,2474,2974,,,,,,,,,,,,,
C3_altpolarity,alternating,800,whitman,0,vu,520623,26,146636,219615,223643,0,102975,92307,,,,,,,,,,,,,
C3_altpolarity,alternating,800,whitman,1,uv,1777,20,559,678,891,0,486,91,,,,,,,,,,,,,
C3_altpolarity,alternating,800,whitman,1,vu,327592,26,87901,140281,135932,20,84094,48510,,,,,,,,,,,,,
C3_altpolarity,alternating,800,freese,0,uv,,19,789,,,1,,,3657,760,,,,,,,,,,,
C3_altpolarity,alternating,800,freese,0,vu,,27,3371,,,0,,,15976,3454,,,,,,,,,,,
C3_altpolarity,alternating,800,freese,1,uv,,20,180,,,0,,,713,194,,,,,,,,,,,
C3_altpolarity,alternating,800,freese,1,vu,,26,2522,,,1,,,12623,2473,,,,,,,,,,,
C3_altpolarity,alternating,800,cosma,0,uv,,,,,,,,,,,3035,7676,7676,7676,,,,,,,
C3_altpolarity,alternating,800,cosma,0,vu,,,,,,,,,,,3035,7676,7676,7676,,,,,,,
C3_altpolarity,alternating,800,cosma,1,uv,,,,,,,,,,,3006,7727,7727,7727,,,,,,,
C3_altpolarity,alternating,800,cosma,1,vu,,,,,,,,,,,3006,7727,7727,7727,,,,,,,
C3_altpolarity,alternating,800,hunt,0,uv,,,,,,,,,,,,,,,1719,1701,2924019,3390795,3414215,18,20
C3_altpolarity,alternating,800,hunt,0,vu,,,,,,,,,,,,,,,1701,1719,2924019,3414645,3390405,20,18
C3_altpolarity,alternating,800,hunt,1,uv,,,,,,,,,,,,,,,1714,1703,2918942,3442776,3372044,17,16
C3_altpolarity,alternating,800,hunt,1,vu,,,,,,,,,,,,,,,1703,1714,2918942,3372502,3442295,16,17
