experiment,shape,budget,engine,median_pairDepth,p25_us,median_us,p75_us,mean_us,n_pairs,median_alt_index,median_share,csv_path,json_path
C3_altpolarity,alternating,50,cosma,8.0,4649.0,4649.0,4649.0,4702.0,2,1.0,0.984154,cosma_B50.csv,pairs_B50.jsonl
C3_altpolarity,alternating,100,cosma,11.0,6385.0,6385.0,6385.0,8251.5,2,1.0,0.978357,cosma_B100.csv,pairs_B100.jsonl
C3_altpolarity,alternating,200,cosma,15.0,7810.0,7810.0,7810.0,9892.5,2,1.0,0.95155,cosma_B200.csv,pairs_B200.jsonl
C3_altpolarity,alternating,400,cosma,14.0,21871.0,21871.0,21871.0,29898.0,2,1.0,0.918512,cosma_B400.csv,pairs_B400.jsonl
C3_altpolarity,alternating,800,cosma,17.0,60817.0,60817.0,60817.0,90664.0,2,1.0,0.855797,cosma_B800.csv,pairs_B800.jsonl
C3_altpolarity,alternating,50,freese,8.0,1991.0,1991.0,1991.0,2136.0,2,1.0,0.984154,freese_B50.csv,pairs_B50.jsonl
C3_altpolarity,alternating,100,freese,11.0,1139.0,1139.0,1139.0,3778.0,2,1.0,0.978357,freese_B100.csv,pairs_B100.jsonl
C3_altpolarity,alternating,200,freese,15.0,4666.0,4666.0,4666.0,5958.0,2,1.0,0.95155,freese_B200.csv,pairs_B200.jsonl
C3_altpolarity,alternating,400,freese,14.0,9413.0,9413.0,9413.0,10288.5,2,1.0,0.918512,freese_B400.csv,pairs_B400.jsonl
C3_altpolarity,alternating,800,freese,17.0,12412.0,12412.0,12412.0,13310.5,2,1.0,0.855797,freese_B800.csv,pairs_B800.jsonl
C3_altpolarity,alternating,50,hunt,8.0,6517.0,6517.0,6517.0,7189.0,2,1.0,0.984154,hunt_B50.csv,pairs_B50.jsonl
C3_altpolarity,alternating,100,hunt,11.0,21240.0,21240.0,21240.0,21688.5,2,1.0,0.978357,hunt_B100.csv,pairs_B100.jsonl
C3_altpolarity,alternating,200,hunt,15.0,28974.0,28974.0,28974.0,37357.0,2,1.0,0.95155,hunt_B200.csv,pairs_B200.jsonl
C3_altpolarity,alternating,400,hunt,14.0,108125.0,108125.0,108125.0,125405.0,2,1.0,0.918512,hunt_B400.csv,pairs_B400.jsonl
C3_altpolarity,alternating,800,hunt,17.0,375304.0,375304.0,375304.0,391160.0,2,1.0,0.855797,hunt_B800.csv,pairs_B800.jsonl
C3_altpolarity,alternating,50,whitman,8.0,461.0,461.0,461.0,471.5,2,1.0,0.984154,whitman_B50.csv,pairs_B50.jsonl
C3_altpolarity,alternating,100,whitman,11.0,1951.0,1951.0,1951.0,4191.0,2,1.0,0.978357,whitman_B100.csv,pairs_B100.jsonl
C3_altpolarity,alternating,200,whitman,15.0,4938.0,4938.0,4938.0,14727.5,2,1.0,0.95155,whitman_B200.csv,pairs_B200.jsonl
C3_altpolarity,alternating,400,whitman,14.0,15933.0,15933.0,15933.0,20508.0,2,1.0,0.918512,whitman_B400.csv,pairs_B400.jsonl
C3_altpolarity,alternating,800,whitman,17.0,29812.0,29812.0,29812.0,55253.0,2,1.0,0.855797,whitman_B800.csv,pairs_B800.jsonl
