experiment,shape,budget,engine,pair_id,direction,pairs,max_stack,branch_attempts,branch_right,branch_left,branch_successes,join_decomp,meet_decomp,recursive_calls,memo_hits,N,arcs_enqueued,arcs_processed,max_queue,RU,RV,cells,and_checks,or_checks,max_hU,max_hV
C6_k3,alternating,27,whitman,0,uv,729,10,193,328,309,0,110,111,,,,,,,,,,,,,
C6_k3,alternating,27,whitman,0,vu,159,10,44,66,72,0,37,12,,,,,,,,,,,,,
C6_k3,alternating,27,whitman,1,uv,390,10,99,174,159,0,87,65,,,,,,,,,,,,,
C6_k3,alternating,27,whitman,1,vu,6,4,1,0,3,0,3,3,,,,,,,,,,,,,
C6_k3,alternating,27,freese,0,uv,,11,93,,,0,,,426,81,,,,,,,,,,,
C6_k3,alternating,27,freese,0,vu,,10,32,,,0,,,146,38,,,,,,,,,,,
C6_k3,alternating,27,freese,1,uv,,11,55,,,0,,,252,39,,,,,,,,,,,
C6_k3,alternating,27,freese,1,vu,,9,4,,,0,,,22,0,,,,,,,,,,,
C6_k3,alternating,27,cosma,0,uv,,,,,,,,,,,140,279,279,279,,,,,,,
C6_k3,alternating,27,cosma,0,vu,,,,,,,,,,,140,279,279,279,,,,,,,
C6_k3,alternating,27,cosma,1,uv,,,,,,,,,,,143,284,284,284,,,,,,,
C6_k3,alternating,27,cosma,1,vu,,,,,,,,,,,143,284,284,284,,,,,,,
C6_k3,alternating,27,hunt,0,uv,,,,,,,,,,,,,,,72,69,4968,4791,5004,7,6
C6_k3,alternating,27,hunt,0,vu,,,,,,,,,,,,,,,69,72,4968,5004,4791,6,7
C6_k3,alternating,27,hunt,1,uv,,,,,,,,,,,,,,,72,71,5112,5148,4933,7,7
C6_k3,alternating,27,hunt,1,vu,,,,,,,,,,,,,,,71,72,5112,4933,5148,7,7
C6_k3,alternating,81,whitman,0,uv,4398,15,1340,1880,2082,0,717,501,,,,,,,,,,,,,
C6_k3,alternating,81,whitman,0,vu,7059,18,2042,3208,3096,0,743,1303,,,,,,,,,,,,,
C6_k3,alternating,81,whitman,1,uv,4964,14,1408,2209,2112,0,681,1072,,,,,,,,,,,,,
C6_k3,alternating,81,whitman,1,vu,2355,14,579,975,1001,0,394,507,,,,,,,,,,,,,
C6_k3,alternating,81,freese,0,uv,,15,278,,,0,,,1187,297,,,,,,,,,,,
C6_k3,alternating,81,freese,0,vu,,18,336,,,0,,,1488,334,,,,,,,,,,,
C6_k3,alternating,81,freese,1,uv,,15,334,,,0,,,1519,287,,,,,,,,,,,
C6_k3,alternating,81,freese,1,vu,,15,208,,,0,,,1043,169,,,,,,,,,,,
C6_k3,alternating,81,cosma,0,uv,,,,,,,,,,,414,837,837,837,,,,,,,
C6_k3,alternating,81,cosma,0,vu,,,,,,,,,,,414,837,837,837,,,,,,,
C6_k3,alternating,81,cosma,1,uv,,,,,,,,,,,409,827,827,827,,,,,,,
C6_k3,alternating,81,cosma,1,vu,,,,,,,,,,,409,827,827,827,,,,,,,
C6_k3,alternating,81,hunt,0,uv,,,,,,,,,,,,,,,211,204,43044,42942,43976,10,9
C6_k3,alternating,81,hunt,0,vu,,,,,,,,,,,,,,,204,211,43044,43976,42936,9,10
C6_k3,alternating,81,hunt,1,uv,,,,,,,,,,,,,,,206,207,42642,41089,44401,8,9
C6_k3,alternating,81,hunt,1,vu,,,,,,,,,,,,,,,207,206,42642,44401,41084,9,8
C6_k3,alternating,243,whitman,0,uv,34660,20,9158,14841,14878,6,5305,7396,,,,,,,,,,,,,
C6_k3,alternating,243,whitman,0,vu,196,12,51,81,84,0,33,42,,,,,,,,,,,,,
C6_k3,alternating,243,whitman,1,uv,62884,20,16972,27605,27214,0,7547,14264,,,,,,,,,,,,,
C6_k3,alternating,243,whitman,1,vu,735,12,205,305,332,0,165,98,,,,,,,,,,,,,
C6_k3,alternating,243,freese,0,uv,,21,905,,,1,,,4344,803,,,,,,,,,,,
C6_k3,alternating,243,freese,0,vu,,12,33,,,0,,,153,24,,,,,,,,,,,
C6_k3,alternating,243,freese,1,uv,,21,1206,,,0,,,5676,1164,,,,,,,,,,,
C6_k3,alternating,243,freese,1,vu,,13,102,,,0,,,470,100,,,,,,,,,,,
C6_k3,alternating,243,cosma,0,uv,,,,,,,,,,,1192,2468,2468,2468,,,,,,,
C6_k3,alternating,243,cosma,0,vu,,,,,,,,,,,1192,2468,2468,2468,,,,,,,
C6_k3,alternating,243,cosma,1,uv,,,,,,,,,,,1179,2477,2477,2477,,,,,,,
C6_k3,alternating,243,cosma,1,vu,,,,,,,,,,,1179,2477,2477,2477,,,,,,,
C6_k3,alternating,243,hunt,0,uv,,,,,,,,,,,,,,,605,615,372075,385510,377545,14,13
C6_k3,alternating,243,hunt,0,vu,,,,,,,,,,,,,,,615,605,372075,377555,385483,13,14
C6_k3,alternating,243,hunt,1,uv,,,,,,,,,,,,,,,611,610,372710,382783,382761,11,12
C6_k3,alternating,243,hunt,1,vu,,,,,,,,,,,,,,,610,611,372710,382786,382750,12,11
C6_k3,alternating,729,whitman,0,uv,80249,21,22461,34505,35471,0,16829,11980,,,,,,,,,,,,,
C6_k3,alternating,729,whitman,0,vu,38001,20,10580,16708,16687,10,6899,6049,,,,,,,,,,,,,
C6_k3,alternating,729,whitman,1,uv,82235,20,22198,35639,34835,0,12294,17746,,,,,,,,,,,,,
C6_k3,alternating,729,whitman,1,vu,14274,20,3753,6240,6163,0,2298,2460,,,,,,,,,,,,,
C6_k3,alternating,729,freese,0,uv,,21,1569,,,0,,,7621,1666,,,,,,,,,,,
C6_k3,alternating,729,freese,0,vu,,20,979,,,1,,,4650,960,,,,,,,,,,,
C6_k3,alternating,729,freese,1,uv,,20,1507,,,0,,,7333,1398,,,,,,,,,,,
C6_k3,alternating,729,freese,1,vu,,20,490,,,0,,,2419,507,,,,,,,,,,,
C6_k3,alternating,729,cosma,0,uv,,,,,,,,,,,3203,7323,7323,7323,,,,,,,
C6_k3,alternating,729,cosma,0,vu,,,,,,,,,,,3203,7323,7323,7323,,,,,,,
C6_k3,alternating,729,cosma,1,uv,,,,,,,,,,,3236,7314,7314,7314,,,,,,,
C6_k3,alternating,729,cosma,1,vu,,,,,,,,,,,3236,7314,7314,7314,,,,,,,
C6_k3,alternating,729,hunt,0,uv,,,,,,,,,,,,,,,1735,1729,2999815,3280414,3245513,15,14
C6_k3,alternating,729,hunt,0,vu,,,,,,,,,,,,,,,1729,1735,2999815,3245762,3280185,14,15
C6_k3,alternating,729,hunt,1,uv,,,,,,,,,,,,,,,1745,1740,3036300,3295055,3267027,17,14
C6_k3,alternating,729,hunt,1,vu,,,,,,,,,,,,,,,1740,1745,3036300,3267220,3294857,14,17
