experiment,shape,budget,engine,median_pairDepth,p25_us,median_us,p75_us,mean_us,n_pairs,median_alt_index,median_share,csv_path,json_path
C6_k3,alternating,27,cosma,7.0,858.0,858.0,858.0,868.5,2,1.0,1.0,cosma_B27.csv,pairs_B27.jsonl
C6_k3,alternating,81,cosma,9.0,8195.0,8195.0,8195.0,8239.5,2,1.0,0.983375,cosma_B81.csv,pairs_B81.jsonl
C6_k3,alternating,243,cosma,12.0,11739.0,11739.0,11739.0,14051.0,2,1.0,0.972146,cosma_B243.csv,pairs_B243.jsonl
C6_k3,alternating,729,cosma,15.0,64606.0,64606.0,64606.0,83518.5,2,1.0,0.91861,cosma_B729.csv,pairs_B729.jsonl
C6_k3,alternating,27,freese,7.0,454.0,454.0,454.0,667.0,2,1.0,1.0,freese_B27.csv,pairs_B27.jsonl
C6_k3,alternating,81,freese,9.0,3826.0,3826.0,3826.0,4014.5,2,1.0,0.983375,freese_B81.csv,pairs_B81.jsonl
C6_k3,alternating,243,freese,12.0,4971.0,4971.0,4971.0,5772.0,2,1.0,0.972146,freese_B243.csv,pairs_B243.jsonl
C6_k3,alternating,729,freese,15.0,3945.0,3945.0,3945.0,4933.5,2,1.0,0.91861,freese_B729.csv,pairs_B729.jsonl
C6_k3,alternating,27,hunt,7.0,1688.0,1688.0,1688.0,1701.0,2,1.0,1.0,hunt_B27.csv,pairs_B27.jsonl
C6_k3,alternating,81,hunt,9.0,14550.0,14550.0,14550.0,17396.5,2,1.0,0.983375,hunt_B81.csv,pairs_B81.jsonl
C6_k3,alternating,243,hunt,12.0,45502.0,45502.0,45502.0,45725.0,2,1.0,0.972146,hunt_B243.csv,pairs_B243.jsonl
C6_k3,alternating,729,hunt,15.0,365297.0,365297.0,365297.0,370617.5,2,1.0,0.91861,hunt_B729.csv,pairs_B729.jsonl
C6_k3,alternating,27,whitman,7.0,136.0,136.0,136.0,217.5,2,1.0,1.0,whitman_B27.csv,pairs_B27.jsonl
C6_k3,alternating,81,whitman,9.0,2502.0,2502.0,2502.0,3342.0,2,1.0,0.983375,whitman_B81.csv,pairs_B81.jsonl
C6_k3,alternating,243,whitman,12.0,4539.0,4539.0,4539.0,5312.0,2,1.0,0.972146,whitman_B243.csv,pairs_B243.jsonl
C6_k3,alternating,729,whitman,15.0,8640.0,8640.0,8640.0,14460.0,2,1.0,0.91861,whitman_B729.csv,pairs_B729.jsonl
