experiment,shape,budget,engine,pair_id,direction,pairs,max_stack,branch_attempts,branch_right,branch_left,branch_successes,join_decomp,meet_decomp,recursive_calls,memo_hits,N,arcs_enqueued,arcs_processed,max_queue,RU,RV,cells,and_checks,or_checks,max_hU,max_hV
C5_spines_r,rightspine,20,whitman,0,uv,2,2,0,0,0,0,2,0,,,,,,,,,,,,,
C5_spines_r,rightspine,20,whitman,0,vu,15,4,5,6,6,0,6,2,,,,,,,,,,,,,
C5_spines_r,rightspine,20,whitman,1,uv,15,4,5,6,6,0,4,2,,,,,,,,,,,,,
C5_spines_r,rightspine,20,whitman,1,vu,2,2,0,0,0,0,2,0,,,,,,,,,,,,,
C5_spines_r,rightspine,20,freese,0,uv,,2,0,,,0,,,2,0,,,,,,,,,,,
C5_spines_r,rightspine,20,freese,0,vu,,5,5,,,0,,,17,2,,,,,,,,,,,
C5_spines_r,rightspine,20,freese,1,uv,,5,5,,,0,,,17,2,,,,,,,,,,,
C5_spines_r,rightspine,20,freese,1,vu,,2,0,,,0,,,2,0,,,,,,,,,,,
C5_spines_r,rightspine,20,cosma,0,uv,,,,,,,,,,,59,116,116,116,,,,,,,
C5_spines_r,rightspine,20,cosma,0,vu,,,,,,,,,,,59,116,116,116,,,,,,,
C5_spines_r,rightspine,20,cosma,1,uv,,,,,,,,,,,63,124,124,124,,,,,,,
C5_spines_r,rightspine,20,cosma,1,vu,,,,,,,,,,,63,124,124,124,,,,,,,
C5_spines_r,rightspine,20,hunt,0,uv,,,,,,,,,,,,,,,32,27,864,826,843,11,6
C5_spines_r,rightspine,20,hunt,0,vu,,,,,,,,,,,,,,,27,32,864,843,826,6,11
C5_spines_r,rightspine,20,hunt,1,uv,,,,,,,,,,,,,,,30,33,990,822,1095,9,12
C5_spines_r,rightspine,20,hunt,1,vu,,,,,,,,,,,,,,,33,30,990,1095,822,12,9
C5_spines_r,rightspine,40,whitman,0,uv,15,4,5,6,6,0,2,2,,,,,,,,,,,,,
C5_spines_r,rightspine,40,whitman,0,vu,2,2,0,0,0,0,2,0,,,,,,,,,,,,,
C5_spines_r,rightspine,40,whitman,1,uv,5,3,1,0,3,0,0,2,,,,,,,,,,,,,
C5_spines_r,rightspine,40,whitman,1,vu,4,3,1,0,2,0,0,3,,,,,,,,,,,,,
C5_spines_r,rightspine,40,freese,0,uv,,5,5,,,0,,,17,2,,,,,,,,,,,
C5_spines_r,rightspine,40,freese,0,vu,,2,0,,,0,,,2,0,,,,,,,,,,,
C5_spines_r,rightspine,40,freese,1,uv,,4,1,,,0,,,6,0,,,,,,,,,,,
C5_spines_r,rightspine,40,freese,1,vu,,4,1,,,0,,,5,0,,,,,,,,,,,
C5_spines_r,rightspine,40,cosma,0,uv,,,,,,,,,,,123,248,248,248,,,,,,,
C5_spines_r,rightspine,40,cosma,0,vu,,,,,,,,,,,123,248,248,248,,,,,,,
C5_spines_r,rightspine,40,cosma,1,uv,,,,,,,,,,,120,242,242,242,,,,,,,
C5_spines_r,rightspine,40,cosma,1,vu,,,,,,,,,,,120,242,242,242,,,,,,,
C5_spines_r,rightspine,40,hunt,0,uv,,,,,,,,,,,,,,,62,63,3906,3620,4058,21,22
C5_spines_r,rightspine,40,hunt,0,vu,,,,,,,,,,,,,,,63,62,3906,4067,3620,22,21
C5_spines_r,rightspine,40,hunt,1,uv,,,,,,,,,,,,,,,64,59,3776,3547,3877,23,18
C5_spines_r,rightspine,40,hunt,1,vu,,,,,,,,,,,,,,,59,64,3776,3882,3547,18,23
C5_spines_r,rightspine,60,whitman,0,uv,9,3,1,7,0,0,5,0,,,,,,,,,,,,,
C5_spines_r,rightspine,60,whitman,0,vu,7,3,1,5,0,0,7,0,,,,,,,,,,,,,
C5_spines_r,rightspine,60,whitman,1,uv,2,2,0,0,0,0,4,0,,,,,,,,,,,,,
C5_spines_r,rightspine,60,whitman,1,vu,34,4,8,16,15,0,5,3,,,,,,,,,,,,,
C5_spines_r,rightspine,60,freese,0,uv,,3,1,,,0,,,9,0,,,,,,,,,,,
C5_spines_r,rightspine,60,freese,0,vu,,3,1,,,0,,,7,0,,,,,,,,,,,
C5_spines_r,rightspine,60,freese,1,uv,,2,0,,,0,,,2,0,,,,,,,,,,,
C5_spines_r,rightspine,60,freese,1,vu,,5,8,,,0,,,38,9,,,,,,,,,,,
C5_spines_r,rightspine,60,cosma,0,uv,,,,,,,,,,,178,362,362,362,,,,,,,
C5_spines_r,rightspine,60,cosma,0,vu,,,,,,,,,,,178,362,362,362,,,,,,,
C5_spines_r,rightspine,60,cosma,1,uv,,,,,,,,,,,171,349,349,349,,,,,,,
C5_spines_r,rightspine,60,cosma,1,vu,,,,,,,,,,,171,349,349,349,,,,,,,
C5_spines_r,rightspine,60,hunt,0,uv,,,,,,,,,,,,,,,91,93,8463,8286,8640,31,33
C5_spines_r,rightspine,60,hunt,0,vu,,,,,,,,,,,,,,,93,91,8463,8640,8286,33,31
C5_spines_r,rightspine,60,hunt,1,uv,,,,,,,,,,,,,,,85,91,7735,7932,7538,25,31
C5_spines_r,rightspine,60,hunt,1,vu,,,,,,,,,,,,,,,91,85,7735,7538,7929,31,25
