experiment,shape,budget,engine,median_pairDepth,p25_us,median_us,p75_us,mean_us,n_pairs,median_alt_index,median_share,csv_path,json_path
C5_spines_r,rightspine,20,cosma,20.0,954.0,954.0,954.0,1033.5,2,0.394737,1.0,cosma_B20.csv,pairs_B20.jsonl
C5_spines_r,rightspine,40,cosma,40.0,1975.0,1975.0,1975.0,2063.5,2,0.5,1.0,cosma_B40.csv,pairs_B40.jsonl
C5_spines_r,rightspine,60,cosma,60.0,2523.0,2523.0,2523.0,2845.5,2,0.457627,0.991736,cosma_B60.csv,pairs_B60.jsonl
C5_spines_r,rightspine,20,freese,20.0,34.0,34.0,34.0,35.5,2,0.394737,1.0,freese_B20.csv,pairs_B20.jsonl
C5_spines_r,rightspine,40,freese,40.0,12.0,12.0,12.0,22.5,2,0.5,1.0,freese_B40.csv,pairs_B40.jsonl
C5_spines_r,rightspine,60,freese,60.0,19.0,19.0,19.0,37.0,2,0.457627,0.991736,freese_B60.csv,pairs_B60.jsonl
C5_spines_r,rightspine,20,hunt,20.0,786.0,786.0,786.0,828.5,2,0.394737,1.0,hunt_B20.csv,pairs_B20.jsonl
C5_spines_r,rightspine,40,hunt,40.0,2563.0,2563.0,2563.0,2619.0,2,0.5,1.0,hunt_B40.csv,pairs_B40.jsonl
C5_spines_r,rightspine,60,hunt,60.0,4566.0,4566.0,4566.0,4782.5,2,0.457627,0.991736,hunt_B60.csv,pairs_B60.jsonl
C5_spines_r,rightspine,20,whitman,20.0,6.0,6.0,6.0,7.0,2,0.394737,1.0,whitman_B20.csv,pairs_B20.jsonl
C5_spines_r,rightspine,40,whitman,40.0,0.0,0.0,0.0,4.0,2,0.5,1.0,whitman_B40.csv,pairs_B40.jsonl
C5_spines_r,rightspine,60,whitman,60.0,1.0,1.0,1.0,6.0,2,0.457627,0.991736,whitman_B60.csv,pairs_B60.jsonl
