engine,pair_id,u_leq_v,v_leq_u,eq,uv_us,vu_us,total_us,uv_stats,vu_stats,uv_working_set,uv_peak_working_set,uv_private_bytes,vu_working_set,vu_peak_working_set,vu_private_bytes,uv_error,vu_error,representation
cosmadakis,0,0,0,0,13897,8405,22302,"{""N"":985,""arcs_enqueued"":2007,""arcs_processed"":2007,""max_queue"":2007}","{""N"":985,""arcs_enqueued"":2007,""arcs_processed"":2007,""max_queue"":2007}",29265920,29265920,0,29265920,29265920,0,"","",canonical
cosmadakis,1,0,0,0,5119,5137,10256,"{""N"":980,""arcs_enqueued"":2002,""arcs_processed"":2002,""max_queue"":2002}","{""N"":980,""arcs_enqueued"":2002,""arcs_processed"":2002,""max_queue"":2002}",29265920,29265920,0,29265920,29265920,0,"","",canonical
cosmadakis,2,0,0,0,4320,4343,8663,"{""N"":989,""arcs_enqueued"":2011,""arcs_processed"":2011,""max_queue"":2011}","{""N"":989,""arcs_enqueued"":2011,""arcs_processed"":2011,""max_queue"":2011}",29265920,29265920,0,29265920,29265920,0,"","",canonical
cosmadakis,3,0,0,0,4737,5213,9950,"{""N"":997,""arcs_enqueued"":2021,""arcs_processed"":2021,""max_queue"":2021}","{""N"":997,""arcs_enqueued"":2021,""arcs_processed"":2021,""max_queue"":2021}",29265920,29265920,0,29265920,29265920,0,"","",canonical
cosmadakis,4,0,0,0,4267,4283,8550,"{""N"":987,""arcs_enqueued"":2009,""arcs_processed"":2009,""max_queue"":2009}","{""N"":987,""arcs_enqueued"":2009,""arcs_processed"":2009,""max_queue"":2009}",29265920,29265920,0,29265920,29265920,0,"","",canonical
cosmadakis,5,0,0,0,4554,4573,9127,"{""N"":991,""arcs_enqueued"":2013,""arcs_processed"":2013,""max_queue"":2013}","{""N"":991,""arcs_enqueued"":2013,""arcs_processed"":2013,""max_queue"":2013}",29265920,29265920,0,29265920,29265920,0,"","",canonical
cosmadakis,6,0,0,0,4169,4193,8362,"{""N"":995,""arcs_enqueued"":2017,""arcs_processed"":2017,""max_queue"":2017}","{""N"":995,""arcs_enqueued"":2017,""arcs_processed"":2017,""max_queue"":2017}",29265920,29265920,0,29265920,29265920,0,"","",canonical
cosmadakis,7,0,0,0,4575,4561,9136,"{""N"":999,""arcs_enqueued"":2023,""arcs_processed"":2023,""max_queue"":2023}","{""N"":999,""arcs_enqueued"":2023,""arcs_processed"":2023,""max_queue"":2023}",29265920,29265920,0,29265920,29265920,0,"","",canonical
cosmadakis,8,0,0,0,4154,4177,8331,"{""N"":993,""arcs_enqueued"":2013,""arcs_processed"":2013,""max_queue"":2013}","{""N"":993,""arcs_enqueued"":2013,""arcs_processed"":2013,""max_queue"":2013}",29265920,29265920,0,29265920,29265920,0,"","",canonical
cosmadakis,9,0,0,0,4522,4607,9129,"{""N"":998,""arcs_enqueued"":2020,""arcs_processed"":2020,""max_queue"":2020}","{""N"":998,""arcs_enqueued"":2020,""arcs_processed"":2020,""max_queue"":2020}",29265920,29265920,0,29265920,29265920,0,"","",canonical
cosmadakis,10,0,0,0,4124,4151,8275,"{""N"":987,""arcs_enqueued"":2009,""arcs_processed"":2009,""max_queue"":2009}","{""N"":987,""arcs_enqueued"":2009,""arcs_processed"":2009,""max_queue"":2009}",29265920,29265920,0,29265920,29265920,0,"","",canonical
cosmadakis,11,0,0,0,4483,4504,8987,"{""N"":986,""arcs_enqueued"":2008,""arcs_processed"":2008,""max_queue"":2008}","{""N"":986,""arcs_enqueued"":2008,""arcs_processed"":2008,""max_queue"":2008}",29265920,29265920,0,29265920,29265920,0,"","",canonical
cosmadakis,12,0,0,0,4130,4142,8272,"{""N"":989,""arcs_enqueued"":2011,""arcs_processed"":2011,""max_queue"":2011}","{""N"":989,""arcs_enqueued"":2011,""arcs_processed"":2011,""max_queue"":2011}",29265920,29265920,0,29265920,29265920,0,"","",canonical
cosmadakis,13,0,0,0,4490,4509,8999,"{""N"":988,""arcs_enqueued"":2010,""arcs_processed"":2010,""max_queue"":2010}","{""N"":988,""arcs_enqueued"":2010,""arcs_processed"":2010,""max_queue"":2010}",29265920,29265920,0,29265920,29265920,0,"","",canonical
cosmadakis,14,0,0,0,4245,4364,8609,"{""N"":997,""arcs_enqueued"":2019,""arcs_processed"":2019,""max_queue"":2019}","{""N"":997,""arcs_enqueued"":2019,""arcs_processed"":2019,""max_queue"":2019}",29265920,29265920,0,29265920,29265920,0,"","",canonical
cosmadakis,15,0,0,0,4523,4656,9179,"{""N"":996,""arcs_enqueued"":2018,""arcs_processed"":2018,""max_queue"":2018}","{""N"":996,""arcs_enqueued"":2018,""arcs_processed"":2018,""max_queue"":2018}",29265920,29265920,0,29265920,29265920,0,"","",canonical
