engine,pair_id,u_leq_v,v_leq_u,eq,uv_us,vu_us,total_us,uv_stats,vu_stats,uv_working_set,uv_peak_working_set,uv_private_bytes,vu_working_set,vu_peak_working_set,vu_private_bytes,uv_error,vu_error,representation
cosmadakis,0,0,0,0,93836342,94094268,187930610,"{""N"":106810,""arcs_enqueued"":237884,""arcs_processed"":237884,""max_queue"":237884}","{""N"":106810,""arcs_enqueued"":237884,""arcs_processed"":237884,""max_queue"":237884}",39465525248,39465525248,0,39466721280,39466721280,0,"","",canonical
cosmadakis,1,0,0,0,65101633,65020583,130122216,"{""N"":106963,""arcs_enqueued"":238034,""arcs_processed"":238034,""max_queue"":238034}","{""N"":106963,""arcs_enqueued"":238034,""arcs_processed"":238034,""max_queue"":238034}",39540547584,39540547584,0,39540547584,39540547584,0,"","",canonical
cosmadakis,2,0,0,0,91162975,91354225,182517200,"{""N"":107107,""arcs_enqueued"":238178,""arcs_processed"":238178,""max_queue"":238178}","{""N"":107107,""arcs_enqueued"":238178,""arcs_processed"":238178,""max_queue"":238178}",39608668160,39608668160,0,39608721408,39608721408,0,"","",canonical
cosmadakis,3,0,0,0,64939137,64983938,129923075,"{""N"":106981,""arcs_enqueued"":238053,""arcs_processed"":238053,""max_queue"":238053}","{""N"":106981,""arcs_enqueued"":238053,""arcs_processed"":238053,""max_queue"":238053}",39608721408,39608721408,0,39608721408,39608721408,0,"","",canonical
cosmadakis,4,0,0,0,91645004,91084628,182729632,"{""N"":107019,""arcs_enqueued"":238087,""arcs_processed"":238087,""max_queue"":238087}","{""N"":107019,""arcs_enqueued"":238087,""arcs_processed"":238087,""max_queue"":238087}",39608721408,39608721408,0,39608721408,39608721408,0,"","",canonical
cosmadakis,5,0,0,0,65124719,64971723,130096442,"{""N"":106862,""arcs_enqueued"":237930,""arcs_processed"":237930,""max_queue"":237930}","{""N"":106862,""arcs_enqueued"":237930,""arcs_processed"":237930,""max_queue"":237930}",39608721408,39608721408,0,39608721408,39608721408,0,"","",canonical
cosmadakis,6,0,0,0,91070833,91131263,182202096,"{""N"":106907,""arcs_enqueued"":237984,""arcs_processed"":237984,""max_queue"":237984}","{""N"":106907,""arcs_enqueued"":237984,""arcs_processed"":237984,""max_queue"":237984}",39608721408,39608721408,0,39608721408,39608721408,0,"","",canonical
cosmadakis,7,0,0,0,64923510,65124633,130048143,"{""N"":106942,""arcs_enqueued"":238012,""arcs_processed"":238012,""max_queue"":238012}","{""N"":106942,""arcs_enqueued"":238012,""arcs_processed"":238012,""max_queue"":238012}",39608721408,39608721408,0,39608721408,39608721408,0,"","",canonical
cosmadakis,8,0,0,0,91167760,91278538,182446298,"{""N"":106905,""arcs_enqueued"":237973,""arcs_processed"":237973,""max_queue"":237973}","{""N"":106905,""arcs_enqueued"":237973,""arcs_processed"":237973,""max_queue"":237973}",39608721408,39608721408,0,39608721408,39608721408,0,"","",canonical
cosmadakis,9,0,0,0,65174945,65048273,130223218,"{""N"":106922,""arcs_enqueued"":237994,""arcs_processed"":237994,""max_queue"":237994}","{""N"":106922,""arcs_enqueued"":237994,""arcs_processed"":237994,""max_queue"":237994}",39608721408,39608721408,0,39608721408,39608721408,0,"","",canonical
cosmadakis,10,0,0,0,91565827,91612109,183177936,"{""N"":106969,""arcs_enqueued"":238038,""arcs_processed"":238038,""max_queue"":238038}","{""N"":106969,""arcs_enqueued"":238038,""arcs_processed"":238038,""max_queue"":238038}",39608721408,39608721408,0,39608721408,39608721408,0,"","",canonical
cosmadakis,11,0,0,0,65194411,65124638,130319049,"{""N"":106942,""arcs_enqueued"":238014,""arcs_processed"":238014,""max_queue"":238014}","{""N"":106942,""arcs_enqueued"":238014,""arcs_processed"":238014,""max_queue"":238014}",39608721408,39608721408,0,39608721408,39608721408,0,"","",canonical
cosmadakis,12,0,0,0,91495775,91717787,183213562,"{""N"":106961,""arcs_enqueued"":238031,""arcs_processed"":238031,""max_queue"":238031}","{""N"":106961,""arcs_enqueued"":238031,""arcs_processed"":238031,""max_queue"":238031}",39608721408,39608721408,0,39608721408,39608721408,0,"","",canonical
cosmadakis,13,0,0,0,65207210,65239496,130446706,"{""N"":107027,""arcs_enqueued"":238099,""arcs_processed"":238099,""max_queue"":238099}","{""N"":107027,""arcs_enqueued"":238099,""arcs_processed"":238099,""max_queue"":238099}",39608721408,39608721408,0,39608721408,39608721408,0,"","",canonical
cosmadakis,14,0,0,0,93710151,94101907,187812058,"{""N"":106843,""arcs_enqueued"":237913,""arcs_processed"":237913,""max_queue"":237913}","{""N"":106843,""arcs_enqueued"":237913,""arcs_processed"":237913,""max_queue"":237913}",39608721408,39608721408,0,39608721408,39608721408,0,"","",canonical
cosmadakis,15,0,0,0,65226591,65084367,130310958,"{""N"":106924,""arcs_enqueued"":237995,""arcs_processed"":237995,""max_queue"":237995}","{""N"":106924,""arcs_enqueued"":237995,""arcs_processed"":237995,""max_queue"":237995}",39608721408,39608721408,0,39608721408,39608721408,0,"","",canonical
