engine,pair_id,u_leq_v,v_leq_u,eq,uv_us,vu_us,total_us,uv_stats,vu_stats,uv_working_set,uv_peak_working_set,uv_private_bytes,vu_working_set,vu_peak_working_set,vu_private_bytes,uv_error,vu_error,representation
cosmadakis,0,0,0,0,281,267,548,"{""N"":32,""arcs_enqueued"":62,""arcs_processed"":62,""max_queue"":62}","{""N"":32,""arcs_enqueued"":62,""arcs_processed"":62,""max_queue"":62}",29265920,29265920,0,29265920,29265920,0,"","",canonical
cosmadakis,1,0,0,0,263,258,521,"{""N"":32,""arcs_enqueued"":62,""arcs_processed"":62,""max_queue"":62}","{""N"":32,""arcs_enqueued"":62,""arcs_processed"":62,""max_queue"":62}",29265920,29265920,0,29265920,29265920,0,"","",canonical
cosmadakis,2,0,0,0,259,256,515,"{""N"":32,""arcs_enqueued"":62,""arcs_processed"":62,""max_queue"":62}","{""N"":32,""arcs_enqueued"":62,""arcs_processed"":62,""max_queue"":62}",29265920,29265920,0,29265920,29265920,0,"","",canonical
cosmadakis,3,0,0,0,260,292,552,"{""N"":32,""arcs_enqueued"":62,""arcs_processed"":62,""max_queue"":62}","{""N"":32,""arcs_enqueued"":62,""arcs_processed"":62,""max_queue"":62}",29265920,29265920,0,29265920,29265920,0,"","",canonical
cosmadakis,4,0,0,0,265,256,521,"{""N"":31,""arcs_enqueued"":61,""arcs_processed"":61,""max_queue"":61}","{""N"":31,""arcs_enqueued"":61,""arcs_processed"":61,""max_queue"":61}",29265920,29265920,0,29265920,29265920,0,"","",canonical
cosmadakis,5,0,0,0,265,255,520,"{""N"":32,""arcs_enqueued"":62,""arcs_processed"":62,""max_queue"":62}","{""N"":32,""arcs_enqueued"":62,""arcs_processed"":62,""max_queue"":62}",29265920,29265920,0,29265920,29265920,0,"","",canonical
cosmadakis,6,0,0,0,258,256,514,"{""N"":32,""arcs_enqueued"":62,""arcs_processed"":62,""max_queue"":62}","{""N"":32,""arcs_enqueued"":62,""arcs_processed"":62,""max_queue"":62}",29265920,29265920,0,29265920,29265920,0,"","",canonical
cosmadakis,7,0,0,0,259,255,514,"{""N"":32,""arcs_enqueued"":62,""arcs_processed"":62,""max_queue"":62}","{""N"":32,""arcs_enqueued"":62,""arcs_processed"":62,""max_queue"":62}",29265920,29265920,0,29265920,29265920,0,"","",canonical
cosmadakis,8,0,0,0,259,279,538,"{""N"":32,""arcs_enqueued"":62,""arcs_processed"":62,""max_queue"":62}","{""N"":32,""arcs_enqueued"":62,""arcs_processed"":62,""max_queue"":62}",29265920,29265920,0,29265920,29265920,0,"","",canonical
cosmadakis,9,0,0,0,259,254,513,"{""N"":31,""arcs_enqueued"":61,""arcs_processed"":61,""max_queue"":61}","{""N"":31,""arcs_enqueued"":61,""arcs_processed"":61,""max_queue"":61}",29265920,29265920,0,29265920,29265920,0,"","",canonical
cosmadakis,10,0,0,0,260,254,514,"{""N"":32,""arcs_enqueued"":62,""arcs_processed"":62,""max_queue"":62}","{""N"":32,""arcs_enqueued"":62,""arcs_processed"":62,""max_queue"":62}",29265920,29265920,0,29265920,29265920,0,"","",canonical
cosmadakis,11,0,0,0,260,257,517,"{""N"":32,""arcs_enqueued"":62,""arcs_processed"":62,""max_queue"":62}","{""N"":32,""arcs_enqueued"":62,""arcs_processed"":62,""max_queue"":62}",29265920,29265920,0,29265920,29265920,0,"","",canonical
cosmadakis,12,0,0,0,260,255,515,"{""N"":32,""arcs_enqueued"":62,""arcs_processed"":62,""max_queue"":62}","{""N"":32,""arcs_enqueued"":62,""arcs_processed"":62,""max_queue"":62}",29265920,29265920,0,29265920,29265920,0,"","",canonical
cosmadakis,13,0,0,0,259,256,515,"{""N"":32,""arcs_enqueued"":62,""arcs_processed"":62,""max_queue"":62}","{""N"":32,""arcs_enqueued"":62,""arcs_processed"":62,""max_queue"":62}",29265920,29265920,0,29265920,29265920,0,"","",canonical
cosmadakis,14,0,0,0,259,257,516,"{""N"":32,""arcs_enqueued"":62,""arcs_processed"":62,""max_queue"":62}","{""N"":32,""arcs_enqueued"":62,""arcs_processed"":62,""max_queue"":62}",29265920,29265920,0,29265920,29265920,0,"","",canonical
cosmadakis,15,0,0,0,259,256,515,"{""N"":32,""arcs_enqueued"":62,""arcs_processed"":62,""max_queue"":62}","{""N"":32,""arcs_enqueued"":62,""arcs_processed"":62,""max_queue"":62}",29265920,29265920,0,29265920,29265920,0,"","",canonical
