engine,pair_id,u_leq_v,v_leq_u,eq,uv_us,vu_us,total_us,uv_stats,vu_stats,uv_working_set,uv_peak_working_set,uv_private_bytes,vu_working_set,vu_peak_working_set,vu_private_bytes,uv_error,vu_error,representation
cosmadakis,0,0,0,0,1255,1102,2357,"{""N"":128,""arcs_enqueued"":254,""arcs_processed"":254,""max_queue"":254}","{""N"":128,""arcs_enqueued"":254,""arcs_processed"":254,""max_queue"":254}",29265920,29265920,0,29265920,29265920,0,"","",canonical
cosmadakis,1,0,0,0,1161,1122,2283,"{""N"":127,""arcs_enqueued"":253,""arcs_processed"":253,""max_queue"":253}","{""N"":127,""arcs_enqueued"":253,""arcs_processed"":253,""max_queue"":253}",29265920,29265920,0,29265920,29265920,0,"","",canonical
cosmadakis,2,0,0,0,1097,1102,2199,"{""N"":128,""arcs_enqueued"":254,""arcs_processed"":254,""max_queue"":254}","{""N"":128,""arcs_enqueued"":254,""arcs_processed"":254,""max_queue"":254}",29265920,29265920,0,29265920,29265920,0,"","",canonical
cosmadakis,3,0,0,0,1079,1082,2161,"{""N"":128,""arcs_enqueued"":254,""arcs_processed"":254,""max_queue"":254}","{""N"":128,""arcs_enqueued"":254,""arcs_processed"":254,""max_queue"":254}",29265920,29265920,0,29265920,29265920,0,"","",canonical
cosmadakis,4,0,0,0,1020,997,2017,"{""N"":128,""arcs_enqueued"":254,""arcs_processed"":254,""max_queue"":254}","{""N"":128,""arcs_enqueued"":254,""arcs_processed"":254,""max_queue"":254}",29265920,29265920,0,29265920,29265920,0,"","",canonical
cosmadakis,5,0,0,0,1001,1000,2001,"{""N"":127,""arcs_enqueued"":253,""arcs_processed"":253,""max_queue"":253}","{""N"":127,""arcs_enqueued"":253,""arcs_processed"":253,""max_queue"":253}",29265920,29265920,0,29265920,29265920,0,"","",canonical
cosmadakis,6,0,0,0,994,1011,2005,"{""N"":128,""arcs_enqueued"":254,""arcs_processed"":254,""max_queue"":254}","{""N"":128,""arcs_enqueued"":254,""arcs_processed"":254,""max_queue"":254}",29265920,29265920,0,29265920,29265920,0,"","",canonical
cosmadakis,7,0,0,0,992,770,1762,"{""N"":127,""arcs_enqueued"":253,""arcs_processed"":253,""max_queue"":253}","{""N"":127,""arcs_enqueued"":253,""arcs_processed"":253,""max_queue"":253}",29265920,29265920,0,29265920,29265920,0,"","",canonical
cosmadakis,8,0,0,0,652,652,1304,"{""N"":128,""arcs_enqueued"":254,""arcs_processed"":254,""max_queue"":254}","{""N"":128,""arcs_enqueued"":254,""arcs_processed"":254,""max_queue"":254}",29265920,29265920,0,29265920,29265920,0,"","",canonical
cosmadakis,9,0,0,0,645,641,1286,"{""N"":127,""arcs_enqueued"":253,""arcs_processed"":253,""max_queue"":253}","{""N"":127,""arcs_enqueued"":253,""arcs_processed"":253,""max_queue"":253}",29265920,29265920,0,29265920,29265920,0,"","",canonical
cosmadakis,10,0,0,0,640,644,1284,"{""N"":125,""arcs_enqueued"":251,""arcs_processed"":251,""max_queue"":251}","{""N"":125,""arcs_enqueued"":251,""arcs_processed"":251,""max_queue"":251}",29265920,29265920,0,29265920,29265920,0,"","",canonical
cosmadakis,11,0,0,0,640,650,1290,"{""N"":128,""arcs_enqueued"":254,""arcs_processed"":254,""max_queue"":254}","{""N"":128,""arcs_enqueued"":254,""arcs_processed"":254,""max_queue"":254}",29265920,29265920,0,29265920,29265920,0,"","",canonical
cosmadakis,12,0,0,0,645,650,1295,"{""N"":127,""arcs_enqueued"":255,""arcs_processed"":255,""max_queue"":255}","{""N"":127,""arcs_enqueued"":255,""arcs_processed"":255,""max_queue"":255}",29265920,29265920,0,29265920,29265920,0,"","",canonical
cosmadakis,13,0,0,0,428,428,856,"{""N"":127,""arcs_enqueued"":253,""arcs_processed"":253,""max_queue"":253}","{""N"":127,""arcs_enqueued"":253,""arcs_processed"":253,""max_queue"":253}",29265920,29265920,0,29265920,29265920,0,"","",canonical
cosmadakis,14,0,0,0,428,433,861,"{""N"":128,""arcs_enqueued"":254,""arcs_processed"":254,""max_queue"":254}","{""N"":128,""arcs_enqueued"":254,""arcs_processed"":254,""max_queue"":254}",29265920,29265920,0,29265920,29265920,0,"","",canonical
cosmadakis,15,0,0,0,426,446,872,"{""N"":127,""arcs_enqueued"":253,""arcs_processed"":253,""max_queue"":253}","{""N"":127,""arcs_enqueued"":253,""arcs_processed"":253,""max_queue"":253}",29265920,29265920,0,29265920,29265920,0,"","",canonical
