engine,pair_id,u_leq_v,v_leq_u,eq,uv_us,vu_us,total_us,uv_stats,vu_stats,uv_working_set,uv_peak_working_set,uv_private_bytes,vu_working_set,vu_peak_working_set,vu_private_bytes,uv_error,vu_error,representation
cosmadakis,0,0,0,0,86472,55854,142326,"{""N"":3690,""arcs_enqueued"":7786,""arcs_processed"":7786,""max_queue"":7786}","{""N"":3690,""arcs_enqueued"":7786,""arcs_processed"":7786,""max_queue"":7786}",49381376,49381376,0,49381376,49381376,0,"","",canonical
cosmadakis,1,0,0,0,57337,47590,104927,"{""N"":3666,""arcs_enqueued"":7762,""arcs_processed"":7762,""max_queue"":7762}","{""N"":3666,""arcs_enqueued"":7762,""arcs_processed"":7762,""max_queue"":7762}",49381376,49381376,0,49381376,49381376,0,"","",canonical
cosmadakis,2,0,0,0,42589,42946,85535,"{""N"":3645,""arcs_enqueued"":7737,""arcs_processed"":7737,""max_queue"":7737}","{""N"":3645,""arcs_enqueued"":7737,""arcs_processed"":7737,""max_queue"":7737}",49381376,49381376,0,49381376,49381376,0,"","",canonical
cosmadakis,3,0,0,0,48125,53247,101372,"{""N"":3684,""arcs_enqueued"":7780,""arcs_processed"":7780,""max_queue"":7780}","{""N"":3684,""arcs_enqueued"":7780,""arcs_processed"":7780,""max_queue"":7780}",49606656,49606656,0,73125888,73125888,0,"","",canonical
cosmadakis,4,0,0,0,42776,42437,85213,"{""N"":3659,""arcs_enqueued"":7755,""arcs_processed"":7755,""max_queue"":7755}","{""N"":3659,""arcs_enqueued"":7755,""arcs_processed"":7755,""max_queue"":7755}",73396224,73396224,0,73396224,73396224,0,"","",canonical
cosmadakis,5,0,0,0,46721,46549,93270,"{""N"":3665,""arcs_enqueued"":7757,""arcs_processed"":7757,""max_queue"":7757}","{""N"":3665,""arcs_enqueued"":7757,""arcs_processed"":7757,""max_queue"":7757}",73396224,73396224,0,73396224,73396224,0,"","",canonical
cosmadakis,6,0,0,0,42734,42345,85079,"{""N"":3650,""arcs_enqueued"":7741,""arcs_processed"":7741,""max_queue"":7741}","{""N"":3650,""arcs_enqueued"":7741,""arcs_processed"":7741,""max_queue"":7741}",73396224,73396224,0,73396224,73396224,0,"","",canonical
cosmadakis,7,0,0,0,47313,47150,94463,"{""N"":3660,""arcs_enqueued"":7754,""arcs_processed"":7754,""max_queue"":7754}","{""N"":3660,""arcs_enqueued"":7754,""arcs_processed"":7754,""max_queue"":7754}",73666560,73666560,0,73666560,73666560,0,"","",canonical
cosmadakis,8,0,0,0,42773,42688,85461,"{""N"":3674,""arcs_enqueued"":7768,""arcs_processed"":7768,""max_queue"":7768}","{""N"":3674,""arcs_enqueued"":7768,""arcs_processed"":7768,""max_queue"":7768}",73666560,73666560,0,73666560,73666560,0,"","",canonical
cosmadakis,9,0,0,0,46328,46232,92560,"{""N"":3657,""arcs_enqueued"":7749,""arcs_processed"":7749,""max_queue"":7749}","{""N"":3657,""arcs_enqueued"":7749,""arcs_processed"":7749,""max_queue"":7749}",73666560,73666560,0,73666560,73666560,0,"","",canonical
cosmadakis,10,0,0,0,42830,42728,85558,"{""N"":3677,""arcs_enqueued"":7772,""arcs_processed"":7772,""max_queue"":7772}","{""N"":3677,""arcs_enqueued"":7772,""arcs_processed"":7772,""max_queue"":7772}",73666560,73666560,0,73666560,73666560,0,"","",canonical
cosmadakis,11,0,0,0,46819,46531,93350,"{""N"":3678,""arcs_enqueued"":7772,""arcs_processed"":7772,""max_queue"":7772}","{""N"":3678,""arcs_enqueued"":7772,""arcs_processed"":7772,""max_queue"":7772}",73666560,73666560,0,73666560,73666560,0,"","",canonical
cosmadakis,12,0,0,0,42923,42750,85673,"{""N"":3681,""arcs_enqueued"":7777,""arcs_processed"":7777,""max_queue"":7777}","{""N"":3681,""arcs_enqueued"":7777,""arcs_processed"":7777,""max_queue"":7777}",73666560,73666560,0,73666560,73666560,0,"","",canonical
cosmadakis,13,0,0,0,46234,46078,92312,"{""N"":3645,""arcs_enqueued"":7739,""arcs_processed"":7739,""max_queue"":7739}","{""N"":3645,""arcs_enqueued"":7739,""arcs_processed"":7739,""max_queue"":7739}",73666560,73666560,0,73666560,73666560,0,"","",canonical
cosmadakis,14,0,0,0,42676,42562,85238,"{""N"":3663,""arcs_enqueued"":7757,""arcs_processed"":7757,""max_queue"":7757}","{""N"":3663,""arcs_enqueued"":7757,""arcs_processed"":7757,""max_queue"":7757}",73666560,73666560,0,73666560,73666560,0,"","",canonical
cosmadakis,15,0,0,0,47720,47327,95047,"{""N"":3672,""arcs_enqueued"":7766,""arcs_processed"":7766,""max_queue"":7766}","{""N"":3672,""arcs_enqueued"":7766,""arcs_processed"":7766,""max_queue"":7766}",73666560,73666560,0,73666560,73666560,0,"","",canonical
