engine,pair_id,u_leq_v,v_leq_u,eq,uv_us,vu_us,total_us,uv_stats,vu_stats,uv_working_set,uv_peak_working_set,uv_private_bytes,vu_working_set,vu_peak_working_set,vu_private_bytes,uv_error,vu_error,representation
cosmadakis,0,0,0,0,223074,203155,426229,"{""N"":6675,""arcs_enqueued"":14867,""arcs_processed"":14867,""max_queue"":14867}","{""N"":6675,""arcs_enqueued"":14867,""arcs_processed"":14867,""max_queue"":14867}",160907264,160907264,0,160952320,160952320,0,"","",canonical
cosmadakis,1,0,0,0,187154,187200,374354,"{""N"":6685,""arcs_enqueued"":14881,""arcs_processed"":14881,""max_queue"":14881}","{""N"":6685,""arcs_enqueued"":14881,""arcs_processed"":14881,""max_queue"":14881}",161443840,161443840,0,161443840,161443840,0,"","",canonical
cosmadakis,2,0,0,0,203294,203661,406955,"{""N"":6705,""arcs_enqueued"":14899,""arcs_processed"":14899,""max_queue"":14899}","{""N"":6705,""arcs_enqueued"":14899,""arcs_processed"":14899,""max_queue"":14899}",162070528,162070528,0,162078720,162078720,0,"","",canonical
cosmadakis,3,0,0,0,186675,187216,373891,"{""N"":6681,""arcs_enqueued"":14871,""arcs_processed"":14871,""max_queue"":14871}","{""N"":6681,""arcs_enqueued"":14871,""arcs_processed"":14871,""max_queue"":14871}",162078720,162078720,0,162078720,162078720,0,"","",canonical
cosmadakis,4,0,0,0,203194,202580,405774,"{""N"":6687,""arcs_enqueued"":14879,""arcs_processed"":14879,""max_queue"":14879}","{""N"":6687,""arcs_enqueued"":14879,""arcs_processed"":14879,""max_queue"":14879}",162078720,162078720,0,162078720,162078720,0,"","",canonical
cosmadakis,5,0,0,0,186910,187199,374109,"{""N"":6686,""arcs_enqueued"":14878,""arcs_processed"":14878,""max_queue"":14878}","{""N"":6686,""arcs_enqueued"":14878,""arcs_processed"":14878,""max_queue"":14878}",162078720,162078720,0,162078720,162078720,0,"","",canonical
cosmadakis,6,0,0,0,202240,202378,404618,"{""N"":6668,""arcs_enqueued"":14862,""arcs_processed"":14862,""max_queue"":14862}","{""N"":6668,""arcs_enqueued"":14862,""arcs_processed"":14862,""max_queue"":14862}",162078720,162078720,0,162078720,162078720,0,"","",canonical
cosmadakis,7,0,0,0,187243,187209,374452,"{""N"":6696,""arcs_enqueued"":14886,""arcs_processed"":14886,""max_queue"":14886}","{""N"":6696,""arcs_enqueued"":14886,""arcs_processed"":14886,""max_queue"":14886}",162078720,162078720,0,162078720,162078720,0,"","",canonical
cosmadakis,8,0,0,0,204926,205689,410615,"{""N"":6738,""arcs_enqueued"":14928,""arcs_processed"":14928,""max_queue"":14928}","{""N"":6738,""arcs_enqueued"":14928,""arcs_processed"":14928,""max_queue"":14928}",162967552,162967552,0,162967552,162967552,0,"","",canonical
cosmadakis,9,0,0,0,187348,187320,374668,"{""N"":6695,""arcs_enqueued"":14891,""arcs_processed"":14891,""max_queue"":14891}","{""N"":6695,""arcs_enqueued"":14891,""arcs_processed"":14891,""max_queue"":14891}",162967552,162967552,0,162967552,162967552,0,"","",canonical
cosmadakis,10,0,0,0,200985,200804,401789,"{""N"":6692,""arcs_enqueued"":14880,""arcs_processed"":14880,""max_queue"":14880}","{""N"":6692,""arcs_enqueued"":14880,""arcs_processed"":14880,""max_queue"":14880}",162967552,162967552,0,162967552,162967552,0,"","",canonical
cosmadakis,11,0,0,0,187488,187650,375138,"{""N"":6702,""arcs_enqueued"":14898,""arcs_processed"":14898,""max_queue"":14898}","{""N"":6702,""arcs_enqueued"":14898,""arcs_processed"":14898,""max_queue"":14898}",162967552,162967552,0,162967552,162967552,0,"","",canonical
cosmadakis,12,0,0,0,203634,204043,407677,"{""N"":6690,""arcs_enqueued"":14880,""arcs_processed"":14880,""max_queue"":14880}","{""N"":6690,""arcs_enqueued"":14880,""arcs_processed"":14880,""max_queue"":14880}",162967552,162967552,0,162967552,162967552,0,"","",canonical
cosmadakis,13,0,0,0,186524,187375,373899,"{""N"":6674,""arcs_enqueued"":14868,""arcs_processed"":14868,""max_queue"":14868}","{""N"":6674,""arcs_enqueued"":14868,""arcs_processed"":14868,""max_queue"":14868}",162967552,162967552,0,162967552,162967552,0,"","",canonical
cosmadakis,14,0,0,0,203328,202581,405909,"{""N"":6674,""arcs_enqueued"":14866,""arcs_processed"":14866,""max_queue"":14866}","{""N"":6674,""arcs_enqueued"":14866,""arcs_processed"":14866,""max_queue"":14866}",162967552,162967552,0,162967552,162967552,0,"","",canonical
cosmadakis,15,0,0,0,187683,187399,375082,"{""N"":6704,""arcs_enqueued"":14898,""arcs_processed"":14898,""max_queue"":14898}","{""N"":6704,""arcs_enqueued"":14898,""arcs_processed"":14898,""max_queue"":14898}",162967552,162967552,0,162967552,162967552,0,"","",canonical
