engine,pair_id,u_leq_v,v_leq_u,eq,uv_us,vu_us,total_us,uv_stats,vu_stats,uv_working_set,uv_peak_working_set,uv_private_bytes,vu_working_set,vu_peak_working_set,vu_private_bytes,uv_error,vu_error,representation
cosmadakis,0,0,0,0,150,131,281,"{""N"":16,""arcs_enqueued"":30,""arcs_processed"":30,""max_queue"":30}","{""N"":16,""arcs_enqueued"":30,""arcs_processed"":30,""max_queue"":30}",29265920,29265920,0,29265920,29265920,0,"","",canonical
cosmadakis,1,0,0,0,133,128,261,"{""N"":16,""arcs_enqueued"":30,""arcs_processed"":30,""max_queue"":30}","{""N"":16,""arcs_enqueued"":30,""arcs_processed"":30,""max_queue"":30}",29265920,29265920,0,29265920,29265920,0,"","",canonical
cosmadakis,2,0,0,0,131,127,258,"{""N"":16,""arcs_enqueued"":30,""arcs_processed"":30,""max_queue"":30}","{""N"":16,""arcs_enqueued"":30,""arcs_processed"":30,""max_queue"":30}",29265920,29265920,0,29265920,29265920,0,"","",canonical
cosmadakis,3,0,0,0,135,127,262,"{""N"":16,""arcs_enqueued"":30,""arcs_processed"":30,""max_queue"":30}","{""N"":16,""arcs_enqueued"":30,""arcs_processed"":30,""max_queue"":30}",29265920,29265920,0,29265920,29265920,0,"","",canonical
cosmadakis,4,0,0,0,130,127,257,"{""N"":16,""arcs_enqueued"":30,""arcs_processed"":30,""max_queue"":30}","{""N"":16,""arcs_enqueued"":30,""arcs_processed"":30,""max_queue"":30}",29265920,29265920,0,29265920,29265920,0,"","",canonical
cosmadakis,5,0,0,0,129,126,255,"{""N"":16,""arcs_enqueued"":30,""arcs_processed"":30,""max_queue"":30}","{""N"":16,""arcs_enqueued"":30,""arcs_processed"":30,""max_queue"":30}",29265920,29265920,0,29265920,29265920,0,"","",canonical
cosmadakis,6,0,0,0,129,126,255,"{""N"":16,""arcs_enqueued"":30,""arcs_processed"":30,""max_queue"":30}","{""N"":16,""arcs_enqueued"":30,""arcs_processed"":30,""max_queue"":30}",29265920,29265920,0,29265920,29265920,0,"","",canonical
cosmadakis,7,0,0,0,129,127,256,"{""N"":16,""arcs_enqueued"":30,""arcs_processed"":30,""max_queue"":30}","{""N"":16,""arcs_enqueued"":30,""arcs_processed"":30,""max_queue"":30}",29265920,29265920,0,29265920,29265920,0,"","",canonical
cosmadakis,8,0,0,0,130,127,257,"{""N"":16,""arcs_enqueued"":30,""arcs_processed"":30,""max_queue"":30}","{""N"":16,""arcs_enqueued"":30,""arcs_processed"":30,""max_queue"":30}",29265920,29265920,0,29265920,29265920,0,"","",canonical
cosmadakis,9,0,0,0,129,163,292,"{""N"":16,""arcs_enqueued"":30,""arcs_processed"":30,""max_queue"":30}","{""N"":16,""arcs_enqueued"":30,""arcs_processed"":30,""max_queue"":30}",29265920,29265920,0,29265920,29265920,0,"","",canonical
cosmadakis,10,0,0,0,131,127,258,"{""N"":16,""arcs_enqueued"":30,""arcs_processed"":30,""max_queue"":30}","{""N"":16,""arcs_enqueued"":30,""arcs_processed"":30,""max_queue"":30}",29265920,29265920,0,29265920,29265920,0,"","",canonical
cosmadakis,11,0,0,0,130,126,256,"{""N"":16,""arcs_enqueued"":30,""arcs_processed"":30,""max_queue"":30}","{""N"":16,""arcs_enqueued"":30,""arcs_processed"":30,""max_queue"":30}",29265920,29265920,0,29265920,29265920,0,"","",canonical
cosmadakis,12,0,0,0,130,127,257,"{""N"":16,""arcs_enqueued"":30,""arcs_processed"":30,""max_queue"":30}","{""N"":16,""arcs_enqueued"":30,""arcs_processed"":30,""max_queue"":30}",29265920,29265920,0,29265920,29265920,0,"","",canonical
cosmadakis,13,0,0,0,129,126,255,"{""N"":16,""arcs_enqueued"":30,""arcs_processed"":30,""max_queue"":30}","{""N"":16,""arcs_enqueued"":30,""arcs_processed"":30,""max_queue"":30}",29265920,29265920,0,29265920,29265920,0,"","",canonical
cosmadakis,14,0,0,0,129,127,256,"{""N"":16,""arcs_enqueued"":30,""arcs_processed"":30,""max_queue"":30}","{""N"":16,""arcs_enqueued"":30,""arcs_processed"":30,""max_queue"":30}",29265920,29265920,0,29265920,29265920,0,"","",canonical
cosmadakis,15,0,0,0,130,126,256,"{""N"":16,""arcs_enqueued"":30,""arcs_processed"":30,""max_queue"":30}","{""N"":16,""arcs_enqueued"":30,""arcs_processed"":30,""max_queue"":30}",29265920,29265920,0,29265920,29265920,0,"","",canonical
