engine,pair_id,u_leq_v,v_leq_u,eq,uv_us,vu_us,total_us,uv_stats,vu_stats,uv_working_set,uv_peak_working_set,uv_private_bytes,vu_working_set,vu_peak_working_set,vu_private_bytes,uv_error,vu_error,representation
cosmadakis,0,0,0,0,804663,802259,1606922,"{""N"":13419,""arcs_enqueued"":29801,""arcs_processed"":29801,""max_queue"":29801}","{""N"":13419,""arcs_enqueued"":29801,""arcs_processed"":29801,""max_queue"":29801}",630333440,630333440,0,630333440,630333440,0,"","",canonical
cosmadakis,1,0,0,0,1014674,1014344,2029018,"{""N"":13394,""arcs_enqueued"":29780,""arcs_processed"":29780,""max_queue"":29780}","{""N"":13394,""arcs_enqueued"":29780,""arcs_processed"":29780,""max_queue"":29780}",630333440,630333440,0,630333440,630333440,0,"","",canonical
cosmadakis,2,0,0,0,803122,801731,1604853,"{""N"":13399,""arcs_enqueued"":29781,""arcs_processed"":29781,""max_queue"":29781}","{""N"":13399,""arcs_enqueued"":29781,""arcs_processed"":29781,""max_queue"":29781}",630333440,630333440,0,630333440,630333440,0,"","",canonical
cosmadakis,3,0,0,0,947093,956187,1903280,"{""N"":13377,""arcs_enqueued"":29753,""arcs_processed"":29753,""max_queue"":29753}","{""N"":13377,""arcs_enqueued"":29753,""arcs_processed"":29753,""max_queue"":29753}",630333440,630333440,0,630333440,630333440,0,"","",canonical
cosmadakis,4,0,0,0,796786,804091,1600877,"{""N"":13366,""arcs_enqueued"":29748,""arcs_processed"":29748,""max_queue"":29748}","{""N"":13366,""arcs_enqueued"":29748,""arcs_processed"":29748,""max_queue"":29748}",630333440,630333440,0,630333440,630333440,0,"","",canonical
cosmadakis,5,0,0,0,1004372,1005898,2010270,"{""N"":13335,""arcs_enqueued"":29719,""arcs_processed"":29719,""max_queue"":29719}","{""N"":13335,""arcs_enqueued"":29719,""arcs_processed"":29719,""max_queue"":29719}",630333440,630333440,0,630333440,630333440,0,"","",canonical
cosmadakis,6,0,0,0,795750,800730,1596480,"{""N"":13361,""arcs_enqueued"":29743,""arcs_processed"":29743,""max_queue"":29743}","{""N"":13361,""arcs_enqueued"":29743,""arcs_processed"":29743,""max_queue"":29743}",630333440,630333440,0,630333440,630333440,0,"","",canonical
cosmadakis,7,0,0,0,984543,987139,1971682,"{""N"":13353,""arcs_enqueued"":29737,""arcs_processed"":29737,""max_queue"":29737}","{""N"":13353,""arcs_enqueued"":29737,""arcs_processed"":29737,""max_queue"":29737}",630333440,630333440,0,630333440,630333440,0,"","",canonical
cosmadakis,8,0,0,0,796060,797277,1593337,"{""N"":13385,""arcs_enqueued"":29767,""arcs_processed"":29767,""max_queue"":29767}","{""N"":13385,""arcs_enqueued"":29767,""arcs_processed"":29767,""max_queue"":29767}",630333440,630333440,0,630333440,630333440,0,"","",canonical
cosmadakis,9,0,0,0,965123,968426,1933549,"{""N"":13359,""arcs_enqueued"":29738,""arcs_processed"":29738,""max_queue"":29738}","{""N"":13359,""arcs_enqueued"":29738,""arcs_processed"":29738,""max_queue"":29738}",630333440,630333440,0,630333440,630333440,0,"","",canonical
cosmadakis,10,0,0,0,798257,792817,1591074,"{""N"":13325,""arcs_enqueued"":29709,""arcs_processed"":29709,""max_queue"":29709}","{""N"":13325,""arcs_enqueued"":29709,""arcs_processed"":29709,""max_queue"":29709}",630333440,630333440,0,630333440,630333440,0,"","",canonical
cosmadakis,11,0,0,0,1004448,1007276,2011724,"{""N"":13367,""arcs_enqueued"":29751,""arcs_processed"":29751,""max_queue"":29751}","{""N"":13367,""arcs_enqueued"":29751,""arcs_processed"":29751,""max_queue"":29751}",630333440,630333440,0,630333440,630333440,0,"","",canonical
cosmadakis,12,0,0,0,804464,798041,1602505,"{""N"":13353,""arcs_enqueued"":29738,""arcs_processed"":29738,""max_queue"":29738}","{""N"":13353,""arcs_enqueued"":29738,""arcs_processed"":29738,""max_queue"":29738}",630333440,630333440,0,630333440,630333440,0,"","",canonical
cosmadakis,13,0,0,0,986000,989876,1975876,"{""N"":13385,""arcs_enqueued"":29767,""arcs_processed"":29767,""max_queue"":29767}","{""N"":13385,""arcs_enqueued"":29767,""arcs_processed"":29767,""max_queue"":29767}",630333440,630333440,0,630333440,630333440,0,"","",canonical
cosmadakis,14,0,0,0,798384,806203,1604587,"{""N"":13398,""arcs_enqueued"":29784,""arcs_processed"":29784,""max_queue"":29784}","{""N"":13398,""arcs_enqueued"":29784,""arcs_processed"":29784,""max_queue"":29784}",630333440,630333440,0,630333440,630333440,0,"","",canonical
cosmadakis,15,0,0,0,947377,949795,1897172,"{""N"":13364,""arcs_enqueued"":29746,""arcs_processed"":29746,""max_queue"":29746}","{""N"":13364,""arcs_enqueued"":29746,""arcs_processed"":29746,""max_queue"":29746}",630333440,630333440,0,630333440,630333440,0,"","",canonical
