engine,pair_id,u_leq_v,v_leq_u,eq,uv_us,vu_us,total_us,uv_stats,vu_stats,uv_working_set,uv_peak_working_set,uv_private_bytes,vu_working_set,vu_peak_working_set,vu_private_bytes,uv_error,vu_error,representation
cosmadakis,0,0,0,0,29284,28543,57827,"{""N"":1930,""arcs_enqueued"":3976,""arcs_processed"":3976,""max_queue"":3976}","{""N"":1930,""arcs_enqueued"":3976,""arcs_processed"":3976,""max_queue"":3976}",29265920,29265920,0,29265920,29265920,0,"","",canonical
cosmadakis,1,0,0,0,16997,14505,31502,"{""N"":1940,""arcs_enqueued"":3986,""arcs_processed"":3986,""max_queue"":3986}","{""N"":1940,""arcs_enqueued"":3986,""arcs_processed"":3986,""max_queue"":3986}",29265920,29265920,0,29265920,29265920,0,"","",canonical
cosmadakis,2,0,0,0,13920,13860,27780,"{""N"":1941,""arcs_enqueued"":3991,""arcs_processed"":3991,""max_queue"":3991}","{""N"":1941,""arcs_enqueued"":3991,""arcs_processed"":3991,""max_queue"":3991}",29265920,29265920,0,29265920,29265920,0,"","",canonical
cosmadakis,3,0,0,0,15665,12899,28564,"{""N"":1933,""arcs_enqueued"":3979,""arcs_processed"":3979,""max_queue"":3979}","{""N"":1933,""arcs_enqueued"":3979,""arcs_processed"":3979,""max_queue"":3979}",29265920,29265920,0,29265920,29265920,0,"","",canonical
cosmadakis,4,0,0,0,13692,13742,27434,"{""N"":1933,""arcs_enqueued"":3979,""arcs_processed"":3979,""max_queue"":3979}","{""N"":1933,""arcs_enqueued"":3979,""arcs_processed"":3979,""max_queue"":3979}",29265920,29265920,0,29265920,29265920,0,"","",canonical
cosmadakis,5,0,0,0,15487,12934,28421,"{""N"":1936,""arcs_enqueued"":3982,""arcs_processed"":3982,""max_queue"":3982}","{""N"":1936,""arcs_enqueued"":3982,""arcs_processed"":3982,""max_queue"":3982}",29265920,29265920,0,29265920,29265920,0,"","",canonical
cosmadakis,6,0,0,0,13803,13679,27482,"{""N"":1926,""arcs_enqueued"":3974,""arcs_processed"":3974,""max_queue"":3974}","{""N"":1926,""arcs_enqueued"":3974,""arcs_processed"":3974,""max_queue"":3974}",29265920,29265920,0,29265920,29265920,0,"","",canonical
cosmadakis,7,0,0,0,15528,12905,28433,"{""N"":1932,""arcs_enqueued"":3978,""arcs_processed"":3978,""max_queue"":3978}","{""N"":1932,""arcs_enqueued"":3978,""arcs_processed"":3978,""max_queue"":3978}",29265920,29265920,0,29265920,29265920,0,"","",canonical
cosmadakis,8,0,0,0,13664,13682,27346,"{""N"":1919,""arcs_enqueued"":3965,""arcs_processed"":3965,""max_queue"":3965}","{""N"":1919,""arcs_enqueued"":3965,""arcs_processed"":3965,""max_queue"":3965}",29265920,29265920,0,29265920,29265920,0,"","",canonical
cosmadakis,9,0,0,0,15963,15986,31949,"{""N"":1931,""arcs_enqueued"":3979,""arcs_processed"":3979,""max_queue"":3979}","{""N"":1931,""arcs_enqueued"":3979,""arcs_processed"":3979,""max_queue"":3979}",29265920,29265920,0,29265920,29265920,0,"","",canonical
cosmadakis,10,0,0,0,16496,15856,32352,"{""N"":1921,""arcs_enqueued"":3967,""arcs_processed"":3967,""max_queue"":3967}","{""N"":1921,""arcs_enqueued"":3967,""arcs_processed"":3967,""max_queue"":3967}",29265920,29265920,0,29265920,29265920,0,"","",canonical
cosmadakis,11,0,0,0,14856,12945,27801,"{""N"":1936,""arcs_enqueued"":3982,""arcs_processed"":3982,""max_queue"":3982}","{""N"":1936,""arcs_enqueued"":3982,""arcs_processed"":3982,""max_queue"":3982}",29265920,29265920,0,29265920,29265920,0,"","",canonical
cosmadakis,12,0,0,0,16306,13788,30094,"{""N"":1932,""arcs_enqueued"":3980,""arcs_processed"":3980,""max_queue"":3980}","{""N"":1932,""arcs_enqueued"":3980,""arcs_processed"":3980,""max_queue"":3980}",29265920,29265920,0,29265920,29265920,0,"","",canonical
cosmadakis,13,0,0,0,13045,13016,26061,"{""N"":1944,""arcs_enqueued"":3994,""arcs_processed"":3994,""max_queue"":3994}","{""N"":1944,""arcs_enqueued"":3994,""arcs_processed"":3994,""max_queue"":3994}",29265920,29265920,0,29265920,29265920,0,"","",canonical
cosmadakis,14,0,0,0,16341,13766,30107,"{""N"":1937,""arcs_enqueued"":3985,""arcs_processed"":3985,""max_queue"":3985}","{""N"":1937,""arcs_enqueued"":3985,""arcs_processed"":3985,""max_queue"":3985}",29265920,29265920,0,29265920,29265920,0,"","",canonical
cosmadakis,15,0,0,0,12930,12873,25803,"{""N"":1928,""arcs_enqueued"":3974,""arcs_processed"":3974,""max_queue"":3974}","{""N"":1928,""arcs_enqueued"":3974,""arcs_processed"":3974,""max_queue"":3974}",29265920,29265920,0,29265920,29265920,0,"","",canonical
