engine,pair_id,u_leq_v,v_leq_u,eq,uv_us,vu_us,total_us,uv_stats,vu_stats,uv_working_set,uv_peak_working_set,uv_private_bytes,vu_working_set,vu_peak_working_set,vu_private_bytes,uv_error,vu_error,representation
cosmadakis,0,0,0,0,1213,1076,2289,"{""N"":254,""arcs_enqueued"":508,""arcs_processed"":508,""max_queue"":508}","{""N"":254,""arcs_enqueued"":508,""arcs_processed"":508,""max_queue"":508}",29265920,29265920,0,29265920,29265920,0,"","",canonical
cosmadakis,1,0,0,0,1439,1431,2870,"{""N"":253,""arcs_enqueued"":507,""arcs_processed"":507,""max_queue"":507}","{""N"":253,""arcs_enqueued"":507,""arcs_processed"":507,""max_queue"":507}",29265920,29265920,0,29265920,29265920,0,"","",canonical
cosmadakis,2,0,0,0,1445,1439,2884,"{""N"":254,""arcs_enqueued"":510,""arcs_processed"":510,""max_queue"":510}","{""N"":254,""arcs_enqueued"":510,""arcs_processed"":510,""max_queue"":510}",29265920,29265920,0,29265920,29265920,0,"","",canonical
cosmadakis,3,0,0,0,1426,1293,2719,"{""N"":253,""arcs_enqueued"":507,""arcs_processed"":507,""max_queue"":507}","{""N"":253,""arcs_enqueued"":507,""arcs_processed"":507,""max_queue"":507}",29265920,29265920,0,29265920,29265920,0,"","",canonical
cosmadakis,4,0,0,0,917,918,1835,"{""N"":253,""arcs_enqueued"":507,""arcs_processed"":507,""max_queue"":507}","{""N"":253,""arcs_enqueued"":507,""arcs_processed"":507,""max_queue"":507}",29265920,29265920,0,29265920,29265920,0,"","",canonical
cosmadakis,5,0,0,0,916,919,1835,"{""N"":253,""arcs_enqueued"":507,""arcs_processed"":507,""max_queue"":507}","{""N"":253,""arcs_enqueued"":507,""arcs_processed"":507,""max_queue"":507}",29265920,29265920,0,29265920,29265920,0,"","",canonical
cosmadakis,6,0,0,0,926,921,1847,"{""N"":254,""arcs_enqueued"":508,""arcs_processed"":508,""max_queue"":508}","{""N"":254,""arcs_enqueued"":508,""arcs_processed"":508,""max_queue"":508}",29265920,29265920,0,29265920,29265920,0,"","",canonical
cosmadakis,7,0,0,0,922,709,1631,"{""N"":255,""arcs_enqueued"":509,""arcs_processed"":509,""max_queue"":509}","{""N"":255,""arcs_enqueued"":509,""arcs_processed"":509,""max_queue"":509}",29265920,29265920,0,29265920,29265920,0,"","",canonical
cosmadakis,8,0,0,0,671,673,1344,"{""N"":256,""arcs_enqueued"":510,""arcs_processed"":510,""max_queue"":510}","{""N"":256,""arcs_enqueued"":510,""arcs_processed"":510,""max_queue"":510}",29265920,29265920,0,29265920,29265920,0,"","",canonical
cosmadakis,9,0,0,0,630,619,1249,"{""N"":252,""arcs_enqueued"":506,""arcs_processed"":506,""max_queue"":506}","{""N"":252,""arcs_enqueued"":506,""arcs_processed"":506,""max_queue"":506}",29265920,29265920,0,29265920,29265920,0,"","",canonical
cosmadakis,10,0,0,0,678,669,1347,"{""N"":253,""arcs_enqueued"":507,""arcs_processed"":507,""max_queue"":507}","{""N"":253,""arcs_enqueued"":507,""arcs_processed"":507,""max_queue"":507}",29265920,29265920,0,29265920,29265920,0,"","",canonical
cosmadakis,11,0,0,0,621,624,1245,"{""N"":256,""arcs_enqueued"":510,""arcs_processed"":510,""max_queue"":510}","{""N"":256,""arcs_enqueued"":510,""arcs_processed"":510,""max_queue"":510}",29265920,29265920,0,29265920,29265920,0,"","",canonical
cosmadakis,12,0,0,0,648,664,1312,"{""N"":254,""arcs_enqueued"":508,""arcs_processed"":508,""max_queue"":508}","{""N"":254,""arcs_enqueued"":508,""arcs_processed"":508,""max_queue"":508}",29265920,29265920,0,29265920,29265920,0,"","",canonical
cosmadakis,13,0,0,0,634,622,1256,"{""N"":255,""arcs_enqueued"":509,""arcs_processed"":509,""max_queue"":509}","{""N"":255,""arcs_enqueued"":509,""arcs_processed"":509,""max_queue"":509}",29265920,29265920,0,29265920,29265920,0,"","",canonical
cosmadakis,14,0,0,0,622,660,1282,"{""N"":253,""arcs_enqueued"":509,""arcs_processed"":509,""max_queue"":509}","{""N"":253,""arcs_enqueued"":509,""arcs_processed"":509,""max_queue"":509}",29265920,29265920,0,29265920,29265920,0,"","",canonical
cosmadakis,15,0,0,0,655,620,1275,"{""N"":253,""arcs_enqueued"":507,""arcs_processed"":507,""max_queue"":507}","{""N"":253,""arcs_enqueued"":507,""arcs_processed"":507,""max_queue"":507}",29265920,29265920,0,29265920,29265920,0,"","",canonical
