engine,pair_id,u_leq_v,v_leq_u,eq,uv_us,vu_us,total_us,uv_stats,vu_stats,uv_working_set,uv_peak_working_set,uv_private_bytes,vu_working_set,vu_peak_working_set,vu_private_bytes,uv_error,vu_error,representation
cosmadakis,0,0,0,0,307,291,598,"{""N"":64,""arcs_enqueued"":126,""arcs_processed"":126,""max_queue"":126}","{""N"":64,""arcs_enqueued"":126,""arcs_processed"":126,""max_queue"":126}",29265920,29265920,0,29265920,29265920,0,"","",canonical
cosmadakis,1,0,0,0,283,282,565,"{""N"":63,""arcs_enqueued"":125,""arcs_processed"":125,""max_queue"":125}","{""N"":63,""arcs_enqueued"":125,""arcs_processed"":125,""max_queue"":125}",29265920,29265920,0,29265920,29265920,0,"","",canonical
cosmadakis,2,0,0,0,286,284,570,"{""N"":64,""arcs_enqueued"":126,""arcs_processed"":126,""max_queue"":126}","{""N"":64,""arcs_enqueued"":126,""arcs_processed"":126,""max_queue"":126}",29265920,29265920,0,29265920,29265920,0,"","",canonical
cosmadakis,3,0,0,0,281,260,541,"{""N"":64,""arcs_enqueued"":126,""arcs_processed"":126,""max_queue"":126}","{""N"":64,""arcs_enqueued"":126,""arcs_processed"":126,""max_queue"":126}",29265920,29265920,0,29265920,29265920,0,"","",canonical
cosmadakis,4,0,0,0,259,259,518,"{""N"":64,""arcs_enqueued"":126,""arcs_processed"":126,""max_queue"":126}","{""N"":64,""arcs_enqueued"":126,""arcs_processed"":126,""max_queue"":126}",29265920,29265920,0,29265920,29265920,0,"","",canonical
cosmadakis,5,0,0,0,259,260,519,"{""N"":64,""arcs_enqueued"":126,""arcs_processed"":126,""max_queue"":126}","{""N"":64,""arcs_enqueued"":126,""arcs_processed"":126,""max_queue"":126}",29265920,29265920,0,29265920,29265920,0,"","",canonical
cosmadakis,6,0,0,0,258,259,517,"{""N"":64,""arcs_enqueued"":126,""arcs_processed"":126,""max_queue"":126}","{""N"":64,""arcs_enqueued"":126,""arcs_processed"":126,""max_queue"":126}",29265920,29265920,0,29265920,29265920,0,"","",canonical
cosmadakis,7,0,0,0,258,261,519,"{""N"":64,""arcs_enqueued"":126,""arcs_processed"":126,""max_queue"":126}","{""N"":64,""arcs_enqueued"":126,""arcs_processed"":126,""max_queue"":126}",29265920,29265920,0,29265920,29265920,0,"","",canonical
cosmadakis,8,0,0,0,258,261,519,"{""N"":64,""arcs_enqueued"":126,""arcs_processed"":126,""max_queue"":126}","{""N"":64,""arcs_enqueued"":126,""arcs_processed"":126,""max_queue"":126}",29265920,29265920,0,29265920,29265920,0,"","",canonical
cosmadakis,9,0,0,0,258,260,518,"{""N"":64,""arcs_enqueued"":126,""arcs_processed"":126,""max_queue"":126}","{""N"":64,""arcs_enqueued"":126,""arcs_processed"":126,""max_queue"":126}",29265920,29265920,0,29265920,29265920,0,"","",canonical
cosmadakis,10,0,0,0,257,259,516,"{""N"":64,""arcs_enqueued"":126,""arcs_processed"":126,""max_queue"":126}","{""N"":64,""arcs_enqueued"":126,""arcs_processed"":126,""max_queue"":126}",29265920,29265920,0,29265920,29265920,0,"","",canonical
cosmadakis,11,0,0,0,262,260,522,"{""N"":64,""arcs_enqueued"":126,""arcs_processed"":126,""max_queue"":126}","{""N"":64,""arcs_enqueued"":126,""arcs_processed"":126,""max_queue"":126}",29265920,29265920,0,29265920,29265920,0,"","",canonical
cosmadakis,12,0,0,0,256,258,514,"{""N"":63,""arcs_enqueued"":125,""arcs_processed"":125,""max_queue"":125}","{""N"":63,""arcs_enqueued"":125,""arcs_processed"":125,""max_queue"":125}",29265920,29265920,0,29265920,29265920,0,"","",canonical
cosmadakis,13,0,0,0,259,260,519,"{""N"":64,""arcs_enqueued"":126,""arcs_processed"":126,""max_queue"":126}","{""N"":64,""arcs_enqueued"":126,""arcs_processed"":126,""max_queue"":126}",29265920,29265920,0,29265920,29265920,0,"","",canonical
cosmadakis,14,0,0,0,256,259,515,"{""N"":63,""arcs_enqueued"":125,""arcs_processed"":125,""max_queue"":125}","{""N"":63,""arcs_enqueued"":125,""arcs_processed"":125,""max_queue"":125}",29265920,29265920,0,29265920,29265920,0,"","",canonical
cosmadakis,15,0,0,0,258,276,534,"{""N"":64,""arcs_enqueued"":126,""arcs_processed"":126,""max_queue"":126}","{""N"":64,""arcs_enqueued"":126,""arcs_processed"":126,""max_queue"":126}",29265920,29265920,0,29265920,29265920,0,"","",canonical
