engine,pair_id,u_leq_v,v_leq_u,eq,uv_us,vu_us,total_us,uv_stats,vu_stats,uv_working_set,uv_peak_working_set,uv_private_bytes,vu_working_set,vu_peak_working_set,vu_private_bytes,uv_error,vu_error,representation
cosmadakis,0,0,0,0,14834973,14826287,29661260,"{""N"":53462,""arcs_enqueued"":118996,""arcs_processed"":118996,""max_queue"":118996}","{""N"":53462,""arcs_enqueued"":118996,""arcs_processed"":118996,""max_queue"":118996}",9895993344,9895993344,0,9896488960,9896488960,0,"","",canonical
cosmadakis,1,0,0,0,21394940,21396078,42791018,"{""N"":53426,""arcs_enqueued"":118960,""arcs_processed"":118960,""max_queue"":118960}","{""N"":53426,""arcs_enqueued"":118960,""arcs_processed"":118960,""max_queue"":118960}",9896488960,9896488960,0,9896488960,9896488960,0,"","",canonical
cosmadakis,2,0,0,0,14853329,14853633,29706962,"{""N"":53554,""arcs_enqueued"":119088,""arcs_processed"":119088,""max_queue"":119088}","{""N"":53554,""arcs_enqueued"":119088,""arcs_processed"":119088,""max_queue"":119088}",9919275008,9919275008,0,9919275008,9919275008,0,"","",canonical
cosmadakis,3,0,0,0,20563534,20588571,41152105,"{""N"":53475,""arcs_enqueued"":119009,""arcs_processed"":119009,""max_queue"":119009}","{""N"":53475,""arcs_enqueued"":119009,""arcs_processed"":119009,""max_queue"":119009}",9919275008,9919275008,0,9919275008,9919275008,0,"","",canonical
cosmadakis,4,0,0,0,14835778,14831997,29667775,"{""N"":53458,""arcs_enqueued"":118992,""arcs_processed"":118992,""max_queue"":118992}","{""N"":53458,""arcs_enqueued"":118992,""arcs_processed"":118992,""max_queue"":118992}",9919275008,9919275008,0,9919275008,9919275008,0,"","",canonical
cosmadakis,5,0,0,0,21385909,21382649,42768558,"{""N"":53406,""arcs_enqueued"":118940,""arcs_processed"":118940,""max_queue"":118940}","{""N"":53406,""arcs_enqueued"":118940,""arcs_processed"":118940,""max_queue"":118940}",9919275008,9919275008,0,9919275008,9919275008,0,"","",canonical
cosmadakis,6,0,0,0,14847219,14838757,29685976,"{""N"":53482,""arcs_enqueued"":119017,""arcs_processed"":119017,""max_queue"":119017}","{""N"":53482,""arcs_enqueued"":119017,""arcs_processed"":119017,""max_queue"":119017}",9919275008,9919275008,0,9919275008,9919275008,0,"","",canonical
cosmadakis,7,0,0,0,21413480,21405902,42819382,"{""N"":53485,""arcs_enqueued"":119021,""arcs_processed"":119021,""max_queue"":119021}","{""N"":53485,""arcs_enqueued"":119021,""arcs_processed"":119021,""max_queue"":119021}",9919275008,9919275008,0,9919275008,9919275008,0,"","",canonical
cosmadakis,8,0,0,0,14849955,14869951,29719906,"{""N"":53560,""arcs_enqueued"":119102,""arcs_processed"":119102,""max_queue"":119102}","{""N"":53560,""arcs_enqueued"":119102,""arcs_processed"":119102,""max_queue"":119102}",9921191936,9921191936,0,9921191936,9921191936,0,"","",canonical
cosmadakis,9,0,0,0,20609271,20583893,41193164,"{""N"":53493,""arcs_enqueued"":119025,""arcs_processed"":119025,""max_queue"":119025}","{""N"":53493,""arcs_enqueued"":119025,""arcs_processed"":119025,""max_queue"":119025}",9921191936,9921191936,0,9921191936,9921191936,0,"","",canonical
cosmadakis,10,0,0,0,14807253,14807946,29615199,"{""N"":53387,""arcs_enqueued"":118921,""arcs_processed"":118921,""max_queue"":118921}","{""N"":53387,""arcs_enqueued"":118921,""arcs_processed"":118921,""max_queue"":118921}",9921191936,9921191936,0,9921191936,9921191936,0,"","",canonical
cosmadakis,11,0,0,0,20580044,20592739,41172783,"{""N"":53490,""arcs_enqueued"":119024,""arcs_processed"":119024,""max_queue"":119024}","{""N"":53490,""arcs_enqueued"":119024,""arcs_processed"":119024,""max_queue"":119024}",9921191936,9921191936,0,9921191936,9921191936,0,"","",canonical
cosmadakis,12,0,0,0,14814913,14824275,29639188,"{""N"":53416,""arcs_enqueued"":118948,""arcs_processed"":118948,""max_queue"":118948}","{""N"":53416,""arcs_enqueued"":118948,""arcs_processed"":118948,""max_queue"":118948}",9921191936,9921191936,0,9921191936,9921191936,0,"","",canonical
cosmadakis,13,0,0,0,20545013,20556606,41101619,"{""N"":53366,""arcs_enqueued"":118898,""arcs_processed"":118898,""max_queue"":118898}","{""N"":53366,""arcs_enqueued"":118898,""arcs_processed"":118898,""max_queue"":118898}",9921191936,9921191936,0,9921191936,9921191936,0,"","",canonical
cosmadakis,14,0,0,0,14822209,14831633,29653842,"{""N"":53442,""arcs_enqueued"":118977,""arcs_processed"":118977,""max_queue"":118977}","{""N"":53442,""arcs_enqueued"":118977,""arcs_processed"":118977,""max_queue"":118977}",9921191936,9921191936,0,9921191936,9921191936,0,"","",canonical
cosmadakis,15,0,0,0,20623966,20617628,41241594,"{""N"":53554,""arcs_enqueued"":119093,""arcs_processed"":119093,""max_queue"":119093}","{""N"":53554,""arcs_enqueued"":119093,""arcs_processed"":119093,""max_queue"":119093}",9921191936,9921191936,0,9921191936,9921191936,0,"","",canonical
