engine,pair_id,u_leq_v,v_leq_u,eq,uv_us,vu_us,total_us,uv_stats,vu_stats,uv_working_set,uv_peak_working_set,uv_private_bytes,vu_working_set,vu_peak_working_set,vu_private_bytes,uv_error,vu_error,representation
cosmadakis,0,0,0,0,46,35,81,"{""N"":4,""arcs_enqueued"":6,""arcs_processed"":6,""max_queue"":6}","{""N"":4,""arcs_enqueued"":6,""arcs_processed"":6,""max_queue"":6}",29265920,29265920,0,29265920,29265920,0,"","",canonical
cosmadakis,1,0,0,0,36,32,68,"{""N"":4,""arcs_enqueued"":6,""arcs_processed"":6,""max_queue"":6}","{""N"":4,""arcs_enqueued"":6,""arcs_processed"":6,""max_queue"":6}",29265920,29265920,0,29265920,29265920,0,"","",canonical
cosmadakis,2,0,0,0,36,32,68,"{""N"":4,""arcs_enqueued"":6,""arcs_processed"":6,""max_queue"":6}","{""N"":4,""arcs_enqueued"":6,""arcs_processed"":6,""max_queue"":6}",29265920,29265920,0,29265920,29265920,0,"","",canonical
cosmadakis,3,0,0,0,34,32,66,"{""N"":4,""arcs_enqueued"":6,""arcs_processed"":6,""max_queue"":6}","{""N"":4,""arcs_enqueued"":6,""arcs_processed"":6,""max_queue"":6}",29265920,29265920,0,29265920,29265920,0,"","",canonical
cosmadakis,4,0,0,0,34,32,66,"{""N"":4,""arcs_enqueued"":6,""arcs_processed"":6,""max_queue"":6}","{""N"":4,""arcs_enqueued"":6,""arcs_processed"":6,""max_queue"":6}",29265920,29265920,0,29265920,29265920,0,"","",canonical
cosmadakis,5,0,0,0,33,32,65,"{""N"":4,""arcs_enqueued"":6,""arcs_processed"":6,""max_queue"":6}","{""N"":4,""arcs_enqueued"":6,""arcs_processed"":6,""max_queue"":6}",29265920,29265920,0,29265920,29265920,0,"","",canonical
cosmadakis,6,0,0,0,33,32,65,"{""N"":4,""arcs_enqueued"":6,""arcs_processed"":6,""max_queue"":6}","{""N"":4,""arcs_enqueued"":6,""arcs_processed"":6,""max_queue"":6}",29265920,29265920,0,29265920,29265920,0,"","",canonical
cosmadakis,7,0,0,0,33,32,65,"{""N"":4,""arcs_enqueued"":6,""arcs_processed"":6,""max_queue"":6}","{""N"":4,""arcs_enqueued"":6,""arcs_processed"":6,""max_queue"":6}",29265920,29265920,0,29265920,29265920,0,"","",canonical
cosmadakis,8,0,0,0,33,31,64,"{""N"":4,""arcs_enqueued"":6,""arcs_processed"":6,""max_queue"":6}","{""N"":4,""arcs_enqueued"":6,""arcs_processed"":6,""max_queue"":6}",29265920,29265920,0,29265920,29265920,0,"","",canonical
cosmadakis,9,0,0,0,33,32,65,"{""N"":4,""arcs_enqueued"":6,""arcs_processed"":6,""max_queue"":6}","{""N"":4,""arcs_enqueued"":6,""arcs_processed"":6,""max_queue"":6}",29265920,29265920,0,29265920,29265920,0,"","",canonical
cosmadakis,10,0,0,0,33,32,65,"{""N"":4,""arcs_enqueued"":6,""arcs_processed"":6,""max_queue"":6}","{""N"":4,""arcs_enqueued"":6,""arcs_processed"":6,""max_queue"":6}",29265920,29265920,0,29265920,29265920,0,"","",canonical
cosmadakis,11,0,0,0,33,32,65,"{""N"":4,""arcs_enqueued"":6,""arcs_processed"":6,""max_queue"":6}","{""N"":4,""arcs_enqueued"":6,""arcs_processed"":6,""max_queue"":6}",29265920,29265920,0,29265920,29265920,0,"","",canonical
cosmadakis,12,0,0,0,33,32,65,"{""N"":4,""arcs_enqueued"":6,""arcs_processed"":6,""max_queue"":6}","{""N"":4,""arcs_enqueued"":6,""arcs_processed"":6,""max_queue"":6}",29265920,29265920,0,29265920,29265920,0,"","",canonical
cosmadakis,13,0,0,0,33,31,64,"{""N"":4,""arcs_enqueued"":6,""arcs_processed"":6,""max_queue"":6}","{""N"":4,""arcs_enqueued"":6,""arcs_processed"":6,""max_queue"":6}",29265920,29265920,0,29265920,29265920,0,"","",canonical
cosmadakis,14,0,0,0,33,32,65,"{""N"":4,""arcs_enqueued"":6,""arcs_processed"":6,""max_queue"":6}","{""N"":4,""arcs_enqueued"":6,""arcs_processed"":6,""max_queue"":6}",29265920,29265920,0,29265920,29265920,0,"","",canonical
cosmadakis,15,0,0,0,33,31,64,"{""N"":4,""arcs_enqueued"":6,""arcs_processed"":6,""max_queue"":6}","{""N"":4,""arcs_enqueued"":6,""arcs_processed"":6,""max_queue"":6}",29265920,29265920,0,29265920,29265920,0,"","",canonical
