engine,pair_id,u_leq_v,v_leq_u,eq,uv_us,vu_us,total_us,uv_stats,vu_stats,uv_working_set,uv_peak_working_set,uv_private_bytes,vu_working_set,vu_peak_working_set,vu_private_bytes,uv_error,vu_error,representation
cosmadakis,0,0,0,0,4754972,4742566,9497538,"{""N"":26805,""arcs_enqueued"":59569,""arcs_processed"":59569,""max_queue"":59569}","{""N"":26805,""arcs_enqueued"":59569,""arcs_processed"":59569,""max_queue"":59569}",2492383232,2492383232,0,2492563456,2492563456,0,"","",canonical
cosmadakis,1,0,0,0,3787263,3789182,7576445,"{""N"":26723,""arcs_enqueued"":59488,""arcs_processed"":59488,""max_queue"":59488}","{""N"":26723,""arcs_enqueued"":59488,""arcs_processed"":59488,""max_queue"":59488}",2492563456,2492563456,0,2492563456,2492563456,0,"","",canonical
cosmadakis,2,0,0,0,5014830,5017598,10032428,"{""N"":26727,""arcs_enqueued"":59493,""arcs_processed"":59493,""max_queue"":59493}","{""N"":26727,""arcs_enqueued"":59493,""arcs_processed"":59493,""max_queue"":59493}",2492563456,2492563456,0,2492563456,2492563456,0,"","",canonical
cosmadakis,3,0,0,0,3788039,3795515,7583554,"{""N"":26738,""arcs_enqueued"":59504,""arcs_processed"":59504,""max_queue"":59504}","{""N"":26738,""arcs_enqueued"":59504,""arcs_processed"":59504,""max_queue"":59504}",2492563456,2492563456,0,2492563456,2492563456,0,"","",canonical
cosmadakis,4,0,0,0,4730535,4734582,9465117,"{""N"":26748,""arcs_enqueued"":59514,""arcs_processed"":59514,""max_queue"":59514}","{""N"":26748,""arcs_enqueued"":59514,""arcs_processed"":59514,""max_queue"":59514}",2492563456,2492563456,0,2492563456,2492563456,0,"","",canonical
cosmadakis,5,0,0,0,3784192,3788822,7573014,"{""N"":26707,""arcs_enqueued"":59473,""arcs_processed"":59473,""max_queue"":59473}","{""N"":26707,""arcs_enqueued"":59473,""arcs_processed"":59473,""max_queue"":59473}",2492563456,2492563456,0,2492563456,2492563456,0,"","",canonical
cosmadakis,6,0,0,0,4729707,4731704,9461411,"{""N"":26746,""arcs_enqueued"":59516,""arcs_processed"":59516,""max_queue"":59516}","{""N"":26746,""arcs_enqueued"":59516,""arcs_processed"":59516,""max_queue"":59516}",2492563456,2492563456,0,2492563456,2492563456,0,"","",canonical
cosmadakis,7,0,0,0,3800041,3798417,7598458,"{""N"":26782,""arcs_enqueued"":59550,""arcs_processed"":59550,""max_queue"":59550}","{""N"":26782,""arcs_enqueued"":59550,""arcs_processed"":59550,""max_queue"":59550}",2492563456,2492563456,0,2492563456,2492563456,0,"","",canonical
cosmadakis,8,0,0,0,5012322,5015954,10028276,"{""N"":26740,""arcs_enqueued"":59508,""arcs_processed"":59508,""max_queue"":59508}","{""N"":26740,""arcs_enqueued"":59508,""arcs_processed"":59508,""max_queue"":59508}",2492563456,2492563456,0,2492563456,2492563456,0,"","",canonical
cosmadakis,9,0,0,0,3786579,3787155,7573734,"{""N"":26712,""arcs_enqueued"":59476,""arcs_processed"":59476,""max_queue"":59476}","{""N"":26712,""arcs_enqueued"":59476,""arcs_processed"":59476,""max_queue"":59476}",2492563456,2492563456,0,2492563456,2492563456,0,"","",canonical
cosmadakis,10,0,0,0,4233098,4241393,8474491,"{""N"":26728,""arcs_enqueued"":59488,""arcs_processed"":59488,""max_queue"":59488}","{""N"":26728,""arcs_enqueued"":59488,""arcs_processed"":59488,""max_queue"":59488}",2492563456,2492563456,0,2492563456,2492563456,0,"","",canonical
cosmadakis,11,0,0,0,3793943,3795874,7589817,"{""N"":26771,""arcs_enqueued"":59537,""arcs_processed"":59537,""max_queue"":59537}","{""N"":26771,""arcs_enqueued"":59537,""arcs_processed"":59537,""max_queue"":59537}",2492563456,2492563456,0,2492563456,2492563456,0,"","",canonical
cosmadakis,12,0,0,0,5014550,5019458,10034008,"{""N"":26749,""arcs_enqueued"":59517,""arcs_processed"":59517,""max_queue"":59517}","{""N"":26749,""arcs_enqueued"":59517,""arcs_processed"":59517,""max_queue"":59517}",2492563456,2492563456,0,2492563456,2492563456,0,"","",canonical
cosmadakis,13,0,0,0,3772550,3774039,7546589,"{""N"":26630,""arcs_enqueued"":59396,""arcs_processed"":59396,""max_queue"":59396}","{""N"":26630,""arcs_enqueued"":59396,""arcs_processed"":59396,""max_queue"":59396}",2492563456,2492563456,0,2492563456,2492563456,0,"","",canonical
cosmadakis,14,0,0,0,5013724,5008677,10022401,"{""N"":26720,""arcs_enqueued"":59490,""arcs_processed"":59490,""max_queue"":59490}","{""N"":26720,""arcs_enqueued"":59490,""arcs_processed"":59490,""max_queue"":59490}",2492563456,2492563456,0,2492563456,2492563456,0,"","",canonical
cosmadakis,15,0,0,0,3786073,3789628,7575701,"{""N"":26728,""arcs_enqueued"":59496,""arcs_processed"":59496,""max_queue"":59496}","{""N"":26728,""arcs_enqueued"":59496,""arcs_processed"":59496,""max_queue"":59496}",2492563456,2492563456,0,2492563456,2492563456,0,"","",canonical
