engine,pair_id,u_leq_v,v_leq_u,eq,uv_us,vu_us,total_us,uv_stats,vu_stats,uv_working_set,uv_peak_working_set,uv_private_bytes,vu_working_set,vu_peak_working_set,vu_private_bytes,uv_error,vu_error,representation
cosmadakis,0,0,0,0,6580,6052,12632,"{""N"":502,""arcs_enqueued"":1012,""arcs_processed"":1012,""max_queue"":1012}","{""N"":502,""arcs_enqueued"":1012,""arcs_processed"":1012,""max_queue"":1012}",29265920,29265920,0,29265920,29265920,0,"","",canonical
cosmadakis,1,0,0,0,3663,3638,7301,"{""N"":507,""arcs_enqueued"":1017,""arcs_processed"":1017,""max_queue"":1017}","{""N"":507,""arcs_enqueued"":1017,""arcs_processed"":1017,""max_queue"":1017}",29265920,29265920,0,29265920,29265920,0,"","",canonical
cosmadakis,2,0,0,0,2390,2407,4797,"{""N"":507,""arcs_enqueued"":1017,""arcs_processed"":1017,""max_queue"":1017}","{""N"":507,""arcs_enqueued"":1017,""arcs_processed"":1017,""max_queue"":1017}",29265920,29265920,0,29265920,29265920,0,"","",canonical
cosmadakis,3,0,0,0,2290,1627,3917,"{""N"":500,""arcs_enqueued"":1010,""arcs_processed"":1010,""max_queue"":1010}","{""N"":500,""arcs_enqueued"":1010,""arcs_processed"":1010,""max_queue"":1010}",29265920,29265920,0,29265920,29265920,0,"","",canonical
cosmadakis,4,0,0,0,1641,1873,3514,"{""N"":508,""arcs_enqueued"":1018,""arcs_processed"":1018,""max_queue"":1018}","{""N"":508,""arcs_enqueued"":1018,""arcs_processed"":1018,""max_queue"":1018}",29265920,29265920,0,29265920,29265920,0,"","",canonical
cosmadakis,5,0,0,0,5749,5283,11032,"{""N"":507,""arcs_enqueued"":1017,""arcs_processed"":1017,""max_queue"":1017}","{""N"":507,""arcs_enqueued"":1017,""arcs_processed"":1017,""max_queue"":1017}",29265920,29265920,0,29265920,29265920,0,"","",canonical
cosmadakis,6,0,0,0,3622,3627,7249,"{""N"":505,""arcs_enqueued"":1015,""arcs_processed"":1015,""max_queue"":1015}","{""N"":505,""arcs_enqueued"":1015,""arcs_processed"":1015,""max_queue"":1015}",29265920,29265920,0,29265920,29265920,0,"","",canonical
cosmadakis,7,0,0,0,2389,2504,4893,"{""N"":503,""arcs_enqueued"":1013,""arcs_processed"":1013,""max_queue"":1013}","{""N"":503,""arcs_enqueued"":1013,""arcs_processed"":1013,""max_queue"":1013}",29265920,29265920,0,29265920,29265920,0,"","",canonical
cosmadakis,8,0,0,0,2422,1699,4121,"{""N"":506,""arcs_enqueued"":1018,""arcs_processed"":1018,""max_queue"":1018}","{""N"":506,""arcs_enqueued"":1018,""arcs_processed"":1018,""max_queue"":1018}",29265920,29265920,0,29265920,29265920,0,"","",canonical
cosmadakis,9,0,0,0,1614,1614,3228,"{""N"":503,""arcs_enqueued"":1013,""arcs_processed"":1013,""max_queue"":1013}","{""N"":503,""arcs_enqueued"":1013,""arcs_processed"":1013,""max_queue"":1013}",29265920,29265920,0,29265920,29265920,0,"","",canonical
cosmadakis,10,0,0,0,1622,1614,3236,"{""N"":506,""arcs_enqueued"":1016,""arcs_processed"":1016,""max_queue"":1016}","{""N"":506,""arcs_enqueued"":1016,""arcs_processed"":1016,""max_queue"":1016}",29265920,29265920,0,29265920,29265920,0,"","",canonical
cosmadakis,11,0,0,0,1505,1511,3016,"{""N"":506,""arcs_enqueued"":1016,""arcs_processed"":1016,""max_queue"":1016}","{""N"":506,""arcs_enqueued"":1016,""arcs_processed"":1016,""max_queue"":1016}",29265920,29265920,0,29265920,29265920,0,"","",canonical
cosmadakis,12,0,0,0,1505,1504,3009,"{""N"":501,""arcs_enqueued"":1011,""arcs_processed"":1011,""max_queue"":1011}","{""N"":501,""arcs_enqueued"":1011,""arcs_processed"":1011,""max_queue"":1011}",29265920,29265920,0,29265920,29265920,0,"","",canonical
cosmadakis,13,0,0,0,1530,1528,3058,"{""N"":505,""arcs_enqueued"":1015,""arcs_processed"":1015,""max_queue"":1015}","{""N"":505,""arcs_enqueued"":1015,""arcs_processed"":1015,""max_queue"":1015}",29265920,29265920,0,29265920,29265920,0,"","",canonical
cosmadakis,14,0,0,0,1507,1506,3013,"{""N"":505,""arcs_enqueued"":1015,""arcs_processed"":1015,""max_queue"":1015}","{""N"":505,""arcs_enqueued"":1015,""arcs_processed"":1015,""max_queue"":1015}",29265920,29265920,0,29265920,29265920,0,"","",canonical
cosmadakis,15,0,0,0,1513,1556,3069,"{""N"":507,""arcs_enqueued"":1017,""arcs_processed"":1017,""max_queue"":1017}","{""N"":507,""arcs_enqueued"":1017,""arcs_processed"":1017,""max_queue"":1017}",29265920,29265920,0,29265920,29265920,0,"","",canonical
