engine,pair_id,u_leq_v,v_leq_u,eq,uv_us,vu_us,total_us,uv_stats,vu_stats,uv_working_set,uv_peak_working_set,uv_private_bytes,vu_working_set,vu_peak_working_set,vu_private_bytes,uv_error,vu_error,representation
freese,0,0,0,0,5,11,16,"{""recursive_calls"":3,""memo_hits"":0,""branch_attempts"":1,""branch_successes"":0,""max_stack"":2}","{""recursive_calls"":10,""memo_hits"":0,""branch_attempts"":3,""branch_successes"":0,""max_stack"":5}",29265920,29265920,0,29265920,29265920,0,"","",canonical
freese,1,0,0,0,15,1,16,"{""recursive_calls"":13,""memo_hits"":0,""branch_attempts"":3,""branch_successes"":0,""max_stack"":5}","{""recursive_calls"":1,""memo_hits"":0,""branch_attempts"":0,""branch_successes"":0,""max_stack"":1}",29265920,29265920,0,29265920,29265920,0,"","",canonical
freese,2,0,0,0,3,11,14,"{""recursive_calls"":3,""memo_hits"":0,""branch_attempts"":1,""branch_successes"":0,""max_stack"":2}","{""recursive_calls"":10,""memo_hits"":0,""branch_attempts"":3,""branch_successes"":0,""max_stack"":5}",29265920,29265920,0,29265920,29265920,0,"","",canonical
freese,3,0,0,0,15,1,16,"{""recursive_calls"":13,""memo_hits"":0,""branch_attempts"":3,""branch_successes"":0,""max_stack"":5}","{""recursive_calls"":1,""memo_hits"":0,""branch_attempts"":0,""branch_successes"":0,""max_stack"":1}",29265920,29265920,0,29265920,29265920,0,"","",canonical
freese,4,0,0,0,3,10,13,"{""recursive_calls"":3,""memo_hits"":0,""branch_attempts"":1,""branch_successes"":0,""max_stack"":2}","{""recursive_calls"":10,""memo_hits"":0,""branch_attempts"":3,""branch_successes"":0,""max_stack"":5}",29265920,29265920,0,29265920,29265920,0,"","",canonical
freese,5,0,0,0,15,1,16,"{""recursive_calls"":13,""memo_hits"":0,""branch_attempts"":3,""branch_successes"":0,""max_stack"":5}","{""recursive_calls"":1,""memo_hits"":0,""branch_attempts"":0,""branch_successes"":0,""max_stack"":1}",29265920,29265920,0,29265920,29265920,0,"","",canonical
freese,6,0,0,0,3,10,13,"{""recursive_calls"":3,""memo_hits"":0,""branch_attempts"":1,""branch_successes"":0,""max_stack"":2}","{""recursive_calls"":10,""memo_hits"":0,""branch_attempts"":3,""branch_successes"":0,""max_stack"":5}",29265920,29265920,0,29265920,29265920,0,"","",canonical
freese,7,0,0,0,14,1,15,"{""recursive_calls"":13,""memo_hits"":0,""branch_attempts"":3,""branch_successes"":0,""max_stack"":5}","{""recursive_calls"":1,""memo_hits"":0,""branch_attempts"":0,""branch_successes"":0,""max_stack"":1}",29265920,29265920,0,29265920,29265920,0,"","",canonical
freese,8,0,0,0,3,10,13,"{""recursive_calls"":3,""memo_hits"":0,""branch_attempts"":1,""branch_successes"":0,""max_stack"":2}","{""recursive_calls"":10,""memo_hits"":0,""branch_attempts"":3,""branch_successes"":0,""max_stack"":5}",29265920,29265920,0,29265920,29265920,0,"","",canonical
freese,9,0,0,0,15,1,16,"{""recursive_calls"":13,""memo_hits"":0,""branch_attempts"":3,""branch_successes"":0,""max_stack"":5}","{""recursive_calls"":1,""memo_hits"":0,""branch_attempts"":0,""branch_successes"":0,""max_stack"":1}",29265920,29265920,0,29265920,29265920,0,"","",canonical
freese,10,0,0,0,3,10,13,"{""recursive_calls"":3,""memo_hits"":0,""branch_attempts"":1,""branch_successes"":0,""max_stack"":2}","{""recursive_calls"":10,""memo_hits"":0,""branch_attempts"":3,""branch_successes"":0,""max_stack"":5}",29265920,29265920,0,29265920,29265920,0,"","",canonical
freese,11,0,0,0,14,1,15,"{""recursive_calls"":13,""memo_hits"":0,""branch_attempts"":3,""branch_successes"":0,""max_stack"":5}","{""recursive_calls"":1,""memo_hits"":0,""branch_attempts"":0,""branch_successes"":0,""max_stack"":1}",29265920,29265920,0,29265920,29265920,0,"","",canonical
freese,12,0,0,0,3,10,13,"{""recursive_calls"":3,""memo_hits"":0,""branch_attempts"":1,""branch_successes"":0,""max_stack"":2}","{""recursive_calls"":10,""memo_hits"":0,""branch_attempts"":3,""branch_successes"":0,""max_stack"":5}",29265920,29265920,0,29265920,29265920,0,"","",canonical
freese,13,0,0,0,14,1,15,"{""recursive_calls"":13,""memo_hits"":0,""branch_attempts"":3,""branch_successes"":0,""max_stack"":5}","{""recursive_calls"":1,""memo_hits"":0,""branch_attempts"":0,""branch_successes"":0,""max_stack"":1}",29265920,29265920,0,29265920,29265920,0,"","",canonical
freese,14,0,0,0,3,10,13,"{""recursive_calls"":3,""memo_hits"":0,""branch_attempts"":1,""branch_successes"":0,""max_stack"":2}","{""recursive_calls"":10,""memo_hits"":0,""branch_attempts"":3,""branch_successes"":0,""max_stack"":5}",29265920,29265920,0,29265920,29265920,0,"","",canonical
freese,15,0,0,0,14,1,15,"{""recursive_calls"":13,""memo_hits"":0,""branch_attempts"":3,""branch_successes"":0,""max_stack"":5}","{""recursive_calls"":1,""memo_hits"":0,""branch_attempts"":0,""branch_successes"":0,""max_stack"":1}",29265920,29265920,0,29265920,29265920,0,"","",canonical
