engine,pair_id,u_leq_v,v_leq_u,eq,uv_us,vu_us,total_us,uv_stats,vu_stats,uv_working_set,uv_peak_working_set,uv_private_bytes,vu_working_set,vu_peak_working_set,vu_private_bytes,uv_error,vu_error,representation
freese,0,0,0,0,2,331,333,"{""recursive_calls"":3,""memo_hits"":0,""branch_attempts"":1,""branch_successes"":0,""max_stack"":2}","{""recursive_calls"":766,""memo_hits"":0,""branch_attempts"":255,""branch_successes"":0,""max_stack"":17}",35315712,35315712,0,35315712,35315712,0,"","",canonical
freese,1,0,0,0,418,0,418,"{""recursive_calls"":1021,""memo_hits"":2,""branch_attempts"":255,""branch_successes"":0,""max_stack"":17}","{""recursive_calls"":1,""memo_hits"":0,""branch_attempts"":0,""branch_successes"":0,""max_stack"":1}",35315712,35315712,0,35315712,35315712,0,"","",canonical
freese,2,0,0,0,3,328,331,"{""recursive_calls"":3,""memo_hits"":0,""branch_attempts"":1,""branch_successes"":0,""max_stack"":2}","{""recursive_calls"":766,""memo_hits"":1,""branch_attempts"":255,""branch_successes"":0,""max_stack"":17}",35315712,35315712,0,35315712,35315712,0,"","",canonical
freese,3,0,0,0,407,0,407,"{""recursive_calls"":1021,""memo_hits"":1,""branch_attempts"":255,""branch_successes"":0,""max_stack"":17}","{""recursive_calls"":1,""memo_hits"":0,""branch_attempts"":0,""branch_successes"":0,""max_stack"":1}",35315712,35315712,0,35315712,35315712,0,"","",canonical
freese,4,0,0,0,3,332,335,"{""recursive_calls"":3,""memo_hits"":0,""branch_attempts"":1,""branch_successes"":0,""max_stack"":2}","{""recursive_calls"":766,""memo_hits"":2,""branch_attempts"":255,""branch_successes"":0,""max_stack"":17}",35315712,35315712,0,35315712,35315712,0,"","",canonical
freese,5,0,0,0,406,0,406,"{""recursive_calls"":1021,""memo_hits"":1,""branch_attempts"":255,""branch_successes"":0,""max_stack"":17}","{""recursive_calls"":1,""memo_hits"":0,""branch_attempts"":0,""branch_successes"":0,""max_stack"":1}",35315712,35315712,0,35315712,35315712,0,"","",canonical
freese,6,0,0,0,3,310,313,"{""recursive_calls"":3,""memo_hits"":0,""branch_attempts"":1,""branch_successes"":0,""max_stack"":2}","{""recursive_calls"":766,""memo_hits"":0,""branch_attempts"":255,""branch_successes"":0,""max_stack"":17}",35315712,35315712,0,35315712,35315712,0,"","",canonical
freese,7,0,0,0,425,0,425,"{""recursive_calls"":1021,""memo_hits"":0,""branch_attempts"":255,""branch_successes"":0,""max_stack"":17}","{""recursive_calls"":1,""memo_hits"":0,""branch_attempts"":0,""branch_successes"":0,""max_stack"":1}",35315712,35315712,0,35315712,35315712,0,"","",canonical
freese,8,0,0,0,3,312,315,"{""recursive_calls"":3,""memo_hits"":0,""branch_attempts"":1,""branch_successes"":0,""max_stack"":2}","{""recursive_calls"":766,""memo_hits"":2,""branch_attempts"":255,""branch_successes"":0,""max_stack"":17}",35315712,35315712,0,35315712,35315712,0,"","",canonical
freese,9,0,0,0,409,0,409,"{""recursive_calls"":1021,""memo_hits"":0,""branch_attempts"":255,""branch_successes"":0,""max_stack"":17}","{""recursive_calls"":1,""memo_hits"":0,""branch_attempts"":0,""branch_successes"":0,""max_stack"":1}",35315712,35315712,0,35315712,35315712,0,"","",canonical
freese,10,0,0,0,3,309,312,"{""recursive_calls"":3,""memo_hits"":0,""branch_attempts"":1,""branch_successes"":0,""max_stack"":2}","{""recursive_calls"":766,""memo_hits"":0,""branch_attempts"":255,""branch_successes"":0,""max_stack"":17}",35315712,35315712,0,35315712,35315712,0,"","",canonical
freese,11,0,0,0,410,0,410,"{""recursive_calls"":1021,""memo_hits"":2,""branch_attempts"":255,""branch_successes"":0,""max_stack"":17}","{""recursive_calls"":1,""memo_hits"":0,""branch_attempts"":0,""branch_successes"":0,""max_stack"":1}",35315712,35315712,0,35315712,35315712,0,"","",canonical
freese,12,0,0,0,3,314,317,"{""recursive_calls"":3,""memo_hits"":0,""branch_attempts"":1,""branch_successes"":0,""max_stack"":2}","{""recursive_calls"":766,""memo_hits"":0,""branch_attempts"":255,""branch_successes"":0,""max_stack"":17}",35315712,35315712,0,35315712,35315712,0,"","",canonical
freese,13,0,0,0,405,0,405,"{""recursive_calls"":1021,""memo_hits"":4,""branch_attempts"":255,""branch_successes"":0,""max_stack"":17}","{""recursive_calls"":1,""memo_hits"":0,""branch_attempts"":0,""branch_successes"":0,""max_stack"":1}",35315712,35315712,0,35315712,35315712,0,"","",canonical
freese,14,0,0,0,3,310,313,"{""recursive_calls"":3,""memo_hits"":0,""branch_attempts"":1,""branch_successes"":0,""max_stack"":2}","{""recursive_calls"":766,""memo_hits"":0,""branch_attempts"":255,""branch_successes"":0,""max_stack"":17}",35315712,35315712,0,35315712,35315712,0,"","",canonical
freese,15,0,0,0,407,0,407,"{""recursive_calls"":1021,""memo_hits"":1,""branch_attempts"":255,""branch_successes"":0,""max_stack"":17}","{""recursive_calls"":1,""memo_hits"":0,""branch_attempts"":0,""branch_successes"":0,""max_stack"":1}",35315712,35315712,0,35315712,35315712,0,"","",canonical
