engine,pair_id,u_leq_v,v_leq_u,eq,uv_us,vu_us,total_us,uv_stats,vu_stats,uv_working_set,uv_peak_working_set,uv_private_bytes,vu_working_set,vu_peak_working_set,vu_private_bytes,uv_error,vu_error,representation
freese,0,0,0,0,2,193,195,"{""recursive_calls"":3,""memo_hits"":0,""branch_attempts"":1,""branch_successes"":0,""max_stack"":2}","{""recursive_calls"":510,""memo_hits"":0,""branch_attempts"":127,""branch_successes"":0,""max_stack"":16}",29265920,29265920,0,29265920,29265920,0,"","",canonical
freese,1,0,0,0,316,0,316,"{""recursive_calls"":765,""memo_hits"":1,""branch_attempts"":255,""branch_successes"":0,""max_stack"":16}","{""recursive_calls"":1,""memo_hits"":0,""branch_attempts"":0,""branch_successes"":0,""max_stack"":1}",29265920,29265920,0,29265920,29265920,0,"","",canonical
freese,2,0,0,0,1,181,182,"{""recursive_calls"":3,""memo_hits"":0,""branch_attempts"":1,""branch_successes"":0,""max_stack"":2}","{""recursive_calls"":510,""memo_hits"":1,""branch_attempts"":127,""branch_successes"":0,""max_stack"":16}",29265920,29265920,0,29265920,29265920,0,"","",canonical
freese,3,0,0,0,294,0,294,"{""recursive_calls"":765,""memo_hits"":0,""branch_attempts"":255,""branch_successes"":0,""max_stack"":16}","{""recursive_calls"":1,""memo_hits"":0,""branch_attempts"":0,""branch_successes"":0,""max_stack"":1}",29265920,29265920,0,29265920,29265920,0,"","",canonical
freese,4,0,0,0,1,190,191,"{""recursive_calls"":3,""memo_hits"":0,""branch_attempts"":1,""branch_successes"":0,""max_stack"":2}","{""recursive_calls"":510,""memo_hits"":0,""branch_attempts"":127,""branch_successes"":0,""max_stack"":16}",29265920,29265920,0,29265920,29265920,0,"","",canonical
freese,5,0,0,0,281,0,281,"{""recursive_calls"":765,""memo_hits"":0,""branch_attempts"":255,""branch_successes"":0,""max_stack"":16}","{""recursive_calls"":1,""memo_hits"":0,""branch_attempts"":0,""branch_successes"":0,""max_stack"":1}",29265920,29265920,0,29265920,29265920,0,"","",canonical
freese,6,0,0,0,1,186,187,"{""recursive_calls"":3,""memo_hits"":0,""branch_attempts"":1,""branch_successes"":0,""max_stack"":2}","{""recursive_calls"":510,""memo_hits"":1,""branch_attempts"":127,""branch_successes"":0,""max_stack"":16}",29265920,29265920,0,29265920,29265920,0,"","",canonical
freese,7,0,0,0,289,0,289,"{""recursive_calls"":765,""memo_hits"":0,""branch_attempts"":255,""branch_successes"":0,""max_stack"":16}","{""recursive_calls"":1,""memo_hits"":0,""branch_attempts"":0,""branch_successes"":0,""max_stack"":1}",29265920,29265920,0,29265920,29265920,0,"","",canonical
freese,8,0,0,0,1,189,190,"{""recursive_calls"":3,""memo_hits"":0,""branch_attempts"":1,""branch_successes"":0,""max_stack"":2}","{""recursive_calls"":510,""memo_hits"":0,""branch_attempts"":127,""branch_successes"":0,""max_stack"":16}",29265920,29265920,0,29265920,29265920,0,"","",canonical
freese,9,0,0,0,294,0,294,"{""recursive_calls"":765,""memo_hits"":1,""branch_attempts"":255,""branch_successes"":0,""max_stack"":16}","{""recursive_calls"":1,""memo_hits"":0,""branch_attempts"":0,""branch_successes"":0,""max_stack"":1}",29265920,29265920,0,29265920,29265920,0,"","",canonical
freese,10,0,0,0,2,179,181,"{""recursive_calls"":3,""memo_hits"":0,""branch_attempts"":1,""branch_successes"":0,""max_stack"":2}","{""recursive_calls"":511,""memo_hits"":1,""branch_attempts"":127,""branch_successes"":0,""max_stack"":16}",29265920,29265920,0,29265920,29265920,0,"","",canonical
freese,11,0,0,0,295,0,295,"{""recursive_calls"":765,""memo_hits"":1,""branch_attempts"":255,""branch_successes"":0,""max_stack"":16}","{""recursive_calls"":1,""memo_hits"":0,""branch_attempts"":0,""branch_successes"":0,""max_stack"":1}",29265920,29265920,0,29265920,29265920,0,"","",canonical
freese,12,0,0,0,1,192,193,"{""recursive_calls"":3,""memo_hits"":0,""branch_attempts"":1,""branch_successes"":0,""max_stack"":2}","{""recursive_calls"":510,""memo_hits"":0,""branch_attempts"":127,""branch_successes"":0,""max_stack"":16}",29265920,29265920,0,29265920,29265920,0,"","",canonical
freese,13,0,0,0,287,0,287,"{""recursive_calls"":765,""memo_hits"":1,""branch_attempts"":255,""branch_successes"":0,""max_stack"":16}","{""recursive_calls"":1,""memo_hits"":0,""branch_attempts"":0,""branch_successes"":0,""max_stack"":1}",29265920,29265920,0,29265920,29265920,0,"","",canonical
freese,14,0,0,0,1,184,185,"{""recursive_calls"":3,""memo_hits"":0,""branch_attempts"":1,""branch_successes"":0,""max_stack"":2}","{""recursive_calls"":510,""memo_hits"":0,""branch_attempts"":127,""branch_successes"":0,""max_stack"":16}",29265920,29265920,0,29265920,29265920,0,"","",canonical
freese,15,0,0,0,300,0,300,"{""recursive_calls"":765,""memo_hits"":0,""branch_attempts"":255,""branch_successes"":0,""max_stack"":16}","{""recursive_calls"":1,""memo_hits"":0,""branch_attempts"":0,""branch_successes"":0,""max_stack"":1}",29265920,29265920,0,29265920,29265920,0,"","",canonical
