engine,pair_id,u_leq_v,v_leq_u,eq,uv_us,vu_us,total_us,uv_stats,vu_stats,uv_working_set,uv_peak_working_set,uv_private_bytes,vu_working_set,vu_peak_working_set,vu_private_bytes,uv_error,vu_error,representation
freese,0,0,0,0,2,113,115,"{""recursive_calls"":3,""memo_hits"":0,""branch_attempts"":1,""branch_successes"":0,""max_stack"":2}","{""recursive_calls"":190,""memo_hits"":0,""branch_attempts"":63,""branch_successes"":0,""max_stack"":13}",29265920,29265920,0,29265920,29265920,0,"","",canonical
freese,1,0,0,0,92,0,92,"{""recursive_calls"":253,""memo_hits"":0,""branch_attempts"":63,""branch_successes"":0,""max_stack"":13}","{""recursive_calls"":1,""memo_hits"":0,""branch_attempts"":0,""branch_successes"":0,""max_stack"":1}",29265920,29265920,0,29265920,29265920,0,"","",canonical
freese,2,0,0,0,3,180,183,"{""recursive_calls"":3,""memo_hits"":0,""branch_attempts"":1,""branch_successes"":0,""max_stack"":2}","{""recursive_calls"":190,""memo_hits"":0,""branch_attempts"":63,""branch_successes"":0,""max_stack"":13}",29265920,29265920,0,29265920,29265920,0,"","",canonical
freese,3,0,0,0,108,0,108,"{""recursive_calls"":253,""memo_hits"":1,""branch_attempts"":63,""branch_successes"":0,""max_stack"":13}","{""recursive_calls"":1,""memo_hits"":0,""branch_attempts"":0,""branch_successes"":0,""max_stack"":1}",29265920,29265920,0,29265920,29265920,0,"","",canonical
freese,4,0,0,0,1,69,70,"{""recursive_calls"":3,""memo_hits"":0,""branch_attempts"":1,""branch_successes"":0,""max_stack"":2}","{""recursive_calls"":190,""memo_hits"":0,""branch_attempts"":63,""branch_successes"":0,""max_stack"":13}",29265920,29265920,0,29265920,29265920,0,"","",canonical
freese,5,0,0,0,93,0,93,"{""recursive_calls"":253,""memo_hits"":0,""branch_attempts"":63,""branch_successes"":0,""max_stack"":13}","{""recursive_calls"":1,""memo_hits"":0,""branch_attempts"":0,""branch_successes"":0,""max_stack"":1}",29265920,29265920,0,29265920,29265920,0,"","",canonical
freese,6,0,0,0,1,70,71,"{""recursive_calls"":3,""memo_hits"":0,""branch_attempts"":1,""branch_successes"":0,""max_stack"":2}","{""recursive_calls"":190,""memo_hits"":3,""branch_attempts"":63,""branch_successes"":0,""max_stack"":13}",29265920,29265920,0,29265920,29265920,0,"","",canonical
freese,7,0,0,0,89,0,89,"{""recursive_calls"":253,""memo_hits"":0,""branch_attempts"":63,""branch_successes"":0,""max_stack"":13}","{""recursive_calls"":1,""memo_hits"":0,""branch_attempts"":0,""branch_successes"":0,""max_stack"":1}",29265920,29265920,0,29265920,29265920,0,"","",canonical
freese,8,0,0,0,1,71,72,"{""recursive_calls"":3,""memo_hits"":0,""branch_attempts"":1,""branch_successes"":0,""max_stack"":2}","{""recursive_calls"":190,""memo_hits"":0,""branch_attempts"":63,""branch_successes"":0,""max_stack"":13}",29265920,29265920,0,29265920,29265920,0,"","",canonical
freese,9,0,0,0,90,0,90,"{""recursive_calls"":253,""memo_hits"":2,""branch_attempts"":63,""branch_successes"":0,""max_stack"":13}","{""recursive_calls"":1,""memo_hits"":0,""branch_attempts"":0,""branch_successes"":0,""max_stack"":1}",29265920,29265920,0,29265920,29265920,0,"","",canonical
freese,10,0,0,0,1,69,70,"{""recursive_calls"":3,""memo_hits"":0,""branch_attempts"":1,""branch_successes"":0,""max_stack"":2}","{""recursive_calls"":190,""memo_hits"":2,""branch_attempts"":63,""branch_successes"":0,""max_stack"":13}",29265920,29265920,0,29265920,29265920,0,"","",canonical
freese,11,0,0,0,90,0,90,"{""recursive_calls"":253,""memo_hits"":0,""branch_attempts"":63,""branch_successes"":0,""max_stack"":13}","{""recursive_calls"":1,""memo_hits"":0,""branch_attempts"":0,""branch_successes"":0,""max_stack"":1}",29265920,29265920,0,29265920,29265920,0,"","",canonical
freese,12,0,0,0,1,69,70,"{""recursive_calls"":3,""memo_hits"":0,""branch_attempts"":1,""branch_successes"":0,""max_stack"":2}","{""recursive_calls"":190,""memo_hits"":0,""branch_attempts"":63,""branch_successes"":0,""max_stack"":13}",29265920,29265920,0,29265920,29265920,0,"","",canonical
freese,13,0,0,0,90,0,90,"{""recursive_calls"":253,""memo_hits"":0,""branch_attempts"":63,""branch_successes"":0,""max_stack"":13}","{""recursive_calls"":1,""memo_hits"":0,""branch_attempts"":0,""branch_successes"":0,""max_stack"":1}",29265920,29265920,0,29265920,29265920,0,"","",canonical
freese,14,0,0,0,1,69,70,"{""recursive_calls"":3,""memo_hits"":0,""branch_attempts"":1,""branch_successes"":0,""max_stack"":2}","{""recursive_calls"":190,""memo_hits"":0,""branch_attempts"":63,""branch_successes"":0,""max_stack"":13}",29265920,29265920,0,29265920,29265920,0,"","",canonical
freese,15,0,0,0,89,0,89,"{""recursive_calls"":253,""memo_hits"":4,""branch_attempts"":63,""branch_successes"":0,""max_stack"":13}","{""recursive_calls"":1,""memo_hits"":0,""branch_attempts"":0,""branch_successes"":0,""max_stack"":1}",29265920,29265920,0,29265920,29265920,0,"","",canonical
