engine,pair_id,u_leq_v,v_leq_u,eq,uv_us,vu_us,total_us,uv_stats,vu_stats,uv_working_set,uv_peak_working_set,uv_private_bytes,vu_working_set,vu_peak_working_set,vu_private_bytes,uv_error,vu_error,representation
freese,0,0,0,0,2,146,148,"{""recursive_calls"":3,""memo_hits"":0,""branch_attempts"":1,""branch_successes"":0,""max_stack"":2}","{""recursive_calls"":382,""memo_hits"":0,""branch_attempts"":127,""branch_successes"":0,""max_stack"":15}",29265920,29265920,0,29265920,29265920,0,"","",canonical
freese,1,0,0,0,188,0,188,"{""recursive_calls"":509,""memo_hits"":1,""branch_attempts"":127,""branch_successes"":0,""max_stack"":15}","{""recursive_calls"":1,""memo_hits"":0,""branch_attempts"":0,""branch_successes"":0,""max_stack"":1}",29265920,29265920,0,29265920,29265920,0,"","",canonical
freese,2,0,0,0,1,137,138,"{""recursive_calls"":3,""memo_hits"":0,""branch_attempts"":1,""branch_successes"":0,""max_stack"":2}","{""recursive_calls"":382,""memo_hits"":1,""branch_attempts"":127,""branch_successes"":0,""max_stack"":15}",29265920,29265920,0,29265920,29265920,0,"","",canonical
freese,3,0,0,0,188,0,188,"{""recursive_calls"":509,""memo_hits"":0,""branch_attempts"":127,""branch_successes"":0,""max_stack"":15}","{""recursive_calls"":1,""memo_hits"":0,""branch_attempts"":0,""branch_successes"":0,""max_stack"":1}",29265920,29265920,0,29265920,29265920,0,"","",canonical
freese,4,0,0,0,1,144,145,"{""recursive_calls"":3,""memo_hits"":0,""branch_attempts"":1,""branch_successes"":0,""max_stack"":2}","{""recursive_calls"":382,""memo_hits"":1,""branch_attempts"":127,""branch_successes"":0,""max_stack"":15}",29265920,29265920,0,29265920,29265920,0,"","",canonical
freese,5,0,0,0,186,0,186,"{""recursive_calls"":509,""memo_hits"":0,""branch_attempts"":127,""branch_successes"":0,""max_stack"":15}","{""recursive_calls"":1,""memo_hits"":0,""branch_attempts"":0,""branch_successes"":0,""max_stack"":1}",29265920,29265920,0,29265920,29265920,0,"","",canonical
freese,6,0,0,0,1,142,143,"{""recursive_calls"":3,""memo_hits"":0,""branch_attempts"":1,""branch_successes"":0,""max_stack"":2}","{""recursive_calls"":382,""memo_hits"":0,""branch_attempts"":127,""branch_successes"":0,""max_stack"":15}",29265920,29265920,0,29265920,29265920,0,"","",canonical
freese,7,0,0,0,192,0,192,"{""recursive_calls"":509,""memo_hits"":1,""branch_attempts"":127,""branch_successes"":0,""max_stack"":15}","{""recursive_calls"":1,""memo_hits"":0,""branch_attempts"":0,""branch_successes"":0,""max_stack"":1}",29265920,29265920,0,29265920,29265920,0,"","",canonical
freese,8,0,0,0,1,139,140,"{""recursive_calls"":3,""memo_hits"":0,""branch_attempts"":1,""branch_successes"":0,""max_stack"":2}","{""recursive_calls"":382,""memo_hits"":1,""branch_attempts"":127,""branch_successes"":0,""max_stack"":15}",29265920,29265920,0,29265920,29265920,0,"","",canonical
freese,9,0,0,0,185,0,185,"{""recursive_calls"":509,""memo_hits"":1,""branch_attempts"":127,""branch_successes"":0,""max_stack"":15}","{""recursive_calls"":1,""memo_hits"":0,""branch_attempts"":0,""branch_successes"":0,""max_stack"":1}",29265920,29265920,0,29265920,29265920,0,"","",canonical
freese,10,0,0,0,1,141,142,"{""recursive_calls"":3,""memo_hits"":0,""branch_attempts"":1,""branch_successes"":0,""max_stack"":2}","{""recursive_calls"":382,""memo_hits"":0,""branch_attempts"":127,""branch_successes"":0,""max_stack"":15}",29265920,29265920,0,29265920,29265920,0,"","",canonical
freese,11,0,0,0,184,0,184,"{""recursive_calls"":509,""memo_hits"":1,""branch_attempts"":127,""branch_successes"":0,""max_stack"":15}","{""recursive_calls"":1,""memo_hits"":0,""branch_attempts"":0,""branch_successes"":0,""max_stack"":1}",29265920,29265920,0,29265920,29265920,0,"","",canonical
freese,12,0,0,0,1,146,147,"{""recursive_calls"":3,""memo_hits"":0,""branch_attempts"":1,""branch_successes"":0,""max_stack"":2}","{""recursive_calls"":382,""memo_hits"":0,""branch_attempts"":127,""branch_successes"":0,""max_stack"":15}",29265920,29265920,0,29265920,29265920,0,"","",canonical
freese,13,0,0,0,188,0,188,"{""recursive_calls"":509,""memo_hits"":1,""branch_attempts"":127,""branch_successes"":0,""max_stack"":15}","{""recursive_calls"":1,""memo_hits"":0,""branch_attempts"":0,""branch_successes"":0,""max_stack"":1}",29265920,29265920,0,29265920,29265920,0,"","",canonical
freese,14,0,0,0,1,146,147,"{""recursive_calls"":3,""memo_hits"":0,""branch_attempts"":1,""branch_successes"":0,""max_stack"":2}","{""recursive_calls"":382,""memo_hits"":2,""branch_attempts"":127,""branch_successes"":0,""max_stack"":15}",29265920,29265920,0,29265920,29265920,0,"","",canonical
freese,15,0,0,0,181,0,181,"{""recursive_calls"":509,""memo_hits"":1,""branch_attempts"":127,""branch_successes"":0,""max_stack"":15}","{""recursive_calls"":1,""memo_hits"":0,""branch_attempts"":0,""branch_successes"":0,""max_stack"":1}",29265920,29265920,0,29265920,29265920,0,"","",canonical
