engine,pair_id,u_leq_v,v_leq_u,eq,uv_us,vu_us,total_us,uv_stats,vu_stats,uv_working_set,uv_peak_working_set,uv_private_bytes,vu_working_set,vu_peak_working_set,vu_private_bytes,uv_error,vu_error,representation
freese,0,0,0,0,6,90,96,"{""recursive_calls"":3,""memo_hits"":0,""branch_attempts"":1,""branch_successes"":0,""max_stack"":2}","{""recursive_calls"":62,""memo_hits"":0,""branch_attempts"":15,""branch_successes"":0,""max_stack"":10}",29265920,29265920,0,29265920,29265920,0,"","",canonical
freese,1,0,0,0,144,1,145,"{""recursive_calls"":93,""memo_hits"":0,""branch_attempts"":31,""branch_successes"":0,""max_stack"":10}","{""recursive_calls"":1,""memo_hits"":0,""branch_attempts"":0,""branch_successes"":0,""max_stack"":1}",29265920,29265920,0,29265920,29265920,0,"","",canonical
freese,2,0,0,0,4,91,95,"{""recursive_calls"":3,""memo_hits"":0,""branch_attempts"":1,""branch_successes"":0,""max_stack"":2}","{""recursive_calls"":62,""memo_hits"":0,""branch_attempts"":15,""branch_successes"":0,""max_stack"":10}",29265920,29265920,0,29265920,29265920,0,"","",canonical
freese,3,0,0,0,94,0,94,"{""recursive_calls"":93,""memo_hits"":0,""branch_attempts"":31,""branch_successes"":0,""max_stack"":10}","{""recursive_calls"":1,""memo_hits"":0,""branch_attempts"":0,""branch_successes"":0,""max_stack"":1}",29265920,29265920,0,29265920,29265920,0,"","",canonical
freese,4,0,0,0,2,60,62,"{""recursive_calls"":3,""memo_hits"":0,""branch_attempts"":1,""branch_successes"":0,""max_stack"":2}","{""recursive_calls"":62,""memo_hits"":0,""branch_attempts"":15,""branch_successes"":0,""max_stack"":10}",29265920,29265920,0,29265920,29265920,0,"","",canonical
freese,5,0,0,0,54,0,54,"{""recursive_calls"":93,""memo_hits"":0,""branch_attempts"":31,""branch_successes"":0,""max_stack"":10}","{""recursive_calls"":1,""memo_hits"":0,""branch_attempts"":0,""branch_successes"":0,""max_stack"":1}",29265920,29265920,0,29265920,29265920,0,"","",canonical
freese,6,0,0,0,1,39,40,"{""recursive_calls"":3,""memo_hits"":0,""branch_attempts"":1,""branch_successes"":0,""max_stack"":2}","{""recursive_calls"":62,""memo_hits"":0,""branch_attempts"":15,""branch_successes"":0,""max_stack"":10}",29265920,29265920,0,29265920,29265920,0,"","",canonical
freese,7,0,0,0,58,0,58,"{""recursive_calls"":93,""memo_hits"":0,""branch_attempts"":31,""branch_successes"":0,""max_stack"":10}","{""recursive_calls"":1,""memo_hits"":0,""branch_attempts"":0,""branch_successes"":0,""max_stack"":1}",29265920,29265920,0,29265920,29265920,0,"","",canonical
freese,8,0,0,0,1,26,27,"{""recursive_calls"":3,""memo_hits"":0,""branch_attempts"":1,""branch_successes"":0,""max_stack"":2}","{""recursive_calls"":62,""memo_hits"":0,""branch_attempts"":15,""branch_successes"":0,""max_stack"":10}",29265920,29265920,0,29265920,29265920,0,"","",canonical
freese,9,0,0,0,45,0,45,"{""recursive_calls"":93,""memo_hits"":1,""branch_attempts"":31,""branch_successes"":0,""max_stack"":10}","{""recursive_calls"":1,""memo_hits"":0,""branch_attempts"":0,""branch_successes"":0,""max_stack"":1}",29265920,29265920,0,29265920,29265920,0,"","",canonical
freese,10,0,0,0,1,26,27,"{""recursive_calls"":3,""memo_hits"":0,""branch_attempts"":1,""branch_successes"":0,""max_stack"":2}","{""recursive_calls"":62,""memo_hits"":0,""branch_attempts"":15,""branch_successes"":0,""max_stack"":10}",29265920,29265920,0,29265920,29265920,0,"","",canonical
freese,11,0,0,0,38,0,38,"{""recursive_calls"":93,""memo_hits"":0,""branch_attempts"":31,""branch_successes"":0,""max_stack"":10}","{""recursive_calls"":1,""memo_hits"":0,""branch_attempts"":0,""branch_successes"":0,""max_stack"":1}",29265920,29265920,0,29265920,29265920,0,"","",canonical
freese,12,0,0,0,1,26,27,"{""recursive_calls"":3,""memo_hits"":0,""branch_attempts"":1,""branch_successes"":0,""max_stack"":2}","{""recursive_calls"":62,""memo_hits"":0,""branch_attempts"":15,""branch_successes"":0,""max_stack"":10}",29265920,29265920,0,29265920,29265920,0,"","",canonical
freese,13,0,0,0,33,0,33,"{""recursive_calls"":93,""memo_hits"":0,""branch_attempts"":31,""branch_successes"":0,""max_stack"":10}","{""recursive_calls"":1,""memo_hits"":0,""branch_attempts"":0,""branch_successes"":0,""max_stack"":1}",29265920,29265920,0,29265920,29265920,0,"","",canonical
freese,14,0,0,0,1,23,24,"{""recursive_calls"":3,""memo_hits"":0,""branch_attempts"":1,""branch_successes"":0,""max_stack"":2}","{""recursive_calls"":62,""memo_hits"":0,""branch_attempts"":15,""branch_successes"":0,""max_stack"":10}",29265920,29265920,0,29265920,29265920,0,"","",canonical
freese,15,0,0,0,33,0,33,"{""recursive_calls"":93,""memo_hits"":0,""branch_attempts"":31,""branch_successes"":0,""max_stack"":10}","{""recursive_calls"":1,""memo_hits"":0,""branch_attempts"":0,""branch_successes"":0,""max_stack"":1}",29265920,29265920,0,29265920,29265920,0,"","",canonical
