engine,pair_id,u_leq_v,v_leq_u,eq,uv_us,vu_us,total_us,uv_stats,vu_stats,uv_working_set,uv_peak_working_set,uv_private_bytes,vu_working_set,vu_peak_working_set,vu_private_bytes,uv_error,vu_error,representation
freese,0,0,0,0,5,42,47,"{""recursive_calls"":3,""memo_hits"":0,""branch_attempts"":1,""branch_successes"":0,""max_stack"":2}","{""recursive_calls"":30,""memo_hits"":0,""branch_attempts"":7,""branch_successes"":0,""max_stack"":8}",29265920,29265920,0,29265920,29265920,0,"","",canonical
freese,1,0,0,0,65,1,66,"{""recursive_calls"":45,""memo_hits"":0,""branch_attempts"":15,""branch_successes"":0,""max_stack"":8}","{""recursive_calls"":1,""memo_hits"":0,""branch_attempts"":0,""branch_successes"":0,""max_stack"":1}",29265920,29265920,0,29265920,29265920,0,"","",canonical
freese,2,0,0,0,3,41,44,"{""recursive_calls"":3,""memo_hits"":0,""branch_attempts"":1,""branch_successes"":0,""max_stack"":2}","{""recursive_calls"":30,""memo_hits"":0,""branch_attempts"":7,""branch_successes"":0,""max_stack"":8}",29265920,29265920,0,29265920,29265920,0,"","",canonical
freese,3,0,0,0,58,1,59,"{""recursive_calls"":45,""memo_hits"":1,""branch_attempts"":15,""branch_successes"":0,""max_stack"":8}","{""recursive_calls"":1,""memo_hits"":0,""branch_attempts"":0,""branch_successes"":0,""max_stack"":1}",29265920,29265920,0,29265920,29265920,0,"","",canonical
freese,4,0,0,0,3,40,43,"{""recursive_calls"":3,""memo_hits"":0,""branch_attempts"":1,""branch_successes"":0,""max_stack"":2}","{""recursive_calls"":30,""memo_hits"":0,""branch_attempts"":7,""branch_successes"":0,""max_stack"":8}",29265920,29265920,0,29265920,29265920,0,"","",canonical
freese,5,0,0,0,58,1,59,"{""recursive_calls"":45,""memo_hits"":0,""branch_attempts"":15,""branch_successes"":0,""max_stack"":8}","{""recursive_calls"":1,""memo_hits"":0,""branch_attempts"":0,""branch_successes"":0,""max_stack"":1}",29265920,29265920,0,29265920,29265920,0,"","",canonical
freese,6,0,0,0,3,40,43,"{""recursive_calls"":3,""memo_hits"":0,""branch_attempts"":1,""branch_successes"":0,""max_stack"":2}","{""recursive_calls"":30,""memo_hits"":0,""branch_attempts"":7,""branch_successes"":0,""max_stack"":8}",29265920,29265920,0,29265920,29265920,0,"","",canonical
freese,7,0,0,0,37,0,37,"{""recursive_calls"":45,""memo_hits"":0,""branch_attempts"":15,""branch_successes"":0,""max_stack"":8}","{""recursive_calls"":1,""memo_hits"":0,""branch_attempts"":0,""branch_successes"":0,""max_stack"":1}",29265920,29265920,0,29265920,29265920,0,"","",canonical
freese,8,0,0,0,2,26,28,"{""recursive_calls"":3,""memo_hits"":0,""branch_attempts"":1,""branch_successes"":0,""max_stack"":2}","{""recursive_calls"":30,""memo_hits"":0,""branch_attempts"":7,""branch_successes"":0,""max_stack"":8}",29265920,29265920,0,29265920,29265920,0,"","",canonical
freese,9,0,0,0,40,0,40,"{""recursive_calls"":45,""memo_hits"":0,""branch_attempts"":15,""branch_successes"":0,""max_stack"":8}","{""recursive_calls"":1,""memo_hits"":0,""branch_attempts"":0,""branch_successes"":0,""max_stack"":1}",29265920,29265920,0,29265920,29265920,0,"","",canonical
freese,10,0,0,0,2,26,28,"{""recursive_calls"":3,""memo_hits"":0,""branch_attempts"":1,""branch_successes"":0,""max_stack"":2}","{""recursive_calls"":30,""memo_hits"":0,""branch_attempts"":7,""branch_successes"":0,""max_stack"":8}",29265920,29265920,0,29265920,29265920,0,"","",canonical
freese,11,0,0,0,36,0,36,"{""recursive_calls"":45,""memo_hits"":0,""branch_attempts"":15,""branch_successes"":0,""max_stack"":8}","{""recursive_calls"":1,""memo_hits"":0,""branch_attempts"":0,""branch_successes"":0,""max_stack"":1}",29265920,29265920,0,29265920,29265920,0,"","",canonical
freese,12,0,0,0,2,23,25,"{""recursive_calls"":3,""memo_hits"":0,""branch_attempts"":1,""branch_successes"":0,""max_stack"":2}","{""recursive_calls"":30,""memo_hits"":1,""branch_attempts"":7,""branch_successes"":0,""max_stack"":8}",29265920,29265920,0,29265920,29265920,0,"","",canonical
freese,13,0,0,0,37,0,37,"{""recursive_calls"":45,""memo_hits"":0,""branch_attempts"":15,""branch_successes"":0,""max_stack"":8}","{""recursive_calls"":1,""memo_hits"":0,""branch_attempts"":0,""branch_successes"":0,""max_stack"":1}",29265920,29265920,0,29265920,29265920,0,"","",canonical
freese,14,0,0,0,2,27,29,"{""recursive_calls"":3,""memo_hits"":0,""branch_attempts"":1,""branch_successes"":0,""max_stack"":2}","{""recursive_calls"":30,""memo_hits"":0,""branch_attempts"":7,""branch_successes"":0,""max_stack"":8}",29265920,29265920,0,29265920,29265920,0,"","",canonical
freese,15,0,0,0,26,0,26,"{""recursive_calls"":45,""memo_hits"":0,""branch_attempts"":15,""branch_successes"":0,""max_stack"":8}","{""recursive_calls"":1,""memo_hits"":0,""branch_attempts"":0,""branch_successes"":0,""max_stack"":1}",29265920,29265920,0,29265920,29265920,0,"","",canonical
