engine,pair_id,u_leq_v,v_leq_u,eq,uv_us,vu_us,total_us,uv_stats,vu_stats,uv_working_set,uv_peak_working_set,uv_private_bytes,vu_working_set,vu_peak_working_set,vu_private_bytes,uv_error,vu_error,representation
freese,0,0,0,0,6,61,67,"{""recursive_calls"":3,""memo_hits"":0,""branch_attempts"":1,""branch_successes"":0,""max_stack"":2}","{""recursive_calls"":46,""memo_hits"":0,""branch_attempts"":15,""branch_successes"":0,""max_stack"":9}",29265920,29265920,0,29265920,29265920,0,"","",canonical
freese,1,0,0,0,88,1,89,"{""recursive_calls"":61,""memo_hits"":0,""branch_attempts"":15,""branch_successes"":0,""max_stack"":9}","{""recursive_calls"":1,""memo_hits"":0,""branch_attempts"":0,""branch_successes"":0,""max_stack"":1}",29265920,29265920,0,29265920,29265920,0,"","",canonical
freese,2,0,0,0,4,57,61,"{""recursive_calls"":3,""memo_hits"":0,""branch_attempts"":1,""branch_successes"":0,""max_stack"":2}","{""recursive_calls"":46,""memo_hits"":0,""branch_attempts"":15,""branch_successes"":0,""max_stack"":9}",29265920,29265920,0,29265920,29265920,0,"","",canonical
freese,3,0,0,0,89,1,90,"{""recursive_calls"":61,""memo_hits"":0,""branch_attempts"":15,""branch_successes"":0,""max_stack"":9}","{""recursive_calls"":1,""memo_hits"":0,""branch_attempts"":0,""branch_successes"":0,""max_stack"":1}",29265920,29265920,0,29265920,29265920,0,"","",canonical
freese,4,0,0,0,2,36,38,"{""recursive_calls"":3,""memo_hits"":0,""branch_attempts"":1,""branch_successes"":0,""max_stack"":2}","{""recursive_calls"":46,""memo_hits"":0,""branch_attempts"":15,""branch_successes"":0,""max_stack"":9}",29265920,29265920,0,29265920,29265920,0,"","",canonical
freese,5,0,0,0,55,0,55,"{""recursive_calls"":61,""memo_hits"":0,""branch_attempts"":15,""branch_successes"":0,""max_stack"":9}","{""recursive_calls"":1,""memo_hits"":0,""branch_attempts"":0,""branch_successes"":0,""max_stack"":1}",29265920,29265920,0,29265920,29265920,0,"","",canonical
freese,6,0,0,0,2,39,41,"{""recursive_calls"":3,""memo_hits"":0,""branch_attempts"":1,""branch_successes"":0,""max_stack"":2}","{""recursive_calls"":46,""memo_hits"":0,""branch_attempts"":15,""branch_successes"":0,""max_stack"":9}",29265920,29265920,0,29265920,29265920,0,"","",canonical
freese,7,0,0,0,56,0,56,"{""recursive_calls"":61,""memo_hits"":0,""branch_attempts"":15,""branch_successes"":0,""max_stack"":9}","{""recursive_calls"":1,""memo_hits"":0,""branch_attempts"":0,""branch_successes"":0,""max_stack"":1}",29265920,29265920,0,29265920,29265920,0,"","",canonical
freese,8,0,0,0,2,36,38,"{""recursive_calls"":3,""memo_hits"":0,""branch_attempts"":1,""branch_successes"":0,""max_stack"":2}","{""recursive_calls"":46,""memo_hits"":0,""branch_attempts"":15,""branch_successes"":0,""max_stack"":9}",29265920,29265920,0,29265920,29265920,0,"","",canonical
freese,9,0,0,0,37,0,37,"{""recursive_calls"":61,""memo_hits"":0,""branch_attempts"":15,""branch_successes"":0,""max_stack"":9}","{""recursive_calls"":1,""memo_hits"":0,""branch_attempts"":0,""branch_successes"":0,""max_stack"":1}",29265920,29265920,0,29265920,29265920,0,"","",canonical
freese,10,0,0,0,1,24,25,"{""recursive_calls"":3,""memo_hits"":0,""branch_attempts"":1,""branch_successes"":0,""max_stack"":2}","{""recursive_calls"":46,""memo_hits"":0,""branch_attempts"":15,""branch_successes"":0,""max_stack"":9}",29265920,29265920,0,29265920,29265920,0,"","",canonical
freese,11,0,0,0,40,0,40,"{""recursive_calls"":61,""memo_hits"":0,""branch_attempts"":15,""branch_successes"":0,""max_stack"":9}","{""recursive_calls"":1,""memo_hits"":0,""branch_attempts"":0,""branch_successes"":0,""max_stack"":1}",29265920,29265920,0,29265920,29265920,0,"","",canonical
freese,12,0,0,0,1,25,26,"{""recursive_calls"":3,""memo_hits"":0,""branch_attempts"":1,""branch_successes"":0,""max_stack"":2}","{""recursive_calls"":46,""memo_hits"":0,""branch_attempts"":15,""branch_successes"":0,""max_stack"":9}",29265920,29265920,0,29265920,29265920,0,"","",canonical
freese,13,0,0,0,38,0,38,"{""recursive_calls"":61,""memo_hits"":0,""branch_attempts"":15,""branch_successes"":0,""max_stack"":9}","{""recursive_calls"":1,""memo_hits"":0,""branch_attempts"":0,""branch_successes"":0,""max_stack"":1}",29265920,29265920,0,29265920,29265920,0,"","",canonical
freese,14,0,0,0,1,25,26,"{""recursive_calls"":3,""memo_hits"":0,""branch_attempts"":1,""branch_successes"":0,""max_stack"":2}","{""recursive_calls"":46,""memo_hits"":0,""branch_attempts"":15,""branch_successes"":0,""max_stack"":9}",29265920,29265920,0,29265920,29265920,0,"","",canonical
freese,15,0,0,0,37,0,37,"{""recursive_calls"":61,""memo_hits"":0,""branch_attempts"":15,""branch_successes"":0,""max_stack"":9}","{""recursive_calls"":1,""memo_hits"":0,""branch_attempts"":0,""branch_successes"":0,""max_stack"":1}",29265920,29265920,0,29265920,29265920,0,"","",canonical
