engine,pair_id,u_leq_v,v_leq_u,eq,uv_us,vu_us,total_us,uv_stats,vu_stats,uv_working_set,uv_peak_working_set,uv_private_bytes,vu_working_set,vu_peak_working_set,vu_private_bytes,uv_error,vu_error,representation
freese,0,0,0,0,5,127,132,"{""recursive_calls"":3,""memo_hits"":0,""branch_attempts"":1,""branch_successes"":0,""max_stack"":2}","{""recursive_calls"":94,""memo_hits"":0,""branch_attempts"":31,""branch_successes"":0,""max_stack"":11}",29265920,29265920,0,29265920,29265920,0,"","",canonical
freese,1,0,0,0,102,1,103,"{""recursive_calls"":125,""memo_hits"":1,""branch_attempts"":31,""branch_successes"":0,""max_stack"":11}","{""recursive_calls"":1,""memo_hits"":0,""branch_attempts"":0,""branch_successes"":0,""max_stack"":1}",29265920,29265920,0,29265920,29265920,0,"","",canonical
freese,2,0,0,0,1,57,58,"{""recursive_calls"":3,""memo_hits"":0,""branch_attempts"":1,""branch_successes"":0,""max_stack"":2}","{""recursive_calls"":94,""memo_hits"":1,""branch_attempts"":31,""branch_successes"":0,""max_stack"":11}",29265920,29265920,0,29265920,29265920,0,"","",canonical
freese,3,0,0,0,72,0,72,"{""recursive_calls"":125,""memo_hits"":2,""branch_attempts"":31,""branch_successes"":0,""max_stack"":11}","{""recursive_calls"":1,""memo_hits"":0,""branch_attempts"":0,""branch_successes"":0,""max_stack"":1}",29265920,29265920,0,29265920,29265920,0,"","",canonical
freese,4,0,0,0,1,39,40,"{""recursive_calls"":3,""memo_hits"":0,""branch_attempts"":1,""branch_successes"":0,""max_stack"":2}","{""recursive_calls"":94,""memo_hits"":0,""branch_attempts"":31,""branch_successes"":0,""max_stack"":11}",29265920,29265920,0,29265920,29265920,0,"","",canonical
freese,5,0,0,0,47,0,47,"{""recursive_calls"":125,""memo_hits"":0,""branch_attempts"":31,""branch_successes"":0,""max_stack"":11}","{""recursive_calls"":1,""memo_hits"":0,""branch_attempts"":0,""branch_successes"":0,""max_stack"":1}",29265920,29265920,0,29265920,29265920,0,"","",canonical
freese,6,0,0,0,1,35,36,"{""recursive_calls"":3,""memo_hits"":0,""branch_attempts"":1,""branch_successes"":0,""max_stack"":2}","{""recursive_calls"":94,""memo_hits"":0,""branch_attempts"":31,""branch_successes"":0,""max_stack"":11}",29265920,29265920,0,29265920,29265920,0,"","",canonical
freese,7,0,0,0,42,0,42,"{""recursive_calls"":125,""memo_hits"":0,""branch_attempts"":31,""branch_successes"":0,""max_stack"":11}","{""recursive_calls"":1,""memo_hits"":0,""branch_attempts"":0,""branch_successes"":0,""max_stack"":1}",29265920,29265920,0,29265920,29265920,0,"","",canonical
freese,8,0,0,0,1,34,35,"{""recursive_calls"":3,""memo_hits"":0,""branch_attempts"":1,""branch_successes"":0,""max_stack"":2}","{""recursive_calls"":94,""memo_hits"":0,""branch_attempts"":31,""branch_successes"":0,""max_stack"":11}",29265920,29265920,0,29265920,29265920,0,"","",canonical
freese,9,0,0,0,44,0,44,"{""recursive_calls"":125,""memo_hits"":0,""branch_attempts"":31,""branch_successes"":0,""max_stack"":11}","{""recursive_calls"":1,""memo_hits"":0,""branch_attempts"":0,""branch_successes"":0,""max_stack"":1}",29265920,29265920,0,29265920,29265920,0,"","",canonical
freese,10,0,0,0,1,36,37,"{""recursive_calls"":3,""memo_hits"":0,""branch_attempts"":1,""branch_successes"":0,""max_stack"":2}","{""recursive_calls"":94,""memo_hits"":0,""branch_attempts"":31,""branch_successes"":0,""max_stack"":11}",29265920,29265920,0,29265920,29265920,0,"","",canonical
freese,11,0,0,0,42,0,42,"{""recursive_calls"":125,""memo_hits"":0,""branch_attempts"":31,""branch_successes"":0,""max_stack"":11}","{""recursive_calls"":1,""memo_hits"":0,""branch_attempts"":0,""branch_successes"":0,""max_stack"":1}",29265920,29265920,0,29265920,29265920,0,"","",canonical
freese,12,0,0,0,1,34,35,"{""recursive_calls"":3,""memo_hits"":0,""branch_attempts"":1,""branch_successes"":0,""max_stack"":2}","{""recursive_calls"":94,""memo_hits"":0,""branch_attempts"":31,""branch_successes"":0,""max_stack"":11}",29265920,29265920,0,29265920,29265920,0,"","",canonical
freese,13,0,0,0,41,0,41,"{""recursive_calls"":125,""memo_hits"":0,""branch_attempts"":31,""branch_successes"":0,""max_stack"":11}","{""recursive_calls"":1,""memo_hits"":0,""branch_attempts"":0,""branch_successes"":0,""max_stack"":1}",29265920,29265920,0,29265920,29265920,0,"","",canonical
freese,14,0,0,0,1,34,35,"{""recursive_calls"":3,""memo_hits"":0,""branch_attempts"":1,""branch_successes"":0,""max_stack"":2}","{""recursive_calls"":94,""memo_hits"":0,""branch_attempts"":31,""branch_successes"":0,""max_stack"":11}",29265920,29265920,0,29265920,29265920,0,"","",canonical
freese,15,0,0,0,42,0,42,"{""recursive_calls"":125,""memo_hits"":1,""branch_attempts"":31,""branch_successes"":0,""max_stack"":11}","{""recursive_calls"":1,""memo_hits"":0,""branch_attempts"":0,""branch_successes"":0,""max_stack"":1}",29265920,29265920,0,29265920,29265920,0,"","",canonical
