engine,pair_id,u_leq_v,v_leq_u,eq,uv_us,vu_us,total_us,uv_stats,vu_stats,uv_working_set,uv_peak_working_set,uv_private_bytes,vu_working_set,vu_peak_working_set,vu_private_bytes,uv_error,vu_error,representation
hunt,0,0,0,0,158,155,313,"{""RU"":1,""RV"":127,""cells"":127,""and_checks"":84,""or_checks"":42,""max_hU"":0,""max_hV"":6}","{""RU"":127,""RV"":1,""cells"":127,""and_checks"":42,""or_checks"":84,""max_hU"":6,""max_hV"":0}",29265920,29265920,0,29265920,29265920,0,"","",canonical
hunt,1,0,0,0,157,154,311,"{""RU"":126,""RV"":1,""cells"":126,""and_checks"":84,""or_checks"":42,""max_hU"":6,""max_hV"":0}","{""RU"":1,""RV"":126,""cells"":126,""and_checks"":42,""or_checks"":84,""max_hU"":0,""max_hV"":6}",29265920,29265920,0,29265920,29265920,0,"","",canonical
hunt,2,0,0,0,155,159,314,"{""RU"":1,""RV"":127,""cells"":127,""and_checks"":84,""or_checks"":42,""max_hU"":0,""max_hV"":6}","{""RU"":127,""RV"":1,""cells"":127,""and_checks"":42,""or_checks"":84,""max_hU"":6,""max_hV"":0}",29265920,29265920,0,29265920,29265920,0,"","",canonical
hunt,3,0,0,0,157,161,318,"{""RU"":127,""RV"":1,""cells"":127,""and_checks"":84,""or_checks"":42,""max_hU"":6,""max_hV"":0}","{""RU"":1,""RV"":127,""cells"":127,""and_checks"":42,""or_checks"":84,""max_hU"":0,""max_hV"":6}",29265920,29265920,0,29265920,29265920,0,"","",canonical
hunt,4,0,0,0,153,158,311,"{""RU"":1,""RV"":127,""cells"":127,""and_checks"":84,""or_checks"":42,""max_hU"":0,""max_hV"":6}","{""RU"":127,""RV"":1,""cells"":127,""and_checks"":42,""or_checks"":84,""max_hU"":6,""max_hV"":0}",29265920,29265920,0,29265920,29265920,0,"","",canonical
hunt,5,0,0,0,156,154,310,"{""RU"":126,""RV"":1,""cells"":126,""and_checks"":84,""or_checks"":42,""max_hU"":6,""max_hV"":0}","{""RU"":1,""RV"":126,""cells"":126,""and_checks"":42,""or_checks"":84,""max_hU"":0,""max_hV"":6}",29265920,29265920,0,29265920,29265920,0,"","",canonical
hunt,6,0,0,0,153,159,312,"{""RU"":1,""RV"":127,""cells"":127,""and_checks"":84,""or_checks"":42,""max_hU"":0,""max_hV"":6}","{""RU"":127,""RV"":1,""cells"":127,""and_checks"":42,""or_checks"":84,""max_hU"":6,""max_hV"":0}",29265920,29265920,0,29265920,29265920,0,"","",canonical
hunt,7,0,0,0,157,154,311,"{""RU"":126,""RV"":1,""cells"":126,""and_checks"":84,""or_checks"":42,""max_hU"":6,""max_hV"":0}","{""RU"":1,""RV"":126,""cells"":126,""and_checks"":42,""or_checks"":84,""max_hU"":0,""max_hV"":6}",29265920,29265920,0,29265920,29265920,0,"","",canonical
hunt,8,0,0,0,153,159,312,"{""RU"":1,""RV"":127,""cells"":127,""and_checks"":84,""or_checks"":42,""max_hU"":0,""max_hV"":6}","{""RU"":127,""RV"":1,""cells"":127,""and_checks"":42,""or_checks"":84,""max_hU"":6,""max_hV"":0}",29265920,29265920,0,29265920,29265920,0,"","",canonical
hunt,9,0,0,0,161,154,315,"{""RU"":126,""RV"":1,""cells"":126,""and_checks"":84,""or_checks"":42,""max_hU"":6,""max_hV"":0}","{""RU"":1,""RV"":126,""cells"":126,""and_checks"":42,""or_checks"":84,""max_hU"":0,""max_hV"":6}",29265920,29265920,0,29265920,29265920,0,"","",canonical
hunt,10,0,0,0,152,157,309,"{""RU"":1,""RV"":124,""cells"":124,""and_checks"":84,""or_checks"":42,""max_hU"":0,""max_hV"":6}","{""RU"":124,""RV"":1,""cells"":124,""and_checks"":42,""or_checks"":84,""max_hU"":6,""max_hV"":0}",29265920,29265920,0,29265920,29265920,0,"","",canonical
hunt,11,0,0,0,157,154,311,"{""RU"":127,""RV"":1,""cells"":127,""and_checks"":84,""or_checks"":42,""max_hU"":6,""max_hV"":0}","{""RU"":1,""RV"":127,""cells"":127,""and_checks"":42,""or_checks"":84,""max_hU"":0,""max_hV"":6}",29265920,29265920,0,29265920,29265920,0,"","",canonical
hunt,12,0,0,0,152,158,310,"{""RU"":1,""RV"":126,""cells"":126,""and_checks"":84,""or_checks"":42,""max_hU"":0,""max_hV"":6}","{""RU"":126,""RV"":1,""cells"":126,""and_checks"":42,""or_checks"":84,""max_hU"":6,""max_hV"":0}",29265920,29265920,0,29265920,29265920,0,"","",canonical
hunt,13,0,0,0,156,154,310,"{""RU"":126,""RV"":1,""cells"":126,""and_checks"":84,""or_checks"":42,""max_hU"":6,""max_hV"":0}","{""RU"":1,""RV"":126,""cells"":126,""and_checks"":42,""or_checks"":84,""max_hU"":0,""max_hV"":6}",29265920,29265920,0,29265920,29265920,0,"","",canonical
hunt,14,0,0,0,153,158,311,"{""RU"":1,""RV"":127,""cells"":127,""and_checks"":84,""or_checks"":42,""max_hU"":0,""max_hV"":6}","{""RU"":127,""RV"":1,""cells"":127,""and_checks"":42,""or_checks"":84,""max_hU"":6,""max_hV"":0}",29265920,29265920,0,29265920,29265920,0,"","",canonical
hunt,15,0,0,0,164,154,318,"{""RU"":126,""RV"":1,""cells"":126,""and_checks"":84,""or_checks"":42,""max_hU"":6,""max_hV"":0}","{""RU"":1,""RV"":126,""cells"":126,""and_checks"":42,""or_checks"":84,""max_hU"":0,""max_hV"":6}",29265920,29265920,0,29265920,29265920,0,"","",canonical
