engine,pair_id,u_leq_v,v_leq_u,eq,uv_us,vu_us,total_us,uv_stats,vu_stats,uv_working_set,uv_peak_working_set,uv_private_bytes,vu_working_set,vu_peak_working_set,vu_private_bytes,uv_error,vu_error,representation
hunt,0,0,0,0,745,737,1482,"{""RU"":1,""RV"":253,""cells"":253,""and_checks"":84,""or_checks"":170,""max_hU"":0,""max_hV"":7}","{""RU"":253,""RV"":1,""cells"":253,""and_checks"":170,""or_checks"":84,""max_hU"":7,""max_hV"":0}",29265920,29265920,0,29265920,29265920,0,"","",canonical
hunt,1,0,0,0,727,706,1433,"{""RU"":252,""RV"":1,""cells"":252,""and_checks"":84,""or_checks"":170,""max_hU"":7,""max_hV"":0}","{""RU"":1,""RV"":252,""cells"":252,""and_checks"":170,""or_checks"":84,""max_hU"":0,""max_hV"":7}",29265920,29265920,0,29265920,29265920,0,"","",canonical
hunt,2,0,0,0,713,730,1443,"{""RU"":1,""RV"":253,""cells"":253,""and_checks"":84,""or_checks"":170,""max_hU"":0,""max_hV"":7}","{""RU"":253,""RV"":1,""cells"":253,""and_checks"":170,""or_checks"":84,""max_hU"":7,""max_hV"":0}",29265920,29265920,0,29265920,29265920,0,"","",canonical
hunt,3,0,0,0,550,445,995,"{""RU"":252,""RV"":1,""cells"":252,""and_checks"":84,""or_checks"":170,""max_hU"":7,""max_hV"":0}","{""RU"":1,""RV"":252,""cells"":252,""and_checks"":170,""or_checks"":84,""max_hU"":0,""max_hV"":7}",29265920,29265920,0,29265920,29265920,0,"","",canonical
hunt,4,0,0,0,445,460,905,"{""RU"":1,""RV"":252,""cells"":252,""and_checks"":84,""or_checks"":170,""max_hU"":0,""max_hV"":7}","{""RU"":252,""RV"":1,""cells"":252,""and_checks"":170,""or_checks"":84,""max_hU"":7,""max_hV"":0}",29265920,29265920,0,29265920,29265920,0,"","",canonical
hunt,5,0,0,0,457,447,904,"{""RU"":252,""RV"":1,""cells"":252,""and_checks"":84,""or_checks"":170,""max_hU"":7,""max_hV"":0}","{""RU"":1,""RV"":252,""cells"":252,""and_checks"":170,""or_checks"":84,""max_hU"":0,""max_hV"":7}",29265920,29265920,0,29265920,29265920,0,"","",canonical
hunt,6,0,0,0,447,461,908,"{""RU"":1,""RV"":253,""cells"":253,""and_checks"":84,""or_checks"":170,""max_hU"":0,""max_hV"":7}","{""RU"":253,""RV"":1,""cells"":253,""and_checks"":170,""or_checks"":84,""max_hU"":7,""max_hV"":0}",29265920,29265920,0,29265920,29265920,0,"","",canonical
hunt,7,0,0,0,467,448,915,"{""RU"":254,""RV"":1,""cells"":254,""and_checks"":84,""or_checks"":170,""max_hU"":7,""max_hV"":0}","{""RU"":1,""RV"":254,""cells"":254,""and_checks"":170,""or_checks"":84,""max_hU"":0,""max_hV"":7}",29265920,29265920,0,29265920,29265920,0,"","",canonical
hunt,8,0,0,0,359,313,672,"{""RU"":1,""RV"":255,""cells"":255,""and_checks"":84,""or_checks"":170,""max_hU"":0,""max_hV"":7}","{""RU"":255,""RV"":1,""cells"":255,""and_checks"":170,""or_checks"":84,""max_hU"":7,""max_hV"":0}",29265920,29265920,0,29265920,29265920,0,"","",canonical
hunt,9,0,0,0,310,303,613,"{""RU"":251,""RV"":1,""cells"":251,""and_checks"":84,""or_checks"":170,""max_hU"":7,""max_hV"":0}","{""RU"":1,""RV"":251,""cells"":251,""and_checks"":170,""or_checks"":84,""max_hU"":0,""max_hV"":7}",29265920,29265920,0,29265920,29265920,0,"","",canonical
hunt,10,0,0,0,304,315,619,"{""RU"":1,""RV"":252,""cells"":252,""and_checks"":84,""or_checks"":170,""max_hU"":0,""max_hV"":7}","{""RU"":252,""RV"":1,""cells"":252,""and_checks"":170,""or_checks"":84,""max_hU"":7,""max_hV"":0}",29265920,29265920,0,29265920,29265920,0,"","",canonical
hunt,11,0,0,0,312,305,617,"{""RU"":255,""RV"":1,""cells"":255,""and_checks"":84,""or_checks"":170,""max_hU"":7,""max_hV"":0}","{""RU"":1,""RV"":255,""cells"":255,""and_checks"":170,""or_checks"":84,""max_hU"":0,""max_hV"":7}",29265920,29265920,0,29265920,29265920,0,"","",canonical
hunt,12,0,0,0,303,313,616,"{""RU"":1,""RV"":253,""cells"":253,""and_checks"":84,""or_checks"":170,""max_hU"":0,""max_hV"":7}","{""RU"":253,""RV"":1,""cells"":253,""and_checks"":170,""or_checks"":84,""max_hU"":7,""max_hV"":0}",29265920,29265920,0,29265920,29265920,0,"","",canonical
hunt,13,0,0,0,312,307,619,"{""RU"":254,""RV"":1,""cells"":254,""and_checks"":84,""or_checks"":170,""max_hU"":7,""max_hV"":0}","{""RU"":1,""RV"":254,""cells"":254,""and_checks"":170,""or_checks"":84,""max_hU"":0,""max_hV"":7}",29265920,29265920,0,29265920,29265920,0,"","",canonical
hunt,14,0,0,0,301,311,612,"{""RU"":1,""RV"":252,""cells"":252,""and_checks"":84,""or_checks"":170,""max_hU"":0,""max_hV"":7}","{""RU"":252,""RV"":1,""cells"":252,""and_checks"":170,""or_checks"":84,""max_hU"":7,""max_hV"":0}",29265920,29265920,0,29265920,29265920,0,"","",canonical
hunt,15,0,0,0,310,302,612,"{""RU"":252,""RV"":1,""cells"":252,""and_checks"":84,""or_checks"":170,""max_hU"":7,""max_hV"":0}","{""RU"":1,""RV"":252,""cells"":252,""and_checks"":170,""or_checks"":84,""max_hU"":0,""max_hV"":7}",29265920,29265920,0,29265920,29265920,0,"","",canonical
