engine,pair_id,u_leq_v,v_leq_u,eq,uv_us,vu_us,total_us,uv_stats,vu_stats,uv_working_set,uv_peak_working_set,uv_private_bytes,vu_working_set,vu_peak_working_set,vu_private_bytes,uv_error,vu_error,representation
hunt,0,0,0,0,372,371,743,"{""RU"":1,""RV"":501,""cells"":501,""and_checks"":340,""or_checks"":170,""max_hU"":0,""max_hV"":8}","{""RU"":501,""RV"":1,""cells"":501,""and_checks"":170,""or_checks"":340,""max_hU"":8,""max_hV"":0}",29265920,29265920,0,29265920,29265920,0,"","",canonical
hunt,1,0,0,0,371,362,733,"{""RU"":506,""RV"":1,""cells"":506,""and_checks"":340,""or_checks"":170,""max_hU"":8,""max_hV"":0}","{""RU"":1,""RV"":506,""cells"":506,""and_checks"":170,""or_checks"":340,""max_hU"":0,""max_hV"":8}",29265920,29265920,0,29265920,29265920,0,"","",canonical
hunt,2,0,0,0,383,411,794,"{""RU"":1,""RV"":506,""cells"":506,""and_checks"":340,""or_checks"":170,""max_hU"":0,""max_hV"":8}","{""RU"":506,""RV"":1,""cells"":506,""and_checks"":170,""or_checks"":340,""max_hU"":8,""max_hV"":0}",29265920,29265920,0,29265920,29265920,0,"","",canonical
hunt,3,0,0,0,363,360,723,"{""RU"":499,""RV"":1,""cells"":499,""and_checks"":340,""or_checks"":170,""max_hU"":8,""max_hV"":0}","{""RU"":1,""RV"":499,""cells"":499,""and_checks"":170,""or_checks"":340,""max_hU"":0,""max_hV"":8}",29265920,29265920,0,29265920,29265920,0,"","",canonical
hunt,4,0,0,0,390,401,791,"{""RU"":1,""RV"":507,""cells"":507,""and_checks"":340,""or_checks"":170,""max_hU"":0,""max_hV"":8}","{""RU"":507,""RV"":1,""cells"":507,""and_checks"":170,""or_checks"":340,""max_hU"":8,""max_hV"":0}",29265920,29265920,0,29265920,29265920,0,"","",canonical
hunt,5,0,0,0,369,363,732,"{""RU"":506,""RV"":1,""cells"":506,""and_checks"":340,""or_checks"":170,""max_hU"":8,""max_hV"":0}","{""RU"":1,""RV"":506,""cells"":506,""and_checks"":170,""or_checks"":340,""max_hU"":0,""max_hV"":8}",29265920,29265920,0,29265920,29265920,0,"","",canonical
hunt,6,0,0,0,356,378,734,"{""RU"":1,""RV"":504,""cells"":504,""and_checks"":340,""or_checks"":170,""max_hU"":0,""max_hV"":8}","{""RU"":504,""RV"":1,""cells"":504,""and_checks"":170,""or_checks"":340,""max_hU"":8,""max_hV"":0}",29265920,29265920,0,29265920,29265920,0,"","",canonical
hunt,7,0,0,0,410,360,770,"{""RU"":502,""RV"":1,""cells"":502,""and_checks"":340,""or_checks"":170,""max_hU"":8,""max_hV"":0}","{""RU"":1,""RV"":502,""cells"":502,""and_checks"":170,""or_checks"":340,""max_hU"":0,""max_hV"":8}",29265920,29265920,0,29265920,29265920,0,"","",canonical
hunt,8,0,0,0,357,373,730,"{""RU"":1,""RV"":505,""cells"":505,""and_checks"":340,""or_checks"":170,""max_hU"":0,""max_hV"":8}","{""RU"":505,""RV"":1,""cells"":505,""and_checks"":170,""or_checks"":340,""max_hU"":8,""max_hV"":0}",29265920,29265920,0,29265920,29265920,0,"","",canonical
hunt,9,0,0,0,384,378,762,"{""RU"":502,""RV"":1,""cells"":502,""and_checks"":340,""or_checks"":170,""max_hU"":8,""max_hV"":0}","{""RU"":1,""RV"":502,""cells"":502,""and_checks"":170,""or_checks"":340,""max_hU"":0,""max_hV"":8}",29265920,29265920,0,29265920,29265920,0,"","",canonical
hunt,10,0,0,0,358,373,731,"{""RU"":1,""RV"":505,""cells"":505,""and_checks"":340,""or_checks"":170,""max_hU"":0,""max_hV"":8}","{""RU"":505,""RV"":1,""cells"":505,""and_checks"":170,""or_checks"":340,""max_hU"":8,""max_hV"":0}",29265920,29265920,0,29265920,29265920,0,"","",canonical
hunt,11,0,0,0,377,389,766,"{""RU"":505,""RV"":1,""cells"":505,""and_checks"":340,""or_checks"":170,""max_hU"":8,""max_hV"":0}","{""RU"":1,""RV"":505,""cells"":505,""and_checks"":170,""or_checks"":340,""max_hU"":0,""max_hV"":8}",29265920,29265920,0,29265920,29265920,0,"","",canonical
hunt,12,0,0,0,370,370,740,"{""RU"":1,""RV"":500,""cells"":500,""and_checks"":340,""or_checks"":170,""max_hU"":0,""max_hV"":8}","{""RU"":500,""RV"":1,""cells"":500,""and_checks"":170,""or_checks"":340,""max_hU"":8,""max_hV"":0}",29265920,29265920,0,29265920,29265920,0,"","",canonical
hunt,13,0,0,0,368,363,731,"{""RU"":504,""RV"":1,""cells"":504,""and_checks"":340,""or_checks"":170,""max_hU"":8,""max_hV"":0}","{""RU"":1,""RV"":504,""cells"":504,""and_checks"":170,""or_checks"":340,""max_hU"":0,""max_hV"":8}",29265920,29265920,0,29265920,29265920,0,"","",canonical
hunt,14,0,0,0,381,399,780,"{""RU"":1,""RV"":504,""cells"":504,""and_checks"":340,""or_checks"":170,""max_hU"":0,""max_hV"":8}","{""RU"":504,""RV"":1,""cells"":504,""and_checks"":170,""or_checks"":340,""max_hU"":8,""max_hV"":0}",29265920,29265920,0,29265920,29265920,0,"","",canonical
hunt,15,0,0,0,368,363,731,"{""RU"":506,""RV"":1,""cells"":506,""and_checks"":340,""or_checks"":170,""max_hU"":8,""max_hV"":0}","{""RU"":1,""RV"":506,""cells"":506,""and_checks"":170,""or_checks"":340,""max_hU"":0,""max_hV"":8}",29265920,29265920,0,29265920,29265920,0,"","",canonical
