engine,pair_id,u_leq_v,v_leq_u,eq,uv_us,vu_us,total_us,uv_stats,vu_stats,uv_working_set,uv_peak_working_set,uv_private_bytes,vu_working_set,vu_peak_working_set,vu_private_bytes,uv_error,vu_error,representation
hunt,0,0,0,0,75,64,139,"{""RU"":1,""RV"":15,""cells"":15,""and_checks"":4,""or_checks"":10,""max_hU"":0,""max_hV"":3}","{""RU"":15,""RV"":1,""cells"":15,""and_checks"":10,""or_checks"":4,""max_hU"":3,""max_hV"":0}",29265920,29265920,0,29265920,29265920,0,"","",canonical
hunt,1,0,0,0,65,61,126,"{""RU"":15,""RV"":1,""cells"":15,""and_checks"":4,""or_checks"":10,""max_hU"":3,""max_hV"":0}","{""RU"":1,""RV"":15,""cells"":15,""and_checks"":10,""or_checks"":4,""max_hU"":0,""max_hV"":3}",29265920,29265920,0,29265920,29265920,0,"","",canonical
hunt,2,0,0,0,62,61,123,"{""RU"":1,""RV"":15,""cells"":15,""and_checks"":4,""or_checks"":10,""max_hU"":0,""max_hV"":3}","{""RU"":15,""RV"":1,""cells"":15,""and_checks"":10,""or_checks"":4,""max_hU"":3,""max_hV"":0}",29265920,29265920,0,29265920,29265920,0,"","",canonical
hunt,3,0,0,0,65,60,125,"{""RU"":15,""RV"":1,""cells"":15,""and_checks"":4,""or_checks"":10,""max_hU"":3,""max_hV"":0}","{""RU"":1,""RV"":15,""cells"":15,""and_checks"":10,""or_checks"":4,""max_hU"":0,""max_hV"":3}",29265920,29265920,0,29265920,29265920,0,"","",canonical
hunt,4,0,0,0,61,60,121,"{""RU"":1,""RV"":15,""cells"":15,""and_checks"":4,""or_checks"":10,""max_hU"":0,""max_hV"":3}","{""RU"":15,""RV"":1,""cells"":15,""and_checks"":10,""or_checks"":4,""max_hU"":3,""max_hV"":0}",29265920,29265920,0,29265920,29265920,0,"","",canonical
hunt,5,0,0,0,62,59,121,"{""RU"":15,""RV"":1,""cells"":15,""and_checks"":4,""or_checks"":10,""max_hU"":3,""max_hV"":0}","{""RU"":1,""RV"":15,""cells"":15,""and_checks"":10,""or_checks"":4,""max_hU"":0,""max_hV"":3}",29265920,29265920,0,29265920,29265920,0,"","",canonical
hunt,6,0,0,0,61,60,121,"{""RU"":1,""RV"":15,""cells"":15,""and_checks"":4,""or_checks"":10,""max_hU"":0,""max_hV"":3}","{""RU"":15,""RV"":1,""cells"":15,""and_checks"":10,""or_checks"":4,""max_hU"":3,""max_hV"":0}",29265920,29265920,0,29265920,29265920,0,"","",canonical
hunt,7,0,0,0,62,59,121,"{""RU"":15,""RV"":1,""cells"":15,""and_checks"":4,""or_checks"":10,""max_hU"":3,""max_hV"":0}","{""RU"":1,""RV"":15,""cells"":15,""and_checks"":10,""or_checks"":4,""max_hU"":0,""max_hV"":3}",29265920,29265920,0,29265920,29265920,0,"","",canonical
hunt,8,0,0,0,61,60,121,"{""RU"":1,""RV"":15,""cells"":15,""and_checks"":4,""or_checks"":10,""max_hU"":0,""max_hV"":3}","{""RU"":15,""RV"":1,""cells"":15,""and_checks"":10,""or_checks"":4,""max_hU"":3,""max_hV"":0}",29265920,29265920,0,29265920,29265920,0,"","",canonical
hunt,9,0,0,0,62,59,121,"{""RU"":15,""RV"":1,""cells"":15,""and_checks"":4,""or_checks"":10,""max_hU"":3,""max_hV"":0}","{""RU"":1,""RV"":15,""cells"":15,""and_checks"":10,""or_checks"":4,""max_hU"":0,""max_hV"":3}",29265920,29265920,0,29265920,29265920,0,"","",canonical
hunt,10,0,0,0,61,60,121,"{""RU"":1,""RV"":15,""cells"":15,""and_checks"":4,""or_checks"":10,""max_hU"":0,""max_hV"":3}","{""RU"":15,""RV"":1,""cells"":15,""and_checks"":10,""or_checks"":4,""max_hU"":3,""max_hV"":0}",29265920,29265920,0,29265920,29265920,0,"","",canonical
hunt,11,0,0,0,62,59,121,"{""RU"":15,""RV"":1,""cells"":15,""and_checks"":4,""or_checks"":10,""max_hU"":3,""max_hV"":0}","{""RU"":1,""RV"":15,""cells"":15,""and_checks"":10,""or_checks"":4,""max_hU"":0,""max_hV"":3}",29265920,29265920,0,29265920,29265920,0,"","",canonical
hunt,12,0,0,0,61,60,121,"{""RU"":1,""RV"":15,""cells"":15,""and_checks"":4,""or_checks"":10,""max_hU"":0,""max_hV"":3}","{""RU"":15,""RV"":1,""cells"":15,""and_checks"":10,""or_checks"":4,""max_hU"":3,""max_hV"":0}",29265920,29265920,0,29265920,29265920,0,"","",canonical
hunt,13,0,0,0,62,59,121,"{""RU"":15,""RV"":1,""cells"":15,""and_checks"":4,""or_checks"":10,""max_hU"":3,""max_hV"":0}","{""RU"":1,""RV"":15,""cells"":15,""and_checks"":10,""or_checks"":4,""max_hU"":0,""max_hV"":3}",29265920,29265920,0,29265920,29265920,0,"","",canonical
hunt,14,0,0,0,61,69,130,"{""RU"":1,""RV"":15,""cells"":15,""and_checks"":4,""or_checks"":10,""max_hU"":0,""max_hV"":3}","{""RU"":15,""RV"":1,""cells"":15,""and_checks"":10,""or_checks"":4,""max_hU"":3,""max_hV"":0}",29265920,29265920,0,29265920,29265920,0,"","",canonical
hunt,15,0,0,0,62,59,121,"{""RU"":15,""RV"":1,""cells"":15,""and_checks"":4,""or_checks"":10,""max_hU"":3,""max_hV"":0}","{""RU"":1,""RV"":15,""cells"":15,""and_checks"":10,""or_checks"":4,""max_hU"":0,""max_hV"":3}",29265920,29265920,0,29265920,29265920,0,"","",canonical
