engine,pair_id,u_leq_v,v_leq_u,eq,uv_us,vu_us,total_us,uv_stats,vu_stats,uv_working_set,uv_peak_working_set,uv_private_bytes,vu_working_set,vu_peak_working_set,vu_private_bytes,uv_error,vu_error,representation
hunt,0,0,0,0,219,205,424,"{""RU"":1,""RV"":63,""cells"":63,""and_checks"":20,""or_checks"":42,""max_hU"":0,""max_hV"":5}","{""RU"":63,""RV"":1,""cells"":63,""and_checks"":42,""or_checks"":20,""max_hU"":5,""max_hV"":0}",29265920,29265920,0,29265920,29265920,0,"","",canonical
hunt,1,0,0,0,206,194,400,"{""RU"":62,""RV"":1,""cells"":62,""and_checks"":20,""or_checks"":42,""max_hU"":5,""max_hV"":0}","{""RU"":1,""RV"":62,""cells"":62,""and_checks"":42,""or_checks"":20,""max_hU"":0,""max_hV"":5}",29265920,29265920,0,29265920,29265920,0,"","",canonical
hunt,2,0,0,0,199,200,399,"{""RU"":1,""RV"":63,""cells"":63,""and_checks"":20,""or_checks"":42,""max_hU"":0,""max_hV"":5}","{""RU"":63,""RV"":1,""cells"":63,""and_checks"":42,""or_checks"":20,""max_hU"":5,""max_hV"":0}",29265920,29265920,0,29265920,29265920,0,"","",canonical
hunt,3,0,0,0,217,195,412,"{""RU"":63,""RV"":1,""cells"":63,""and_checks"":20,""or_checks"":42,""max_hU"":5,""max_hV"":0}","{""RU"":1,""RV"":63,""cells"":63,""and_checks"":42,""or_checks"":20,""max_hU"":0,""max_hV"":5}",29265920,29265920,0,29265920,29265920,0,"","",canonical
hunt,4,0,0,0,199,200,399,"{""RU"":1,""RV"":63,""cells"":63,""and_checks"":20,""or_checks"":42,""max_hU"":0,""max_hV"":5}","{""RU"":63,""RV"":1,""cells"":63,""and_checks"":42,""or_checks"":20,""max_hU"":5,""max_hV"":0}",29265920,29265920,0,29265920,29265920,0,"","",canonical
hunt,5,0,0,0,204,194,398,"{""RU"":63,""RV"":1,""cells"":63,""and_checks"":20,""or_checks"":42,""max_hU"":5,""max_hV"":0}","{""RU"":1,""RV"":63,""cells"":63,""and_checks"":42,""or_checks"":20,""max_hU"":0,""max_hV"":5}",29265920,29265920,0,29265920,29265920,0,"","",canonical
hunt,6,0,0,0,198,199,397,"{""RU"":1,""RV"":63,""cells"":63,""and_checks"":20,""or_checks"":42,""max_hU"":0,""max_hV"":5}","{""RU"":63,""RV"":1,""cells"":63,""and_checks"":42,""or_checks"":20,""max_hU"":5,""max_hV"":0}",29265920,29265920,0,29265920,29265920,0,"","",canonical
hunt,7,0,0,0,204,195,399,"{""RU"":63,""RV"":1,""cells"":63,""and_checks"":20,""or_checks"":42,""max_hU"":5,""max_hV"":0}","{""RU"":1,""RV"":63,""cells"":63,""and_checks"":42,""or_checks"":20,""max_hU"":0,""max_hV"":5}",29265920,29265920,0,29265920,29265920,0,"","",canonical
hunt,8,0,0,0,199,199,398,"{""RU"":1,""RV"":63,""cells"":63,""and_checks"":20,""or_checks"":42,""max_hU"":0,""max_hV"":5}","{""RU"":63,""RV"":1,""cells"":63,""and_checks"":42,""or_checks"":20,""max_hU"":5,""max_hV"":0}",29265920,29265920,0,29265920,29265920,0,"","",canonical
hunt,9,0,0,0,203,193,396,"{""RU"":63,""RV"":1,""cells"":63,""and_checks"":20,""or_checks"":42,""max_hU"":5,""max_hV"":0}","{""RU"":1,""RV"":63,""cells"":63,""and_checks"":42,""or_checks"":20,""max_hU"":0,""max_hV"":5}",29265920,29265920,0,29265920,29265920,0,"","",canonical
hunt,10,0,0,0,199,199,398,"{""RU"":1,""RV"":63,""cells"":63,""and_checks"":20,""or_checks"":42,""max_hU"":0,""max_hV"":5}","{""RU"":63,""RV"":1,""cells"":63,""and_checks"":42,""or_checks"":20,""max_hU"":5,""max_hV"":0}",29265920,29265920,0,29265920,29265920,0,"","",canonical
hunt,11,0,0,0,204,194,398,"{""RU"":63,""RV"":1,""cells"":63,""and_checks"":20,""or_checks"":42,""max_hU"":5,""max_hV"":0}","{""RU"":1,""RV"":63,""cells"":63,""and_checks"":42,""or_checks"":20,""max_hU"":0,""max_hV"":5}",29265920,29265920,0,29265920,29265920,0,"","",canonical
hunt,12,0,0,0,206,199,405,"{""RU"":1,""RV"":62,""cells"":62,""and_checks"":20,""or_checks"":42,""max_hU"":0,""max_hV"":5}","{""RU"":62,""RV"":1,""cells"":62,""and_checks"":42,""or_checks"":20,""max_hU"":5,""max_hV"":0}",29265920,29265920,0,29265920,29265920,0,"","",canonical
hunt,13,0,0,0,203,194,397,"{""RU"":63,""RV"":1,""cells"":63,""and_checks"":20,""or_checks"":42,""max_hU"":5,""max_hV"":0}","{""RU"":1,""RV"":63,""cells"":63,""and_checks"":42,""or_checks"":20,""max_hU"":0,""max_hV"":5}",29265920,29265920,0,29265920,29265920,0,"","",canonical
hunt,14,0,0,0,198,198,396,"{""RU"":1,""RV"":62,""cells"":62,""and_checks"":20,""or_checks"":42,""max_hU"":0,""max_hV"":5}","{""RU"":62,""RV"":1,""cells"":62,""and_checks"":42,""or_checks"":20,""max_hU"":5,""max_hV"":0}",29265920,29265920,0,29265920,29265920,0,"","",canonical
hunt,15,0,0,0,204,194,398,"{""RU"":63,""RV"":1,""cells"":63,""and_checks"":20,""or_checks"":42,""max_hU"":5,""max_hV"":0}","{""RU"":1,""RV"":63,""cells"":63,""and_checks"":42,""or_checks"":20,""max_hU"":0,""max_hV"":5}",29265920,29265920,0,29265920,29265920,0,"","",canonical
