engine,pair_id,u_leq_v,v_leq_u,eq,uv_us,vu_us,total_us,uv_stats,vu_stats,uv_working_set,uv_peak_working_set,uv_private_bytes,vu_working_set,vu_peak_working_set,vu_private_bytes,uv_error,vu_error,representation
hunt,0,0,0,0,6851,5703,12554,"{""RU"":1,""RV"":6675,""cells"":6675,""and_checks"":5458,""or_checks"":2730,""max_hU"":0,""max_hV"":12}","{""RU"":6675,""RV"":1,""cells"":6675,""and_checks"":2730,""or_checks"":5458,""max_hU"":12,""max_hV"":0}",29265920,29265920,0,29265920,29265920,0,"","",canonical
hunt,1,0,0,0,5475,5345,10820,"{""RU"":6685,""RV"":1,""cells"":6685,""and_checks"":5460,""or_checks"":2730,""max_hU"":12,""max_hV"":0}","{""RU"":1,""RV"":6685,""cells"":6685,""and_checks"":2730,""or_checks"":5460,""max_hU"":0,""max_hV"":12}",29265920,29265920,0,29265920,29265920,0,"","",canonical
hunt,2,0,0,0,5163,5337,10500,"{""RU"":1,""RV"":6705,""cells"":6705,""and_checks"":5460,""or_checks"":2730,""max_hU"":0,""max_hV"":12}","{""RU"":6705,""RV"":1,""cells"":6705,""and_checks"":2730,""or_checks"":5460,""max_hU"":12,""max_hV"":0}",29265920,29265920,0,29265920,29265920,0,"","",canonical
hunt,3,0,0,0,5296,5176,10472,"{""RU"":6680,""RV"":1,""cells"":6680,""and_checks"":5458,""or_checks"":2730,""max_hU"":12,""max_hV"":0}","{""RU"":1,""RV"":6680,""cells"":6680,""and_checks"":2730,""or_checks"":5458,""max_hU"":0,""max_hV"":12}",29265920,29265920,0,29265920,29265920,0,"","",canonical
hunt,4,0,0,0,5144,5407,10551,"{""RU"":1,""RV"":6686,""cells"":6686,""and_checks"":5460,""or_checks"":2730,""max_hU"":0,""max_hV"":12}","{""RU"":6686,""RV"":1,""cells"":6686,""and_checks"":2730,""or_checks"":5460,""max_hU"":12,""max_hV"":0}",29265920,29265920,0,29265920,29265920,0,"","",canonical
hunt,5,0,0,0,5286,5175,10461,"{""RU"":6686,""RV"":1,""cells"":6686,""and_checks"":5460,""or_checks"":2730,""max_hU"":12,""max_hV"":0}","{""RU"":1,""RV"":6686,""cells"":6686,""and_checks"":2730,""or_checks"":5460,""max_hU"":0,""max_hV"":12}",29265920,29265920,0,29265920,29265920,0,"","",canonical
hunt,6,0,0,0,5219,5318,10537,"{""RU"":1,""RV"":6667,""cells"":6667,""and_checks"":5460,""or_checks"":2730,""max_hU"":0,""max_hV"":12}","{""RU"":6667,""RV"":1,""cells"":6667,""and_checks"":2730,""or_checks"":5460,""max_hU"":12,""max_hV"":0}",29265920,29265920,0,29265920,29265920,0,"","",canonical
hunt,7,0,0,0,5303,5200,10503,"{""RU"":6695,""RV"":1,""cells"":6695,""and_checks"":5454,""or_checks"":2730,""max_hU"":12,""max_hV"":0}","{""RU"":1,""RV"":6695,""cells"":6695,""and_checks"":2730,""or_checks"":5454,""max_hU"":0,""max_hV"":12}",29265920,29265920,0,29265920,29265920,0,"","",canonical
hunt,8,0,0,0,5254,5354,10608,"{""RU"":1,""RV"":6738,""cells"":6738,""and_checks"":5460,""or_checks"":2730,""max_hU"":0,""max_hV"":12}","{""RU"":6738,""RV"":1,""cells"":6738,""and_checks"":2730,""or_checks"":5460,""max_hU"":12,""max_hV"":0}",29265920,29265920,0,29265920,29265920,0,"","",canonical
hunt,9,0,0,0,5309,5253,10562,"{""RU"":6694,""RV"":1,""cells"":6694,""and_checks"":5460,""or_checks"":2730,""max_hU"":12,""max_hV"":0}","{""RU"":1,""RV"":6694,""cells"":6694,""and_checks"":2730,""or_checks"":5460,""max_hU"":0,""max_hV"":12}",29265920,29265920,0,29265920,29265920,0,"","",canonical
hunt,10,0,0,0,5159,5336,10495,"{""RU"":1,""RV"":6691,""cells"":6691,""and_checks"":5454,""or_checks"":2730,""max_hU"":0,""max_hV"":12}","{""RU"":6691,""RV"":1,""cells"":6691,""and_checks"":2730,""or_checks"":5454,""max_hU"":12,""max_hV"":0}",29265920,29265920,0,29265920,29265920,0,"","",canonical
hunt,11,0,0,0,5302,5188,10490,"{""RU"":6702,""RV"":1,""cells"":6702,""and_checks"":5460,""or_checks"":2730,""max_hU"":12,""max_hV"":0}","{""RU"":1,""RV"":6702,""cells"":6702,""and_checks"":2730,""or_checks"":5460,""max_hU"":0,""max_hV"":12}",29265920,29265920,0,29265920,29265920,0,"","",canonical
hunt,12,0,0,0,5151,5323,10474,"{""RU"":1,""RV"":6690,""cells"":6690,""and_checks"":5458,""or_checks"":2730,""max_hU"":0,""max_hV"":12}","{""RU"":6690,""RV"":1,""cells"":6690,""and_checks"":2730,""or_checks"":5458,""max_hU"":12,""max_hV"":0}",29265920,29265920,0,29265920,29265920,0,"","",canonical
hunt,13,0,0,0,5309,5175,10484,"{""RU"":6674,""RV"":1,""cells"":6674,""and_checks"":5460,""or_checks"":2730,""max_hU"":12,""max_hV"":0}","{""RU"":1,""RV"":6674,""cells"":6674,""and_checks"":2730,""or_checks"":5460,""max_hU"":0,""max_hV"":12}",29265920,29265920,0,29265920,29265920,0,"","",canonical
hunt,14,0,0,0,5153,5319,10472,"{""RU"":1,""RV"":6674,""cells"":6674,""and_checks"":5460,""or_checks"":2730,""max_hU"":0,""max_hV"":12}","{""RU"":6674,""RV"":1,""cells"":6674,""and_checks"":2730,""or_checks"":5460,""max_hU"":12,""max_hV"":0}",29265920,29265920,0,29265920,29265920,0,"","",canonical
hunt,15,0,0,0,5293,5186,10479,"{""RU"":6704,""RV"":1,""cells"":6704,""and_checks"":5458,""or_checks"":2730,""max_hU"":12,""max_hV"":0}","{""RU"":1,""RV"":6704,""cells"":6704,""and_checks"":2730,""or_checks"":5458,""max_hU"":0,""max_hV"":12}",29265920,29265920,0,29265920,29265920,0,"","",canonical
