engine,pair_id,u_leq_v,v_leq_u,eq,uv_us,vu_us,total_us,uv_stats,vu_stats,uv_working_set,uv_peak_working_set,uv_private_bytes,vu_working_set,vu_peak_working_set,vu_private_bytes,uv_error,vu_error,representation
hunt,0,0,0,0,1492,1418,2910,"{""RU"":1,""RV"":1929,""cells"":1929,""and_checks"":1364,""or_checks"":682,""max_hU"":0,""max_hV"":10}","{""RU"":1929,""RV"":1,""cells"":1929,""and_checks"":682,""or_checks"":1364,""max_hU"":10,""max_hV"":0}",29265920,29265920,0,29265920,29265920,0,"","",canonical
hunt,1,0,0,0,1439,1471,2910,"{""RU"":1939,""RV"":1,""cells"":1939,""and_checks"":1364,""or_checks"":682,""max_hU"":10,""max_hV"":0}","{""RU"":1,""RV"":1939,""cells"":1939,""and_checks"":682,""or_checks"":1364,""max_hU"":0,""max_hV"":10}",29265920,29265920,0,29265920,29265920,0,"","",canonical
hunt,2,0,0,0,1392,1438,2830,"{""RU"":1,""RV"":1940,""cells"":1940,""and_checks"":1364,""or_checks"":682,""max_hU"":0,""max_hV"":10}","{""RU"":1940,""RV"":1,""cells"":1940,""and_checks"":682,""or_checks"":1364,""max_hU"":10,""max_hV"":0}",29265920,29265920,0,29265920,29265920,0,"","",canonical
hunt,3,0,0,0,1484,1410,2894,"{""RU"":1932,""RV"":1,""cells"":1932,""and_checks"":1364,""or_checks"":682,""max_hU"":10,""max_hV"":0}","{""RU"":1,""RV"":1932,""cells"":1932,""and_checks"":682,""or_checks"":1364,""max_hU"":0,""max_hV"":10}",29265920,29265920,0,29265920,29265920,0,"","",canonical
hunt,4,0,0,0,1362,1485,2847,"{""RU"":1,""RV"":1932,""cells"":1932,""and_checks"":1364,""or_checks"":682,""max_hU"":0,""max_hV"":10}","{""RU"":1932,""RV"":1,""cells"":1932,""and_checks"":682,""or_checks"":1364,""max_hU"":10,""max_hV"":0}",29265920,29265920,0,29265920,29265920,0,"","",canonical
hunt,5,0,0,0,1482,1383,2865,"{""RU"":1935,""RV"":1,""cells"":1935,""and_checks"":1364,""or_checks"":682,""max_hU"":10,""max_hV"":0}","{""RU"":1,""RV"":1935,""cells"":1935,""and_checks"":682,""or_checks"":1364,""max_hU"":0,""max_hV"":10}",29265920,29265920,0,29265920,29265920,0,"","",canonical
hunt,6,0,0,0,1374,1537,2911,"{""RU"":1,""RV"":1925,""cells"":1925,""and_checks"":1364,""or_checks"":682,""max_hU"":0,""max_hV"":10}","{""RU"":1925,""RV"":1,""cells"":1925,""and_checks"":682,""or_checks"":1364,""max_hU"":10,""max_hV"":0}",29265920,29265920,0,29265920,29265920,0,"","",canonical
hunt,7,0,0,0,1426,1383,2809,"{""RU"":1931,""RV"":1,""cells"":1931,""and_checks"":1364,""or_checks"":682,""max_hU"":10,""max_hV"":0}","{""RU"":1,""RV"":1931,""cells"":1931,""and_checks"":682,""or_checks"":1364,""max_hU"":0,""max_hV"":10}",29265920,29265920,0,29265920,29265920,0,"","",canonical
hunt,8,0,0,0,1419,1464,2883,"{""RU"":1,""RV"":1918,""cells"":1918,""and_checks"":1364,""or_checks"":682,""max_hU"":0,""max_hV"":10}","{""RU"":1918,""RV"":1,""cells"":1918,""and_checks"":682,""or_checks"":1364,""max_hU"":10,""max_hV"":0}",29265920,29265920,0,29265920,29265920,0,"","",canonical
hunt,9,0,0,0,1401,1382,2783,"{""RU"":1930,""RV"":1,""cells"":1930,""and_checks"":1364,""or_checks"":682,""max_hU"":10,""max_hV"":0}","{""RU"":1,""RV"":1930,""cells"":1930,""and_checks"":682,""or_checks"":1364,""max_hU"":0,""max_hV"":10}",29265920,29265920,0,29265920,29265920,0,"","",canonical
hunt,10,0,0,0,1359,1418,2777,"{""RU"":1,""RV"":1920,""cells"":1920,""and_checks"":1364,""or_checks"":682,""max_hU"":0,""max_hV"":10}","{""RU"":1920,""RV"":1,""cells"":1920,""and_checks"":682,""or_checks"":1364,""max_hU"":10,""max_hV"":0}",29265920,29265920,0,29265920,29265920,0,"","",canonical
hunt,11,0,0,0,1405,1387,2792,"{""RU"":1936,""RV"":1,""cells"":1936,""and_checks"":1364,""or_checks"":682,""max_hU"":10,""max_hV"":0}","{""RU"":1,""RV"":1936,""cells"":1936,""and_checks"":682,""or_checks"":1364,""max_hU"":0,""max_hV"":10}",29265920,29265920,0,29265920,29265920,0,"","",canonical
hunt,12,0,0,0,1360,1421,2781,"{""RU"":1,""RV"":1931,""cells"":1931,""and_checks"":1364,""or_checks"":682,""max_hU"":0,""max_hV"":10}","{""RU"":1931,""RV"":1,""cells"":1931,""and_checks"":682,""or_checks"":1364,""max_hU"":10,""max_hV"":0}",29265920,29265920,0,29265920,29265920,0,"","",canonical
hunt,13,0,0,0,1407,1395,2802,"{""RU"":1943,""RV"":1,""cells"":1943,""and_checks"":1364,""or_checks"":682,""max_hU"":10,""max_hV"":0}","{""RU"":1,""RV"":1943,""cells"":1943,""and_checks"":682,""or_checks"":1364,""max_hU"":0,""max_hV"":10}",29265920,29265920,0,29265920,29265920,0,"","",canonical
hunt,14,0,0,0,1364,1432,2796,"{""RU"":1,""RV"":1936,""cells"":1936,""and_checks"":1364,""or_checks"":682,""max_hU"":0,""max_hV"":10}","{""RU"":1936,""RV"":1,""cells"":1936,""and_checks"":682,""or_checks"":1364,""max_hU"":10,""max_hV"":0}",29265920,29265920,0,29265920,29265920,0,"","",canonical
hunt,15,0,0,0,1406,1383,2789,"{""RU"":1928,""RV"":1,""cells"":1928,""and_checks"":1364,""or_checks"":682,""max_hU"":10,""max_hV"":0}","{""RU"":1,""RV"":1928,""cells"":1928,""and_checks"":682,""or_checks"":1364,""max_hU"":0,""max_hV"":10}",29265920,29265920,0,29265920,29265920,0,"","",canonical
