engine,pair_id,u_leq_v,v_leq_u,eq,uv_us,vu_us,total_us,uv_stats,vu_stats,uv_working_set,uv_peak_working_set,uv_private_bytes,vu_working_set,vu_peak_working_set,vu_private_bytes,uv_error,vu_error,representation
hunt,0,0,0,0,54,40,94,"{""RU"":1,""RV"":7,""cells"":7,""and_checks"":4,""or_checks"":2,""max_hU"":0,""max_hV"":2}","{""RU"":7,""RV"":1,""cells"":7,""and_checks"":2,""or_checks"":4,""max_hU"":2,""max_hV"":0}",29265920,29265920,0,29265920,29265920,0,"","",canonical
hunt,1,0,0,0,39,37,76,"{""RU"":7,""RV"":1,""cells"":7,""and_checks"":4,""or_checks"":2,""max_hU"":2,""max_hV"":0}","{""RU"":1,""RV"":7,""cells"":7,""and_checks"":2,""or_checks"":4,""max_hU"":0,""max_hV"":2}",29265920,29265920,0,29265920,29265920,0,"","",canonical
hunt,2,0,0,0,40,37,77,"{""RU"":1,""RV"":7,""cells"":7,""and_checks"":4,""or_checks"":2,""max_hU"":0,""max_hV"":2}","{""RU"":7,""RV"":1,""cells"":7,""and_checks"":2,""or_checks"":4,""max_hU"":2,""max_hV"":0}",29265920,29265920,0,29265920,29265920,0,"","",canonical
hunt,3,0,0,0,38,36,74,"{""RU"":7,""RV"":1,""cells"":7,""and_checks"":4,""or_checks"":2,""max_hU"":2,""max_hV"":0}","{""RU"":1,""RV"":7,""cells"":7,""and_checks"":2,""or_checks"":4,""max_hU"":0,""max_hV"":2}",29265920,29265920,0,29265920,29265920,0,"","",canonical
hunt,4,0,0,0,37,36,73,"{""RU"":1,""RV"":7,""cells"":7,""and_checks"":4,""or_checks"":2,""max_hU"":0,""max_hV"":2}","{""RU"":7,""RV"":1,""cells"":7,""and_checks"":2,""or_checks"":4,""max_hU"":2,""max_hV"":0}",29265920,29265920,0,29265920,29265920,0,"","",canonical
hunt,5,0,0,0,37,35,72,"{""RU"":7,""RV"":1,""cells"":7,""and_checks"":4,""or_checks"":2,""max_hU"":2,""max_hV"":0}","{""RU"":1,""RV"":7,""cells"":7,""and_checks"":2,""or_checks"":4,""max_hU"":0,""max_hV"":2}",29265920,29265920,0,29265920,29265920,0,"","",canonical
hunt,6,0,0,0,37,35,72,"{""RU"":1,""RV"":7,""cells"":7,""and_checks"":4,""or_checks"":2,""max_hU"":0,""max_hV"":2}","{""RU"":7,""RV"":1,""cells"":7,""and_checks"":2,""or_checks"":4,""max_hU"":2,""max_hV"":0}",29265920,29265920,0,29265920,29265920,0,"","",canonical
hunt,7,0,0,0,37,35,72,"{""RU"":7,""RV"":1,""cells"":7,""and_checks"":4,""or_checks"":2,""max_hU"":2,""max_hV"":0}","{""RU"":1,""RV"":7,""cells"":7,""and_checks"":2,""or_checks"":4,""max_hU"":0,""max_hV"":2}",29265920,29265920,0,29265920,29265920,0,"","",canonical
hunt,8,0,0,0,37,35,72,"{""RU"":1,""RV"":7,""cells"":7,""and_checks"":4,""or_checks"":2,""max_hU"":0,""max_hV"":2}","{""RU"":7,""RV"":1,""cells"":7,""and_checks"":2,""or_checks"":4,""max_hU"":2,""max_hV"":0}",29265920,29265920,0,29265920,29265920,0,"","",canonical
hunt,9,0,0,0,37,35,72,"{""RU"":7,""RV"":1,""cells"":7,""and_checks"":4,""or_checks"":2,""max_hU"":2,""max_hV"":0}","{""RU"":1,""RV"":7,""cells"":7,""and_checks"":2,""or_checks"":4,""max_hU"":0,""max_hV"":2}",29265920,29265920,0,29265920,29265920,0,"","",canonical
hunt,10,0,0,0,37,35,72,"{""RU"":1,""RV"":7,""cells"":7,""and_checks"":4,""or_checks"":2,""max_hU"":0,""max_hV"":2}","{""RU"":7,""RV"":1,""cells"":7,""and_checks"":2,""or_checks"":4,""max_hU"":2,""max_hV"":0}",29265920,29265920,0,29265920,29265920,0,"","",canonical
hunt,11,0,0,0,37,35,72,"{""RU"":7,""RV"":1,""cells"":7,""and_checks"":4,""or_checks"":2,""max_hU"":2,""max_hV"":0}","{""RU"":1,""RV"":7,""cells"":7,""and_checks"":2,""or_checks"":4,""max_hU"":0,""max_hV"":2}",29265920,29265920,0,29265920,29265920,0,"","",canonical
hunt,12,0,0,0,37,35,72,"{""RU"":1,""RV"":7,""cells"":7,""and_checks"":4,""or_checks"":2,""max_hU"":0,""max_hV"":2}","{""RU"":7,""RV"":1,""cells"":7,""and_checks"":2,""or_checks"":4,""max_hU"":2,""max_hV"":0}",29265920,29265920,0,29265920,29265920,0,"","",canonical
hunt,13,0,0,0,37,35,72,"{""RU"":7,""RV"":1,""cells"":7,""and_checks"":4,""or_checks"":2,""max_hU"":2,""max_hV"":0}","{""RU"":1,""RV"":7,""cells"":7,""and_checks"":2,""or_checks"":4,""max_hU"":0,""max_hV"":2}",29265920,29265920,0,29265920,29265920,0,"","",canonical
hunt,14,0,0,0,37,50,87,"{""RU"":1,""RV"":7,""cells"":7,""and_checks"":4,""or_checks"":2,""max_hU"":0,""max_hV"":2}","{""RU"":7,""RV"":1,""cells"":7,""and_checks"":2,""or_checks"":4,""max_hU"":2,""max_hV"":0}",29265920,29265920,0,29265920,29265920,0,"","",canonical
hunt,15,0,0,0,37,35,72,"{""RU"":7,""RV"":1,""cells"":7,""and_checks"":4,""or_checks"":2,""max_hU"":2,""max_hV"":0}","{""RU"":1,""RV"":7,""cells"":7,""and_checks"":2,""or_checks"":4,""max_hU"":0,""max_hV"":2}",29265920,29265920,0,29265920,29265920,0,"","",canonical
