engine,pair_id,u_leq_v,v_leq_u,eq,uv_us,vu_us,total_us,uv_stats,vu_stats,uv_working_set,uv_peak_working_set,uv_private_bytes,vu_working_set,vu_peak_working_set,vu_private_bytes,uv_error,vu_error,representation
hunt,0,0,0,0,5569,4360,9929,"{""RU"":1,""RV"":3689,""cells"":3689,""and_checks"":1364,""or_checks"":2730,""max_hU"":0,""max_hV"":11}","{""RU"":3689,""RV"":1,""cells"":3689,""and_checks"":2730,""or_checks"":1364,""max_hU"":11,""max_hV"":0}",29265920,29265920,0,29265920,29265920,0,"","",canonical
hunt,1,0,0,0,2965,2825,5790,"{""RU"":3666,""RV"":1,""cells"":3666,""and_checks"":1364,""or_checks"":2730,""max_hU"":11,""max_hV"":0}","{""RU"":1,""RV"":3666,""cells"":3666,""and_checks"":2730,""or_checks"":1364,""max_hU"":0,""max_hV"":11}",29265920,29265920,0,29265920,29265920,0,"","",canonical
hunt,2,0,0,0,2740,2793,5533,"{""RU"":1,""RV"":3645,""cells"":3645,""and_checks"":1364,""or_checks"":2728,""max_hU"":0,""max_hV"":11}","{""RU"":3645,""RV"":1,""cells"":3645,""and_checks"":2728,""or_checks"":1364,""max_hU"":11,""max_hV"":0}",29265920,29265920,0,29265920,29265920,0,"","",canonical
hunt,3,0,0,0,2843,2699,5542,"{""RU"":3684,""RV"":1,""cells"":3684,""and_checks"":1364,""or_checks"":2730,""max_hU"":11,""max_hV"":0}","{""RU"":1,""RV"":3684,""cells"":3684,""and_checks"":2730,""or_checks"":1364,""max_hU"":0,""max_hV"":11}",29265920,29265920,0,29265920,29265920,0,"","",canonical
hunt,4,0,0,0,2709,2766,5475,"{""RU"":1,""RV"":3659,""cells"":3659,""and_checks"":1364,""or_checks"":2730,""max_hU"":0,""max_hV"":11}","{""RU"":3659,""RV"":1,""cells"":3659,""and_checks"":2730,""or_checks"":1364,""max_hU"":11,""max_hV"":0}",29265920,29265920,0,29265920,29265920,0,"","",canonical
hunt,5,0,0,0,2809,2674,5483,"{""RU"":3664,""RV"":1,""cells"":3664,""and_checks"":1364,""or_checks"":2726,""max_hU"":11,""max_hV"":0}","{""RU"":1,""RV"":3664,""cells"":3664,""and_checks"":2726,""or_checks"":1364,""max_hU"":0,""max_hV"":11}",29265920,29265920,0,29265920,29265920,0,"","",canonical
hunt,6,0,0,0,2680,2718,5398,"{""RU"":1,""RV"":3649,""cells"":3649,""and_checks"":1364,""or_checks"":2724,""max_hU"":0,""max_hV"":11}","{""RU"":3649,""RV"":1,""cells"":3649,""and_checks"":2724,""or_checks"":1364,""max_hU"":11,""max_hV"":0}",29265920,29265920,0,29265920,29265920,0,"","",canonical
hunt,7,0,0,0,2749,2673,5422,"{""RU"":3659,""RV"":1,""cells"":3659,""and_checks"":1364,""or_checks"":2730,""max_hU"":11,""max_hV"":0}","{""RU"":1,""RV"":3659,""cells"":3659,""and_checks"":2730,""or_checks"":1364,""max_hU"":0,""max_hV"":11}",29265920,29265920,0,29265920,29265920,0,"","",canonical
hunt,8,0,0,0,2692,2733,5425,"{""RU"":1,""RV"":3673,""cells"":3673,""and_checks"":1364,""or_checks"":2730,""max_hU"":0,""max_hV"":11}","{""RU"":3673,""RV"":1,""cells"":3673,""and_checks"":2730,""or_checks"":1364,""max_hU"":11,""max_hV"":0}",29265920,29265920,0,29265920,29265920,0,"","",canonical
hunt,9,0,0,0,2765,2654,5419,"{""RU"":3656,""RV"":1,""cells"":3656,""and_checks"":1364,""or_checks"":2728,""max_hU"":11,""max_hV"":0}","{""RU"":1,""RV"":3656,""cells"":3656,""and_checks"":2728,""or_checks"":1364,""max_hU"":0,""max_hV"":11}",29265920,29265920,0,29265920,29265920,0,"","",canonical
hunt,10,0,0,0,2695,2742,5437,"{""RU"":1,""RV"":3676,""cells"":3676,""and_checks"":1364,""or_checks"":2728,""max_hU"":0,""max_hV"":11}","{""RU"":3676,""RV"":1,""cells"":3676,""and_checks"":2728,""or_checks"":1364,""max_hU"":11,""max_hV"":0}",29265920,29265920,0,29265920,29265920,0,"","",canonical
hunt,11,0,0,0,2759,2674,5433,"{""RU"":3677,""RV"":1,""cells"":3677,""and_checks"":1364,""or_checks"":2728,""max_hU"":11,""max_hV"":0}","{""RU"":1,""RV"":3677,""cells"":3677,""and_checks"":2728,""or_checks"":1364,""max_hU"":0,""max_hV"":11}",29265920,29265920,0,29265920,29265920,0,"","",canonical
hunt,12,0,0,0,2692,3355,6047,"{""RU"":1,""RV"":3681,""cells"":3681,""and_checks"":1364,""or_checks"":2730,""max_hU"":0,""max_hV"":11}","{""RU"":3681,""RV"":1,""cells"":3681,""and_checks"":2730,""or_checks"":1364,""max_hU"":11,""max_hV"":0}",29265920,29265920,0,29265920,29265920,0,"","",canonical
hunt,13,0,0,0,5760,4129,9889,"{""RU"":3645,""RV"":1,""cells"":3645,""and_checks"":1364,""or_checks"":2728,""max_hU"":11,""max_hV"":0}","{""RU"":1,""RV"":3645,""cells"":3645,""and_checks"":2728,""or_checks"":1364,""max_hU"":0,""max_hV"":11}",29265920,29265920,0,29265920,29265920,0,"","",canonical
hunt,14,0,0,0,2703,2810,5513,"{""RU"":1,""RV"":3662,""cells"":3662,""and_checks"":1364,""or_checks"":2730,""max_hU"":0,""max_hV"":11}","{""RU"":3662,""RV"":1,""cells"":3662,""and_checks"":2730,""or_checks"":1364,""max_hU"":11,""max_hV"":0}",29265920,29265920,0,29265920,29265920,0,"","",canonical
hunt,15,0,0,0,2767,2657,5424,"{""RU"":3672,""RV"":1,""cells"":3672,""and_checks"":1364,""or_checks"":2730,""max_hU"":11,""max_hV"":0}","{""RU"":1,""RV"":3672,""cells"":3672,""and_checks"":2730,""or_checks"":1364,""max_hU"":0,""max_hV"":11}",29265920,29265920,0,29265920,29265920,0,"","",canonical
