engine,pair_id,u_leq_v,v_leq_u,eq,uv_us,vu_us,total_us,uv_stats,vu_stats,uv_working_set,uv_peak_working_set,uv_private_bytes,vu_working_set,vu_peak_working_set,vu_private_bytes,uv_error,vu_error,representation
hunt,0,0,0,0,1519,2545,4064,"{""RU"":1,""RV"":984,""cells"":984,""and_checks"":340,""or_checks"":682,""max_hU"":0,""max_hV"":9}","{""RU"":984,""RV"":1,""cells"":984,""and_checks"":682,""or_checks"":340,""max_hU"":9,""max_hV"":0}",29265920,29265920,0,29265920,29265920,0,"","",canonical
hunt,1,0,0,0,1937,1895,3832,"{""RU"":979,""RV"":1,""cells"":979,""and_checks"":340,""or_checks"":682,""max_hU"":9,""max_hV"":0}","{""RU"":1,""RV"":979,""cells"":979,""and_checks"":682,""or_checks"":340,""max_hU"":0,""max_hV"":9}",29265920,29265920,0,29265920,29265920,0,"","",canonical
hunt,2,0,0,0,1238,1280,2518,"{""RU"":1,""RV"":988,""cells"":988,""and_checks"":340,""or_checks"":682,""max_hU"":0,""max_hV"":9}","{""RU"":988,""RV"":1,""cells"":988,""and_checks"":682,""or_checks"":340,""max_hU"":9,""max_hV"":0}",29265920,29265920,0,29265920,29265920,0,"","",canonical
hunt,3,0,0,0,1281,1255,2536,"{""RU"":996,""RV"":1,""cells"":996,""and_checks"":340,""or_checks"":682,""max_hU"":9,""max_hV"":0}","{""RU"":1,""RV"":996,""cells"":996,""and_checks"":682,""or_checks"":340,""max_hU"":0,""max_hV"":9}",29265920,29265920,0,29265920,29265920,0,"","",canonical
hunt,4,0,0,0,846,880,1726,"{""RU"":1,""RV"":986,""cells"":986,""and_checks"":340,""or_checks"":682,""max_hU"":0,""max_hV"":9}","{""RU"":986,""RV"":1,""cells"":986,""and_checks"":682,""or_checks"":340,""max_hU"":9,""max_hV"":0}",29265920,29265920,0,29265920,29265920,0,"","",canonical
hunt,5,0,0,0,870,853,1723,"{""RU"":990,""RV"":1,""cells"":990,""and_checks"":340,""or_checks"":682,""max_hU"":9,""max_hV"":0}","{""RU"":1,""RV"":990,""cells"":990,""and_checks"":682,""or_checks"":340,""max_hU"":0,""max_hV"":9}",29265920,29265920,0,29265920,29265920,0,"","",canonical
hunt,6,0,0,0,847,750,1597,"{""RU"":1,""RV"":994,""cells"":994,""and_checks"":340,""or_checks"":682,""max_hU"":0,""max_hV"":9}","{""RU"":994,""RV"":1,""cells"":994,""and_checks"":682,""or_checks"":340,""max_hU"":9,""max_hV"":0}",29265920,29265920,0,29265920,29265920,0,"","",canonical
hunt,7,0,0,0,723,704,1427,"{""RU"":998,""RV"":1,""cells"":998,""and_checks"":340,""or_checks"":682,""max_hU"":9,""max_hV"":0}","{""RU"":1,""RV"":998,""cells"":998,""and_checks"":682,""or_checks"":340,""max_hU"":0,""max_hV"":9}",29265920,29265920,0,29265920,29265920,0,"","",canonical
hunt,8,0,0,0,740,725,1465,"{""RU"":1,""RV"":992,""cells"":992,""and_checks"":340,""or_checks"":680,""max_hU"":0,""max_hV"":9}","{""RU"":992,""RV"":1,""cells"":992,""and_checks"":680,""or_checks"":340,""max_hU"":9,""max_hV"":0}",29265920,29265920,0,29265920,29265920,0,"","",canonical
hunt,9,0,0,0,787,744,1531,"{""RU"":997,""RV"":1,""cells"":997,""and_checks"":340,""or_checks"":682,""max_hU"":9,""max_hV"":0}","{""RU"":1,""RV"":997,""cells"":997,""and_checks"":682,""or_checks"":340,""max_hU"":0,""max_hV"":9}",29265920,29265920,0,29265920,29265920,0,"","",canonical
hunt,10,0,0,0,702,2645,3347,"{""RU"":1,""RV"":986,""cells"":986,""and_checks"":340,""or_checks"":682,""max_hU"":0,""max_hV"":9}","{""RU"":986,""RV"":1,""cells"":986,""and_checks"":682,""or_checks"":340,""max_hU"":9,""max_hV"":0}",29265920,29265920,0,29265920,29265920,0,"","",canonical
hunt,11,0,0,0,2775,2711,5486,"{""RU"":985,""RV"":1,""cells"":985,""and_checks"":340,""or_checks"":682,""max_hU"":9,""max_hV"":0}","{""RU"":1,""RV"":985,""cells"":985,""and_checks"":682,""or_checks"":340,""max_hU"":0,""max_hV"":9}",29265920,29265920,0,29265920,29265920,0,"","",canonical
hunt,12,0,0,0,1693,1754,3447,"{""RU"":1,""RV"":988,""cells"":988,""and_checks"":340,""or_checks"":682,""max_hU"":0,""max_hV"":9}","{""RU"":988,""RV"":1,""cells"":988,""and_checks"":682,""or_checks"":340,""max_hU"":9,""max_hV"":0}",29265920,29265920,0,29265920,29265920,0,"","",canonical
hunt,13,0,0,0,1251,1116,2367,"{""RU"":987,""RV"":1,""cells"":987,""and_checks"":340,""or_checks"":682,""max_hU"":9,""max_hV"":0}","{""RU"":1,""RV"":987,""cells"":987,""and_checks"":682,""or_checks"":340,""max_hU"":0,""max_hV"":9}",29265920,29265920,0,29265920,29265920,0,"","",canonical
hunt,14,0,0,0,1112,1168,2280,"{""RU"":1,""RV"":996,""cells"":996,""and_checks"":340,""or_checks"":682,""max_hU"":0,""max_hV"":9}","{""RU"":996,""RV"":1,""cells"":996,""and_checks"":682,""or_checks"":340,""max_hU"":9,""max_hV"":0}",29265920,29265920,0,29265920,29265920,0,"","",canonical
hunt,15,0,0,0,875,753,1628,"{""RU"":995,""RV"":1,""cells"":995,""and_checks"":340,""or_checks"":682,""max_hU"":9,""max_hV"":0}","{""RU"":1,""RV"":995,""cells"":995,""and_checks"":682,""or_checks"":340,""max_hU"":0,""max_hV"":9}",29265920,29265920,0,29265920,29265920,0,"","",canonical
