engine,pair_id,u_leq_v,v_leq_u,eq,uv_us,vu_us,total_us,uv_stats,vu_stats,uv_working_set,uv_peak_working_set,uv_private_bytes,vu_working_set,vu_peak_working_set,vu_private_bytes,uv_error,vu_error,representation
hunt,0,0,0,0,14,9,23,"{""RU"":1,""RV"":3,""cells"":3,""and_checks"":0,""or_checks"":2,""max_hU"":0,""max_hV"":1}","{""RU"":3,""RV"":1,""cells"":3,""and_checks"":2,""or_checks"":0,""max_hU"":1,""max_hV"":0}",29265920,29265920,0,29265920,29265920,0,"","",canonical
hunt,1,0,0,0,9,8,17,"{""RU"":3,""RV"":1,""cells"":3,""and_checks"":0,""or_checks"":2,""max_hU"":1,""max_hV"":0}","{""RU"":1,""RV"":3,""cells"":3,""and_checks"":2,""or_checks"":0,""max_hU"":0,""max_hV"":1}",29265920,29265920,0,29265920,29265920,0,"","",canonical
hunt,2,0,0,0,10,8,18,"{""RU"":1,""RV"":3,""cells"":3,""and_checks"":0,""or_checks"":2,""max_hU"":0,""max_hV"":1}","{""RU"":3,""RV"":1,""cells"":3,""and_checks"":2,""or_checks"":0,""max_hU"":1,""max_hV"":0}",29265920,29265920,0,29265920,29265920,0,"","",canonical
hunt,3,0,0,0,9,8,17,"{""RU"":3,""RV"":1,""cells"":3,""and_checks"":0,""or_checks"":2,""max_hU"":1,""max_hV"":0}","{""RU"":1,""RV"":3,""cells"":3,""and_checks"":2,""or_checks"":0,""max_hU"":0,""max_hV"":1}",29265920,29265920,0,29265920,29265920,0,"","",canonical
hunt,4,0,0,0,9,8,17,"{""RU"":1,""RV"":3,""cells"":3,""and_checks"":0,""or_checks"":2,""max_hU"":0,""max_hV"":1}","{""RU"":3,""RV"":1,""cells"":3,""and_checks"":2,""or_checks"":0,""max_hU"":1,""max_hV"":0}",29265920,29265920,0,29265920,29265920,0,"","",canonical
hunt,5,0,0,0,9,8,17,"{""RU"":3,""RV"":1,""cells"":3,""and_checks"":0,""or_checks"":2,""max_hU"":1,""max_hV"":0}","{""RU"":1,""RV"":3,""cells"":3,""and_checks"":2,""or_checks"":0,""max_hU"":0,""max_hV"":1}",29265920,29265920,0,29265920,29265920,0,"","",canonical
hunt,6,0,0,0,8,8,16,"{""RU"":1,""RV"":3,""cells"":3,""and_checks"":0,""or_checks"":2,""max_hU"":0,""max_hV"":1}","{""RU"":3,""RV"":1,""cells"":3,""and_checks"":2,""or_checks"":0,""max_hU"":1,""max_hV"":0}",29265920,29265920,0,29265920,29265920,0,"","",canonical
hunt,7,0,0,0,9,8,17,"{""RU"":3,""RV"":1,""cells"":3,""and_checks"":0,""or_checks"":2,""max_hU"":1,""max_hV"":0}","{""RU"":1,""RV"":3,""cells"":3,""and_checks"":2,""or_checks"":0,""max_hU"":0,""max_hV"":1}",29265920,29265920,0,29265920,29265920,0,"","",canonical
hunt,8,0,0,0,8,8,16,"{""RU"":1,""RV"":3,""cells"":3,""and_checks"":0,""or_checks"":2,""max_hU"":0,""max_hV"":1}","{""RU"":3,""RV"":1,""cells"":3,""and_checks"":2,""or_checks"":0,""max_hU"":1,""max_hV"":0}",29265920,29265920,0,29265920,29265920,0,"","",canonical
hunt,9,0,0,0,9,8,17,"{""RU"":3,""RV"":1,""cells"":3,""and_checks"":0,""or_checks"":2,""max_hU"":1,""max_hV"":0}","{""RU"":1,""RV"":3,""cells"":3,""and_checks"":2,""or_checks"":0,""max_hU"":0,""max_hV"":1}",29265920,29265920,0,29265920,29265920,0,"","",canonical
hunt,10,0,0,0,8,8,16,"{""RU"":1,""RV"":3,""cells"":3,""and_checks"":0,""or_checks"":2,""max_hU"":0,""max_hV"":1}","{""RU"":3,""RV"":1,""cells"":3,""and_checks"":2,""or_checks"":0,""max_hU"":1,""max_hV"":0}",29265920,29265920,0,29265920,29265920,0,"","",canonical
hunt,11,0,0,0,8,8,16,"{""RU"":3,""RV"":1,""cells"":3,""and_checks"":0,""or_checks"":2,""max_hU"":1,""max_hV"":0}","{""RU"":1,""RV"":3,""cells"":3,""and_checks"":2,""or_checks"":0,""max_hU"":0,""max_hV"":1}",29265920,29265920,0,29265920,29265920,0,"","",canonical
hunt,12,0,0,0,8,8,16,"{""RU"":1,""RV"":3,""cells"":3,""and_checks"":0,""or_checks"":2,""max_hU"":0,""max_hV"":1}","{""RU"":3,""RV"":1,""cells"":3,""and_checks"":2,""or_checks"":0,""max_hU"":1,""max_hV"":0}",29265920,29265920,0,29265920,29265920,0,"","",canonical
hunt,13,0,0,0,8,8,16,"{""RU"":3,""RV"":1,""cells"":3,""and_checks"":0,""or_checks"":2,""max_hU"":1,""max_hV"":0}","{""RU"":1,""RV"":3,""cells"":3,""and_checks"":2,""or_checks"":0,""max_hU"":0,""max_hV"":1}",29265920,29265920,0,29265920,29265920,0,"","",canonical
hunt,14,0,0,0,8,8,16,"{""RU"":1,""RV"":3,""cells"":3,""and_checks"":0,""or_checks"":2,""max_hU"":0,""max_hV"":1}","{""RU"":3,""RV"":1,""cells"":3,""and_checks"":2,""or_checks"":0,""max_hU"":1,""max_hV"":0}",29265920,29265920,0,29265920,29265920,0,"","",canonical
hunt,15,0,0,0,9,8,17,"{""RU"":3,""RV"":1,""cells"":3,""and_checks"":0,""or_checks"":2,""max_hU"":1,""max_hV"":0}","{""RU"":1,""RV"":3,""cells"":3,""and_checks"":2,""or_checks"":0,""max_hU"":0,""max_hV"":1}",29265920,29265920,0,29265920,29265920,0,"","",canonical
