engine,pair_id,u_leq_v,v_leq_u,eq,uv_us,vu_us,total_us,uv_stats,vu_stats,uv_working_set,uv_peak_working_set,uv_private_bytes,vu_working_set,vu_peak_working_set,vu_private_bytes,uv_error,vu_error,representation
hunt,0,0,0,0,71,61,132,"{""RU"":1,""RV"":31,""cells"":31,""and_checks"":20,""or_checks"":10,""max_hU"":0,""max_hV"":4}","{""RU"":31,""RV"":1,""cells"":31,""and_checks"":10,""or_checks"":20,""max_hU"":4,""max_hV"":0}",29265920,29265920,0,29265920,29265920,0,"","",canonical
hunt,1,0,0,0,65,59,124,"{""RU"":31,""RV"":1,""cells"":31,""and_checks"":20,""or_checks"":10,""max_hU"":4,""max_hV"":0}","{""RU"":1,""RV"":31,""cells"":31,""and_checks"":10,""or_checks"":20,""max_hU"":0,""max_hV"":4}",29265920,29265920,0,29265920,29265920,0,"","",canonical
hunt,2,0,0,0,61,59,120,"{""RU"":1,""RV"":31,""cells"":31,""and_checks"":20,""or_checks"":10,""max_hU"":0,""max_hV"":4}","{""RU"":31,""RV"":1,""cells"":31,""and_checks"":10,""or_checks"":20,""max_hU"":4,""max_hV"":0}",29265920,29265920,0,29265920,29265920,0,"","",canonical
hunt,3,0,0,0,61,57,118,"{""RU"":31,""RV"":1,""cells"":31,""and_checks"":20,""or_checks"":10,""max_hU"":4,""max_hV"":0}","{""RU"":1,""RV"":31,""cells"":31,""and_checks"":10,""or_checks"":20,""max_hU"":0,""max_hV"":4}",29265920,29265920,0,29265920,29265920,0,"","",canonical
hunt,4,0,0,0,68,58,126,"{""RU"":1,""RV"":30,""cells"":30,""and_checks"":20,""or_checks"":10,""max_hU"":0,""max_hV"":4}","{""RU"":30,""RV"":1,""cells"":30,""and_checks"":10,""or_checks"":20,""max_hU"":4,""max_hV"":0}",29265920,29265920,0,29265920,29265920,0,"","",canonical
hunt,5,0,0,0,61,58,119,"{""RU"":31,""RV"":1,""cells"":31,""and_checks"":20,""or_checks"":10,""max_hU"":4,""max_hV"":0}","{""RU"":1,""RV"":31,""cells"":31,""and_checks"":10,""or_checks"":20,""max_hU"":0,""max_hV"":4}",29265920,29265920,0,29265920,29265920,0,"","",canonical
hunt,6,0,0,0,60,59,119,"{""RU"":1,""RV"":31,""cells"":31,""and_checks"":20,""or_checks"":10,""max_hU"":0,""max_hV"":4}","{""RU"":31,""RV"":1,""cells"":31,""and_checks"":10,""or_checks"":20,""max_hU"":4,""max_hV"":0}",29265920,29265920,0,29265920,29265920,0,"","",canonical
hunt,7,0,0,0,61,57,118,"{""RU"":31,""RV"":1,""cells"":31,""and_checks"":20,""or_checks"":10,""max_hU"":4,""max_hV"":0}","{""RU"":1,""RV"":31,""cells"":31,""and_checks"":10,""or_checks"":20,""max_hU"":0,""max_hV"":4}",29265920,29265920,0,29265920,29265920,0,"","",canonical
hunt,8,0,0,0,60,59,119,"{""RU"":1,""RV"":31,""cells"":31,""and_checks"":20,""or_checks"":10,""max_hU"":0,""max_hV"":4}","{""RU"":31,""RV"":1,""cells"":31,""and_checks"":10,""or_checks"":20,""max_hU"":4,""max_hV"":0}",29265920,29265920,0,29265920,29265920,0,"","",canonical
hunt,9,0,0,0,61,57,118,"{""RU"":30,""RV"":1,""cells"":30,""and_checks"":20,""or_checks"":10,""max_hU"":4,""max_hV"":0}","{""RU"":1,""RV"":30,""cells"":30,""and_checks"":10,""or_checks"":20,""max_hU"":0,""max_hV"":4}",29265920,29265920,0,29265920,29265920,0,"","",canonical
hunt,10,0,0,0,60,58,118,"{""RU"":1,""RV"":31,""cells"":31,""and_checks"":20,""or_checks"":10,""max_hU"":0,""max_hV"":4}","{""RU"":31,""RV"":1,""cells"":31,""and_checks"":10,""or_checks"":20,""max_hU"":4,""max_hV"":0}",29265920,29265920,0,29265920,29265920,0,"","",canonical
hunt,11,0,0,0,61,57,118,"{""RU"":31,""RV"":1,""cells"":31,""and_checks"":20,""or_checks"":10,""max_hU"":4,""max_hV"":0}","{""RU"":1,""RV"":31,""cells"":31,""and_checks"":10,""or_checks"":20,""max_hU"":0,""max_hV"":4}",29265920,29265920,0,29265920,29265920,0,"","",canonical
hunt,12,0,0,0,60,59,119,"{""RU"":1,""RV"":31,""cells"":31,""and_checks"":20,""or_checks"":10,""max_hU"":0,""max_hV"":4}","{""RU"":31,""RV"":1,""cells"":31,""and_checks"":10,""or_checks"":20,""max_hU"":4,""max_hV"":0}",29265920,29265920,0,29265920,29265920,0,"","",canonical
hunt,13,0,0,0,61,57,118,"{""RU"":31,""RV"":1,""cells"":31,""and_checks"":20,""or_checks"":10,""max_hU"":4,""max_hV"":0}","{""RU"":1,""RV"":31,""cells"":31,""and_checks"":10,""or_checks"":20,""max_hU"":0,""max_hV"":4}",29265920,29265920,0,29265920,29265920,0,"","",canonical
hunt,14,0,0,0,60,59,119,"{""RU"":1,""RV"":31,""cells"":31,""and_checks"":20,""or_checks"":10,""max_hU"":0,""max_hV"":4}","{""RU"":31,""RV"":1,""cells"":31,""and_checks"":10,""or_checks"":20,""max_hU"":4,""max_hV"":0}",29265920,29265920,0,29265920,29265920,0,"","",canonical
hunt,15,0,0,0,61,57,118,"{""RU"":31,""RV"":1,""cells"":31,""and_checks"":20,""or_checks"":10,""max_hU"":4,""max_hV"":0}","{""RU"":1,""RV"":31,""cells"":31,""and_checks"":10,""or_checks"":20,""max_hU"":0,""max_hV"":4}",29265920,29265920,0,29265920,29265920,0,"","",canonical
