experiment,shape,budget,engine,median_pairDepth,p25_us,median_us,p75_us,mean_us,n_pairs,median_alt_index,median_share,csv_path,json_path
E_bestcase,bestcase,1,cosma,1.0,65.0,65.0,66.0,66.312,16,0.0,1.0,cosma_B1.csv,pairs_B1.jsonl
E_bestcase,bestcase,2,cosma,2.0,130.0,130.0,131.0,120.812,16,0.5,1.0,cosma_B2.csv,pairs_B2.jsonl
E_bestcase,bestcase,3,cosma,3.0,256.0,257.0,258.0,260.75,16,0.5,1.0,cosma_B3.csv,pairs_B3.jsonl
E_bestcase,bestcase,4,cosma,4.0,514.0,515.0,521.0,521.75,16,0.5,1.0,cosma_B4.csv,pairs_B4.jsonl
E_bestcase,bestcase,5,cosma,5.0,517.0,519.0,534.0,531.5,16,0.5,1.0,cosma_B5.csv,pairs_B5.jsonl
E_bestcase,bestcase,6,cosma,6.0,1284.0,1304.0,2017.0,1614.562,16,0.5,0.996063,cosma_B6.csv,pairs_B6.jsonl
E_bestcase,bestcase,7,cosma,7.0,1275.0,1347.0,1847.0,1763.75,16,0.5,0.994118,cosma_B7.csv,pairs_B7.jsonl
E_bestcase,bestcase,8,cosma,8.0,3058.0,3514.0,4893.0,5067.812,16,0.5,0.993151,cosma_B8.csv,pairs_B8.jsonl
E_bestcase,bestcase,9,cosma,9.0,8362.0,8987.0,9136.0,9757.938,16,0.5,0.982893,cosma_B9.csv,pairs_B9.jsonl
E_bestcase,bestcase,10,cosma,10.0,27434.0,28421.0,30107.0,30559.75,16,0.5,0.971666,cosma_B10.csv,pairs_B10.jsonl
E_bestcase,bestcase,11,cosma,11.0,85461.0,92312.0,94463.0,94211.5,16,0.5,0.947619,cosma_B11.csv,pairs_B11.jsonl
E_bestcase,bestcase,12,cosma,12.0,374354.0,375138.0,405909.0,391572.438,16,0.5,0.908131,cosma_B12.csv,pairs_B12.jsonl
E_bestcase,bestcase,13,cosma,13.0,1600877.0,1606922.0,1971682.0,1783325.375,16,0.5,0.907923,cosma_B13.csv,pairs_B13.jsonl
E_bestcase,bestcase,14,cosma,14.0,7575701.0,7598458.0,9497538.0,8602061.375,16,0.5,0.90788,cosma_B14.csv,pairs_B14.jsonl
E_bestcase,bestcase,15,cosma,15.0,29661260.0,29719906.0,41193164.0,35724395.688,16,0.5,0.907881,cosma_B15.csv,pairs_B15.jsonl
E_bestcase,bestcase,16,cosma,16.0,130122216.0,130446706.0,182729632.0,157094949.938,16,0.5,0.907951,cosma_B16.csv,pairs_B16.jsonl
E_bestcase,bestcase,1,freese,1.0,1.0,1.0,1.0,1.062,16,0.0,1.0,freese_B1.csv,pairs_B1.jsonl
E_bestcase,bestcase,2,freese,2.0,6.0,6.0,7.0,6.625,16,0.5,1.0,freese_B2.csv,pairs_B2.jsonl
E_bestcase,bestcase,3,freese,3.0,9.0,10.0,10.0,9.562,16,0.5,1.0,freese_B3.csv,pairs_B3.jsonl
E_bestcase,bestcase,4,freese,4.0,13.0,15.0,16.0,14.5,16,0.5,1.0,freese_B4.csv,pairs_B4.jsonl
E_bestcase,bestcase,5,freese,5.0,20.0,24.0,26.0,23.25,16,0.5,1.0,freese_B5.csv,pairs_B5.jsonl
E_bestcase,bestcase,6,freese,6.0,30.0,31.0,35.0,31.938,16,0.5,0.996063,freese_B6.csv,pairs_B6.jsonl
E_bestcase,bestcase,7,freese,7.0,28.0,37.0,44.0,40.438,16,0.5,0.994118,freese_B7.csv,pairs_B7.jsonl
E_bestcase,bestcase,8,freese,8.0,37.0,38.0,56.0,47.75,16,0.5,0.993151,freese_B8.csv,pairs_B8.jsonl
E_bestcase,bestcase,9,freese,9.0,27.0,40.0,62.0,56.125,16,0.5,0.982893,freese_B9.csv,pairs_B9.jsonl
E_bestcase,bestcase,10,freese,10.0,36.0,42.0,47.0,52.562,16,0.5,0.971666,freese_B10.csv,pairs_B10.jsonl
E_bestcase,bestcase,11,freese,11.0,44.0,48.0,69.0,57.062,16,0.5,0.947619,freese_B11.csv,pairs_B11.jsonl
E_bestcase,bestcase,12,freese,12.0,70.0,89.0,92.0,91.375,16,0.5,0.908131,freese_B12.csv,pairs_B12.jsonl
E_bestcase,bestcase,13,freese,13.0,92.0,98.0,141.0,117.312,16,0.5,0.907923,freese_B13.csv,pairs_B13.jsonl
E_bestcase,bestcase,14,freese,14.0,143.0,148.0,186.0,165.125,16,0.5,0.90788,freese_B14.csv,pairs_B14.jsonl
E_bestcase,bestcase,15,freese,15.0,187.0,195.0,294.0,241.25,16,0.5,0.907881,freese_B15.csv,pairs_B15.jsonl
E_bestcase,bestcase,16,freese,16.0,315.0,335.0,407.0,366.0,16,0.5,0.907951,freese_B16.csv,pairs_B16.jsonl
E_bestcase,bestcase,1,hunt,1.0,16.0,17.0,17.0,17.0,16,0.0,1.0,hunt_B1.csv,pairs_B1.jsonl
E_bestcase,bestcase,2,hunt,2.0,72.0,72.0,74.0,75.062,16,0.5,1.0,hunt_B2.csv,pairs_B2.jsonl
E_bestcase,bestcase,3,hunt,3.0,121.0,121.0,123.0,123.375,16,0.5,1.0,hunt_B3.csv,pairs_B3.jsonl
E_bestcase,bestcase,4,hunt,4.0,118.0,119.0,119.0,120.188,16,0.5,1.0,hunt_B4.csv,pairs_B4.jsonl
E_bestcase,bestcase,5,hunt,5.0,397.0,398.0,399.0,400.875,16,0.5,1.0,hunt_B5.csv,pairs_B5.jsonl
E_bestcase,bestcase,6,hunt,6.0,310.0,311.0,313.0,312.25,16,0.5,0.996063,hunt_B6.csv,pairs_B6.jsonl
E_bestcase,bestcase,7,hunt,7.0,616.0,672.0,915.0,872.812,16,0.5,0.994118,hunt_B7.csv,pairs_B7.jsonl
E_bestcase,bestcase,8,hunt,8.0,731.0,734.0,766.0,749.438,16,0.5,0.993151,hunt_B8.csv,pairs_B8.jsonl
E_bestcase,bestcase,9,hunt,9.0,1597.0,2280.0,3347.0,2560.875,16,0.5,0.982893,hunt_B9.csv,pairs_B9.jsonl
E_bestcase,bestcase,10,hunt,10.0,2789.0,2809.0,2883.0,2836.188,16,0.5,0.971666,hunt_B10.csv,pairs_B10.jsonl
E_bestcase,bestcase,11,hunt,11.0,5424.0,5475.0,5542.0,6072.438,16,0.5,0.947619,hunt_B11.csv,pairs_B11.jsonl
E_bestcase,bestcase,12,hunt,12.0,10474.0,10495.0,10551.0,10653.875,16,0.5,0.908131,hunt_B12.csv,pairs_B12.jsonl
E_bestcase,bestcase,13,hunt,13.0,21150.0,21210.0,21243.0,21283.875,16,0.5,0.907923,hunt_B13.csv,pairs_B13.jsonl
E_bestcase,bestcase,14,hunt,14.0,42608.0,42655.0,42694.0,42753.375,16,0.5,0.90788,hunt_B14.csv,pairs_B14.jsonl
E_bestcase,bestcase,15,hunt,15.0,86176.0,86322.0,86386.0,86449.75,16,0.5,0.907881,hunt_B15.csv,pairs_B15.jsonl
E_bestcase,bestcase,16,hunt,16.0,183908.0,184196.0,185106.0,184617.188,16,0.5,0.907951,hunt_B16.csv,pairs_B16.jsonl
E_bestcase,bestcase,1,whitman,1.0,0.0,0.0,0.0,0.0,16,0.0,1.0,whitman_B1.csv,pairs_B1.jsonl
E_bestcase,bestcase,2,whitman,2.0,0.0,0.0,0.0,0.062,16,0.5,1.0,whitman_B2.csv,pairs_B2.jsonl
E_bestcase,bestcase,3,whitman,3.0,0.0,0.0,0.0,0.062,16,0.5,1.0,whitman_B3.csv,pairs_B3.jsonl
E_bestcase,bestcase,4,whitman,4.0,0.0,0.0,0.0,0.062,16,0.5,1.0,whitman_B4.csv,pairs_B4.jsonl
E_bestcase,bestcase,5,whitman,5.0,0.0,0.0,0.0,0.0,16,0.5,1.0,whitman_B5.csv,pairs_B5.jsonl
E_bestcase,bestcase,6,whitman,6.0,0.0,0.0,0.0,0.062,16,0.5,0.996063,whitman_B6.csv,pairs_B6.jsonl
E_bestcase,bestcase,7,whitman,7.0,0.0,0.0,0.0,0.062,16,0.5,0.994118,whitman_B7.csv,pairs_B7.jsonl
E_bestcase,bestcase,8,whitman,8.0,0.0,0.0,0.0,0.0,16,0.5,0.993151,whitman_B8.csv,pairs_B8.jsonl
E_bestcase,bestcase,9,whitman,9.0,0.0,0.0,0.0,0.0,16,0.5,0.982893,whitman_B9.csv,pairs_B9.jsonl
E_bestcase,bestcase,10,whitman,10.0,0.0,0.0,0.0,0.0,16,0.5,0.971666,whitman_B10.csv,pairs_B10.jsonl
E_bestcase,bestcase,11,whitman,11.0,0.0,0.0,0.0,0.0,16,0.5,0.947619,whitman_B11.csv,pairs_B11.jsonl
E_bestcase,bestcase,12,whitman,12.0,0.0,0.0,0.0,0.062,16,0.5,0.908131,whitman_B12.csv,pairs_B12.jsonl
E_bestcase,bestcase,13,whitman,13.0,0.0,0.0,0.0,0.0,16,0.5,0.907923,whitman_B13.csv,pairs_B13.jsonl
E_bestcase,bestcase,14,whitman,14.0,0.0,0.0,0.0,0.0,16,0.5,0.90788,whitman_B14.csv,pairs_B14.jsonl
E_bestcase,bestcase,15,whitman,15.0,0.0,0.0,0.0,0.0,16,0.5,0.907881,whitman_B15.csv,pairs_B15.jsonl
E_bestcase,bestcase,16,whitman,16.0,0.0,0.0,0.0,0.0,16,0.5,0.907951,whitman_B16.csv,pairs_B16.jsonl
