id,representation,shape,budgets,samples_requested,samples_used,vars,base_seed,seed_mode,seed_overrides,seed_plan,sample_plan,ensure_unique_leaves,output_dir,summary_csv,meta_csv,stats_csv,stats_agg_csv
C1_altfull,canonical,altfull,"1,2,3,4,5,6,7,8,9,10,11,12,13,14,15,16",32,32,4096,4294977296,auto,,1:4294987297;2:4294987298;3:4294987299;4:4294987300;5:4294987301;6:4294987302;7:4294987303;8:4294987304;9:4294987305;10:4294987306;11:4294987307;12:4294987308;13:4294987309;14:4294987310;15:4294987311;16:4294987312,1:32;2:32;3:32;4:32;5:32;6:32;7:32;8:32;9:32;10:32;11:32;12:2;13:2;14:2;15:2;16:2,True,results/run_166958/canonical/C1_altfull,summary.csv,meta_pairs.csv,solver_stats.csv,solver_stats_agg.csv
E_bestcase,canonical,bestcase,"1,2,3,4,5,6,7,8,9,10,11,12,13,14,15,16",16,16,4096,6000000000,auto,,1:6000020001;2:6000020002;3:6000020003;4:6000020004;5:6000020005;6:6000020006;7:6000020007;8:6000020008;9:6000020009;10:6000020010;11:6000020011;12:6000020012;13:6000020013;14:6000020014;15:6000020015;16:6000020016,1:16;2:16;3:16;4:16;5:16;6:16;7:16;8:16;9:16;10:16;11:16;12:16;13:16;14:16;15:16;16:16,True,results/run_166958/canonical/E_bestcase,summary.csv,meta_pairs.csv,solver_stats.csv,solver_stats_agg.csv
E_worstcase,canonical,worstcase,"1,2,3,4,5,6,7,8,9,10,11,12,13,14,15,16",16,16,128,6000100000,auto,,1:6000130001;2:6000130002;3:6000130003;4:6000130004;5:6000130005;6:6000130006;7:6000130007;8:6000130008;9:6000130009;10:6000130010;11:6000130011;12:6000130012;13:6000130013;14:6000130014;15:6000130015;16:6000130016,1:16;2:16;3:16;4:16;5:16;6:16;7:16;8:16;9:16;10:16;11:16;12:2;13:2;14:2;15:2;16:2,False,results/run_166958/canonical/E_worstcase,summary.csv,meta_pairs.csv,solver_stats.csv,solver_stats_agg.csv
C2_altfixed,canonical,alternating,"50,100,200,400,800",32,2,2048,4294987296,auto,,50:4295027346;100:4295027396;200:4295027496;400:4295027696;800:4295028096,50:2;100:2;200:2;400:2;800:2,False,results/run_166958/canonical/C2_altfixed,summary.csv,meta_pairs.csv,solver_stats.csv,solver_stats_agg.csv
C3_altpolarity,canonical,alternating,"50,100,200,400,800",32,2,2048,4294997296,auto,,50:4295047346;100:4295047396;200:4295047496;400:4295047696;800:4295048096,50:2;100:2;200:2;400:2;800:2,False,results/run_166958/canonical/C3_altpolarity,summary.csv,meta_pairs.csv,solver_stats.csv,solver_stats_agg.csv
C4_share_low,canonical,balanced,"200,400,600,800,1000",32,2,64,,override,200:8000;400:8300;600:8350;800:8400;1000:8450,200:8000;400:8300;600:8350;800:8400;1000:8450,200:2;400:2;600:2;800:2;1000:2,False,results/run_166958/canonical/C4_share_low,summary.csv,meta_pairs.csv,solver_stats.csv,solver_stats_agg.csv
C4_share_medium,canonical,balanced,"200,400,600,800,1000",32,2,256,,override,200:8900;400:9001;600:9051;800:9101;1000:9151,200:8900;400:9001;600:9051;800:9101;1000:9151,200:2;400:2;600:2;800:2;1000:2,False,results/run_166958/canonical/C4_share_medium,summary.csv,meta_pairs.csv,solver_stats.csv,solver_stats_agg.csv
C4_share_high,canonical,balanced,"200,400,600,800,1000",32,2,4096,,override,200:7019;400:8700;600:8750;800:8800;1000:8850,200:7019;400:8700;600:8750;800:8800;1000:8850,200:2;400:2;600:2;800:2;1000:2,False,results/run_166958/canonical/C4_share_high,summary.csv,meta_pairs.csv,solver_stats.csv,solver_stats_agg.csv
C5_spines,canonical,leftspine,"20,40,60",32,2,1024,4295017296,auto,,20:4295107316;40:4295107336;60:4295107356,20:2;40:2;60:2,False,results/run_166958/canonical/C5_spines,summary.csv,meta_pairs.csv,solver_stats.csv,solver_stats_agg.csv
C5_spines_r,canonical,rightspine,"20,40,60",32,2,1024,4295027296,auto,,20:4295127316;40:4295127336;60:4295127356,20:2;40:2;60:2,False,results/run_166958/canonical/C5_spines_r,summary.csv,meta_pairs.csv,solver_stats.csv,solver_stats_agg.csv
C6_k2,canonical,alternating,"40,80,160,320",32,2,4096,4295037296,auto,,40:4295147336;80:4295147376;160:4295147456;320:4295147616,40:2;80:2;160:2;320:2,False,results/run_166958/canonical/C6_k2,summary.csv,meta_pairs.csv,solver_stats.csv,solver_stats_agg.csv
C6_k3,canonical,alternating,"27,81,243,729",32,2,4096,4295047296,auto,,27:4295167323;81:4295167377;243:4295167539;729:4295168025,27:2;81:2;243:2;729:2,False,results/run_166958/canonical/C6_k3,summary.csv,meta_pairs.csv,solver_stats.csv,solver_stats_agg.csv
C6_k4,canonical,alternating,"32,128,256,512",32,2,4096,4295057296,auto,,32:4295187328;128:4295187424;256:4295187552;512:4295187808,32:2;128:2;256:2;512:2,False,results/run_166958/canonical/C6_k4,summary.csv,meta_pairs.csv,solver_stats.csv,solver_stats_agg.csv
C6_k6,canonical,alternating,"36,216,432,648",32,2,4096,4295067296,auto,,36:4295207332;216:4295207512;432:4295207728;648:4295207944,36:2;216:2;432:2;648:2,False,results/run_166958/canonical/C6_k6,summary.csv,meta_pairs.csv,solver_stats.csv,solver_stats_agg.csv
