engine,pair_id,u_leq_v,v_leq_u,eq,uv_us,vu_us,total_us,uv_stats,vu_stats,uv_working_set,uv_peak_working_set,uv_private_bytes,vu_working_set,vu_peak_working_set,vu_private_bytes,uv_error,vu_error,representation
cosmadakis,0,0,0,0,73031,62410,135441,"{""N"":3642,""arcs_enqueued"":8019,""arcs_processed"":8019,""max_queue"":8019}","{""N"":3642,""arcs_enqueued"":8019,""arcs_processed"":8019,""max_queue"":8019}",48758784,48758784,0,48758784,48758784,0,"","",canonical
cosmadakis,1,0,0,0,54562,57518,112080,"{""N"":3651,""arcs_enqueued"":8018,""arcs_processed"":8018,""max_queue"":8018}","{""N"":3651,""arcs_enqueued"":8018,""arcs_processed"":8018,""max_queue"":8018}",48930816,48930816,0,63774720,63774720,0,"","",canonical
cosmadakis,2,0,0,0,53426,52783,106209,"{""N"":3663,""arcs_enqueued"":8009,""arcs_processed"":8009,""max_queue"":8009}","{""N"":3663,""arcs_enqueued"":8009,""arcs_processed"":8009,""max_queue"":8009}",63774720,63774720,0,63774720,63774720,0,"","",canonical
cosmadakis,3,0,0,0,49638,50243,99881,"{""N"":3651,""arcs_enqueued"":7994,""arcs_processed"":7994,""max_queue"":7994}","{""N"":3651,""arcs_enqueued"":7994,""arcs_processed"":7994,""max_queue"":7994}",63774720,63774720,0,63774720,63774720,0,"","",canonical
cosmadakis,4,0,0,0,49908,50044,99952,"{""N"":3683,""arcs_enqueued"":7987,""arcs_processed"":7987,""max_queue"":7987}","{""N"":3683,""arcs_enqueued"":7987,""arcs_processed"":7987,""max_queue"":7987}",63774720,63774720,0,63774720,63774720,0,"","",canonical
cosmadakis,5,0,0,0,52808,54000,106808,"{""N"":3673,""arcs_enqueued"":7987,""arcs_processed"":7987,""max_queue"":7987}","{""N"":3673,""arcs_enqueued"":7987,""arcs_processed"":7987,""max_queue"":7987}",63774720,63774720,0,63774720,63774720,0,"","",canonical
cosmadakis,6,0,0,0,55848,52865,108713,"{""N"":3665,""arcs_enqueued"":7996,""arcs_processed"":7996,""max_queue"":7996}","{""N"":3665,""arcs_enqueued"":7996,""arcs_processed"":7996,""max_queue"":7996}",63774720,63774720,0,63774720,63774720,0,"","",canonical
cosmadakis,7,0,0,0,52664,52622,105286,"{""N"":3638,""arcs_enqueued"":7983,""arcs_processed"":7983,""max_queue"":7983}","{""N"":3638,""arcs_enqueued"":7983,""arcs_processed"":7983,""max_queue"":7983}",63774720,63774720,0,63774720,63774720,0,"","",canonical
cosmadakis,8,0,0,0,53112,53106,106218,"{""N"":3659,""arcs_enqueued"":8008,""arcs_processed"":8008,""max_queue"":8008}","{""N"":3659,""arcs_enqueued"":8008,""arcs_processed"":8008,""max_queue"":8008}",63774720,63774720,0,63774720,63774720,0,"","",canonical
cosmadakis,9,0,0,0,52880,52956,105836,"{""N"":3668,""arcs_enqueued"":8021,""arcs_processed"":8021,""max_queue"":8021}","{""N"":3668,""arcs_enqueued"":8021,""arcs_processed"":8021,""max_queue"":8021}",63774720,63774720,0,63774720,63774720,0,"","",canonical
cosmadakis,10,0,0,0,52801,51517,104318,"{""N"":3671,""arcs_enqueued"":8005,""arcs_processed"":8005,""max_queue"":8005}","{""N"":3671,""arcs_enqueued"":8005,""arcs_processed"":8005,""max_queue"":8005}",63774720,63774720,0,63774720,63774720,0,"","",canonical
cosmadakis,11,0,0,0,55878,52791,108669,"{""N"":3655,""arcs_enqueued"":7997,""arcs_processed"":7997,""max_queue"":7997}","{""N"":3655,""arcs_enqueued"":7997,""arcs_processed"":7997,""max_queue"":7997}",63774720,63774720,0,63774720,63774720,0,"","",canonical
cosmadakis,12,0,0,0,56740,80103,136843,"{""N"":3676,""arcs_enqueued"":8021,""arcs_processed"":8021,""max_queue"":8021}","{""N"":3676,""arcs_enqueued"":8021,""arcs_processed"":8021,""max_queue"":8021}",64278528,64278528,0,64278528,64278528,0,"","",canonical
cosmadakis,13,0,0,0,56409,52704,109113,"{""N"":3663,""arcs_enqueued"":7988,""arcs_processed"":7988,""max_queue"":7988}","{""N"":3663,""arcs_enqueued"":7988,""arcs_processed"":7988,""max_queue"":7988}",64278528,64278528,0,64278528,64278528,0,"","",canonical
cosmadakis,14,0,0,0,52764,52686,105450,"{""N"":3663,""arcs_enqueued"":8013,""arcs_processed"":8013,""max_queue"":8013}","{""N"":3663,""arcs_enqueued"":8013,""arcs_processed"":8013,""max_queue"":8013}",64278528,64278528,0,64278528,64278528,0,"","",canonical
cosmadakis,15,0,0,0,52904,56918,109822,"{""N"":3674,""arcs_enqueued"":8027,""arcs_processed"":8027,""max_queue"":8027}","{""N"":3674,""arcs_enqueued"":8027,""arcs_processed"":8027,""max_queue"":8027}",64278528,64278528,0,64278528,64278528,0,"","",canonical
cosmadakis,16,0,0,0,73462,53185,126647,"{""N"":3657,""arcs_enqueued"":8015,""arcs_processed"":8015,""max_queue"":8015}","{""N"":3657,""arcs_enqueued"":8015,""arcs_processed"":8015,""max_queue"":8015}",64278528,64278528,0,64278528,64278528,0,"","",canonical
cosmadakis,17,0,0,0,52376,53051,105427,"{""N"":3651,""arcs_enqueued"":7995,""arcs_processed"":7995,""max_queue"":7995}","{""N"":3651,""arcs_enqueued"":7995,""arcs_processed"":7995,""max_queue"":7995}",64278528,64278528,0,64278528,64278528,0,"","",canonical
cosmadakis,18,0,0,0,52719,52793,105512,"{""N"":3659,""arcs_enqueued"":7997,""arcs_processed"":7997,""max_queue"":7997}","{""N"":3659,""arcs_enqueued"":7997,""arcs_processed"":7997,""max_queue"":7997}",64278528,64278528,0,64278528,64278528,0,"","",canonical
cosmadakis,19,0,0,0,52810,53170,105980,"{""N"":3663,""arcs_enqueued"":8003,""arcs_processed"":8003,""max_queue"":8003}","{""N"":3663,""arcs_enqueued"":8003,""arcs_processed"":8003,""max_queue"":8003}",64278528,64278528,0,64278528,64278528,0,"","",canonical
cosmadakis,20,0,0,0,57361,53391,110752,"{""N"":3691,""arcs_enqueued"":8039,""arcs_processed"":8039,""max_queue"":8039}","{""N"":3691,""arcs_enqueued"":8039,""arcs_processed"":8039,""max_queue"":8039}",64278528,64278528,0,64278528,64278528,0,"","",canonical
cosmadakis,21,0,0,0,52792,52803,105595,"{""N"":3671,""arcs_enqueued"":8011,""arcs_processed"":8011,""max_queue"":8011}","{""N"":3671,""arcs_enqueued"":8011,""arcs_processed"":8011,""max_queue"":8011}",64278528,64278528,0,64278528,64278528,0,"","",canonical
cosmadakis,22,0,0,0,53121,53057,106178,"{""N"":3680,""arcs_enqueued"":7992,""arcs_processed"":7992,""max_queue"":7992}","{""N"":3680,""arcs_enqueued"":7992,""arcs_processed"":7992,""max_queue"":7992}",64278528,64278528,0,64278528,64278528,0,"","",canonical
cosmadakis,23,0,0,0,66257,59285,125542,"{""N"":3650,""arcs_enqueued"":7990,""arcs_processed"":7990,""max_queue"":7990}","{""N"":3650,""arcs_enqueued"":7990,""arcs_processed"":7990,""max_queue"":7990}",64278528,64278528,0,64278528,64278528,0,"","",canonical
cosmadakis,24,0,0,0,49772,50687,100459,"{""N"":3653,""arcs_enqueued"":8016,""arcs_processed"":8016,""max_queue"":8016}","{""N"":3653,""arcs_enqueued"":8016,""arcs_processed"":8016,""max_queue"":8016}",64278528,64278528,0,64278528,64278528,0,"","",canonical
cosmadakis,25,0,0,0,50774,51354,102128,"{""N"":3645,""arcs_enqueued"":8010,""arcs_processed"":8010,""max_queue"":8010}","{""N"":3645,""arcs_enqueued"":8010,""arcs_processed"":8010,""max_queue"":8010}",64278528,64278528,0,64278528,64278528,0,"","",canonical
cosmadakis,26,0,0,0,52728,52673,105401,"{""N"":3653,""arcs_enqueued"":7997,""arcs_processed"":7997,""max_queue"":7997}","{""N"":3653,""arcs_enqueued"":7997,""arcs_processed"":7997,""max_queue"":7997}",64278528,64278528,0,64278528,64278528,0,"","",canonical
cosmadakis,27,0,0,0,62500,52970,115470,"{""N"":3651,""arcs_enqueued"":7982,""arcs_processed"":7982,""max_queue"":7982}","{""N"":3651,""arcs_enqueued"":7982,""arcs_processed"":7982,""max_queue"":7982}",64278528,64278528,0,64278528,64278528,0,"","",canonical
cosmadakis,28,0,0,0,53184,56530,109714,"{""N"":3658,""arcs_enqueued"":7999,""arcs_processed"":7999,""max_queue"":7999}","{""N"":3658,""arcs_enqueued"":7999,""arcs_processed"":7999,""max_queue"":7999}",64278528,64278528,0,64278528,64278528,0,"","",canonical
cosmadakis,29,0,0,0,48369,48515,96884,"{""N"":3653,""arcs_enqueued"":8001,""arcs_processed"":8001,""max_queue"":8001}","{""N"":3653,""arcs_enqueued"":8001,""arcs_processed"":8001,""max_queue"":8001}",64278528,64278528,0,64278528,64278528,0,"","",canonical
cosmadakis,30,0,0,0,53053,52946,105999,"{""N"":3659,""arcs_enqueued"":8017,""arcs_processed"":8017,""max_queue"":8017}","{""N"":3659,""arcs_enqueued"":8017,""arcs_processed"":8017,""max_queue"":8017}",64294912,64294912,0,64294912,64294912,0,"","",canonical
cosmadakis,31,0,0,0,53033,53293,106326,"{""N"":3673,""arcs_enqueued"":8009,""arcs_processed"":8009,""max_queue"":8009}","{""N"":3673,""arcs_enqueued"":8009,""arcs_processed"":8009,""max_queue"":8009}",64294912,64294912,0,64294912,64294912,0,"","",canonical
