engine,pair_id,u_leq_v,v_leq_u,eq,uv_us,vu_us,total_us,uv_stats,vu_stats,uv_working_set,uv_peak_working_set,uv_private_bytes,vu_working_set,vu_peak_working_set,vu_private_bytes,uv_error,vu_error,representation
cosmadakis,0,0,0,0,67,59,126,"{""N"":14,""arcs_enqueued"":26,""arcs_processed"":26,""max_queue"":26}","{""N"":14,""arcs_enqueued"":26,""arcs_processed"":26,""max_queue"":26}",16515072,16515072,0,16515072,16515072,0,"","",canonical
cosmadakis,1,0,0,0,59,56,115,"{""N"":14,""arcs_enqueued"":26,""arcs_processed"":26,""max_queue"":26}","{""N"":14,""arcs_enqueued"":26,""arcs_processed"":26,""max_queue"":26}",16515072,16515072,0,16515072,16515072,0,"","",canonical
cosmadakis,2,0,0,0,57,57,114,"{""N"":14,""arcs_enqueued"":26,""arcs_processed"":26,""max_queue"":26}","{""N"":14,""arcs_enqueued"":26,""arcs_processed"":26,""max_queue"":26}",16515072,16515072,0,16515072,16515072,0,"","",canonical
cosmadakis,3,0,0,0,57,56,113,"{""N"":14,""arcs_enqueued"":26,""arcs_processed"":26,""max_queue"":26}","{""N"":14,""arcs_enqueued"":26,""arcs_processed"":26,""max_queue"":26}",16515072,16515072,0,16515072,16515072,0,"","",canonical
cosmadakis,4,0,0,0,57,56,113,"{""N"":14,""arcs_enqueued"":26,""arcs_processed"":26,""max_queue"":26}","{""N"":14,""arcs_enqueued"":26,""arcs_processed"":26,""max_queue"":26}",16515072,16515072,0,16515072,16515072,0,"","",canonical
cosmadakis,5,0,0,0,57,56,113,"{""N"":14,""arcs_enqueued"":26,""arcs_processed"":26,""max_queue"":26}","{""N"":14,""arcs_enqueued"":26,""arcs_processed"":26,""max_queue"":26}",16515072,16515072,0,16515072,16515072,0,"","",canonical
cosmadakis,6,0,0,0,57,56,113,"{""N"":14,""arcs_enqueued"":26,""arcs_processed"":26,""max_queue"":26}","{""N"":14,""arcs_enqueued"":26,""arcs_processed"":26,""max_queue"":26}",16515072,16515072,0,16515072,16515072,0,"","",canonical
cosmadakis,7,0,0,0,57,56,113,"{""N"":14,""arcs_enqueued"":26,""arcs_processed"":26,""max_queue"":26}","{""N"":14,""arcs_enqueued"":26,""arcs_processed"":26,""max_queue"":26}",16515072,16515072,0,16515072,16515072,0,"","",canonical
cosmadakis,8,0,0,0,76,75,151,"{""N"":14,""arcs_enqueued"":26,""arcs_processed"":26,""max_queue"":26}","{""N"":14,""arcs_enqueued"":26,""arcs_processed"":26,""max_queue"":26}",16515072,16515072,0,16515072,16515072,0,"","",canonical
cosmadakis,9,0,0,0,80,75,155,"{""N"":14,""arcs_enqueued"":26,""arcs_processed"":26,""max_queue"":26}","{""N"":14,""arcs_enqueued"":26,""arcs_processed"":26,""max_queue"":26}",16515072,16515072,0,16515072,16515072,0,"","",canonical
cosmadakis,10,0,0,0,77,75,152,"{""N"":14,""arcs_enqueued"":26,""arcs_processed"":26,""max_queue"":26}","{""N"":14,""arcs_enqueued"":26,""arcs_processed"":26,""max_queue"":26}",16515072,16515072,0,16515072,16515072,0,"","",canonical
cosmadakis,11,0,0,0,76,75,151,"{""N"":14,""arcs_enqueued"":26,""arcs_processed"":26,""max_queue"":26}","{""N"":14,""arcs_enqueued"":26,""arcs_processed"":26,""max_queue"":26}",16515072,16515072,0,16515072,16515072,0,"","",canonical
cosmadakis,12,0,0,0,87,75,162,"{""N"":14,""arcs_enqueued"":26,""arcs_processed"":26,""max_queue"":26}","{""N"":14,""arcs_enqueued"":26,""arcs_processed"":26,""max_queue"":26}",16515072,16515072,0,16515072,16515072,0,"","",canonical
cosmadakis,13,0,0,0,76,75,151,"{""N"":14,""arcs_enqueued"":26,""arcs_processed"":26,""max_queue"":26}","{""N"":14,""arcs_enqueued"":26,""arcs_processed"":26,""max_queue"":26}",16515072,16515072,0,16515072,16515072,0,"","",canonical
cosmadakis,14,0,0,0,76,75,151,"{""N"":14,""arcs_enqueued"":26,""arcs_processed"":26,""max_queue"":26}","{""N"":14,""arcs_enqueued"":26,""arcs_processed"":26,""max_queue"":26}",16515072,16515072,0,16515072,16515072,0,"","",canonical
cosmadakis,15,0,0,0,76,75,151,"{""N"":14,""arcs_enqueued"":26,""arcs_processed"":26,""max_queue"":26}","{""N"":14,""arcs_enqueued"":26,""arcs_processed"":26,""max_queue"":26}",16515072,16515072,0,16515072,16515072,0,"","",canonical
cosmadakis,16,0,0,0,76,91,167,"{""N"":14,""arcs_enqueued"":26,""arcs_processed"":26,""max_queue"":26}","{""N"":14,""arcs_enqueued"":26,""arcs_processed"":26,""max_queue"":26}",16515072,16515072,0,16515072,16515072,0,"","",canonical
cosmadakis,17,0,0,0,76,75,151,"{""N"":14,""arcs_enqueued"":26,""arcs_processed"":26,""max_queue"":26}","{""N"":14,""arcs_enqueued"":26,""arcs_processed"":26,""max_queue"":26}",16515072,16515072,0,16515072,16515072,0,"","",canonical
cosmadakis,18,0,0,0,76,74,150,"{""N"":14,""arcs_enqueued"":26,""arcs_processed"":26,""max_queue"":26}","{""N"":14,""arcs_enqueued"":26,""arcs_processed"":26,""max_queue"":26}",16515072,16515072,0,16515072,16515072,0,"","",canonical
cosmadakis,19,0,0,0,76,75,151,"{""N"":14,""arcs_enqueued"":26,""arcs_processed"":26,""max_queue"":26}","{""N"":14,""arcs_enqueued"":26,""arcs_processed"":26,""max_queue"":26}",16515072,16515072,0,16515072,16515072,0,"","",canonical
cosmadakis,20,0,0,0,76,74,150,"{""N"":14,""arcs_enqueued"":26,""arcs_processed"":26,""max_queue"":26}","{""N"":14,""arcs_enqueued"":26,""arcs_processed"":26,""max_queue"":26}",16515072,16515072,0,16515072,16515072,0,"","",canonical
cosmadakis,21,0,0,0,76,75,151,"{""N"":14,""arcs_enqueued"":26,""arcs_processed"":26,""max_queue"":26}","{""N"":14,""arcs_enqueued"":26,""arcs_processed"":26,""max_queue"":26}",16515072,16515072,0,16515072,16515072,0,"","",canonical
cosmadakis,22,0,0,0,76,75,151,"{""N"":14,""arcs_enqueued"":26,""arcs_processed"":26,""max_queue"":26}","{""N"":14,""arcs_enqueued"":26,""arcs_processed"":26,""max_queue"":26}",16515072,16515072,0,16515072,16515072,0,"","",canonical
cosmadakis,23,0,0,0,76,74,150,"{""N"":14,""arcs_enqueued"":26,""arcs_processed"":26,""max_queue"":26}","{""N"":14,""arcs_enqueued"":26,""arcs_processed"":26,""max_queue"":26}",16515072,16515072,0,16515072,16515072,0,"","",canonical
cosmadakis,24,0,0,0,76,75,151,"{""N"":14,""arcs_enqueued"":26,""arcs_processed"":26,""max_queue"":26}","{""N"":14,""arcs_enqueued"":26,""arcs_processed"":26,""max_queue"":26}",16515072,16515072,0,16515072,16515072,0,"","",canonical
cosmadakis,25,0,0,0,76,75,151,"{""N"":14,""arcs_enqueued"":26,""arcs_processed"":26,""max_queue"":26}","{""N"":14,""arcs_enqueued"":26,""arcs_processed"":26,""max_queue"":26}",16515072,16515072,0,16515072,16515072,0,"","",canonical
cosmadakis,26,0,0,0,76,75,151,"{""N"":14,""arcs_enqueued"":26,""arcs_processed"":26,""max_queue"":26}","{""N"":14,""arcs_enqueued"":26,""arcs_processed"":26,""max_queue"":26}",16515072,16515072,0,16515072,16515072,0,"","",canonical
cosmadakis,27,0,0,0,76,75,151,"{""N"":14,""arcs_enqueued"":26,""arcs_processed"":26,""max_queue"":26}","{""N"":14,""arcs_enqueued"":26,""arcs_processed"":26,""max_queue"":26}",16515072,16515072,0,16515072,16515072,0,"","",canonical
cosmadakis,28,0,0,0,77,75,152,"{""N"":14,""arcs_enqueued"":26,""arcs_processed"":26,""max_queue"":26}","{""N"":14,""arcs_enqueued"":26,""arcs_processed"":26,""max_queue"":26}",16515072,16515072,0,16515072,16515072,0,"","",canonical
cosmadakis,29,0,0,0,76,81,157,"{""N"":14,""arcs_enqueued"":26,""arcs_processed"":26,""max_queue"":26}","{""N"":14,""arcs_enqueued"":26,""arcs_processed"":26,""max_queue"":26}",16515072,16515072,0,16515072,16515072,0,"","",canonical
cosmadakis,30,0,0,0,76,75,151,"{""N"":14,""arcs_enqueued"":26,""arcs_processed"":26,""max_queue"":26}","{""N"":14,""arcs_enqueued"":26,""arcs_processed"":26,""max_queue"":26}",16515072,16515072,0,16515072,16515072,0,"","",canonical
cosmadakis,31,0,0,0,76,75,151,"{""N"":14,""arcs_enqueued"":26,""arcs_processed"":26,""max_queue"":26}","{""N"":14,""arcs_enqueued"":26,""arcs_processed"":26,""max_queue"":26}",16515072,16515072,0,16515072,16515072,0,"","",canonical
