engine,pair_id,u_leq_v,v_leq_u,eq,uv_us,vu_us,total_us,uv_stats,vu_stats,uv_working_set,uv_peak_working_set,uv_private_bytes,vu_working_set,vu_peak_working_set,vu_private_bytes,uv_error,vu_error,representation
cosmadakis,0,0,0,0,265,248,513,"{""N"":30,""arcs_enqueued"":58,""arcs_processed"":58,""max_queue"":58}","{""N"":30,""arcs_enqueued"":58,""arcs_processed"":58,""max_queue"":58}",16785408,16785408,0,16785408,16785408,0,"","",canonical
cosmadakis,1,0,0,0,244,257,501,"{""N"":30,""arcs_enqueued"":58,""arcs_processed"":58,""max_queue"":58}","{""N"":30,""arcs_enqueued"":58,""arcs_processed"":58,""max_queue"":58}",16785408,16785408,0,16785408,16785408,0,"","",canonical
cosmadakis,2,0,0,0,243,240,483,"{""N"":30,""arcs_enqueued"":58,""arcs_processed"":58,""max_queue"":58}","{""N"":30,""arcs_enqueued"":58,""arcs_processed"":58,""max_queue"":58}",16785408,16785408,0,16785408,16785408,0,"","",canonical
cosmadakis,3,0,0,0,242,240,482,"{""N"":30,""arcs_enqueued"":58,""arcs_processed"":58,""max_queue"":58}","{""N"":30,""arcs_enqueued"":58,""arcs_processed"":58,""max_queue"":58}",16785408,16785408,0,16785408,16785408,0,"","",canonical
cosmadakis,4,0,0,0,243,240,483,"{""N"":30,""arcs_enqueued"":58,""arcs_processed"":58,""max_queue"":58}","{""N"":30,""arcs_enqueued"":58,""arcs_processed"":58,""max_queue"":58}",16785408,16785408,0,16785408,16785408,0,"","",canonical
cosmadakis,5,0,0,0,243,240,483,"{""N"":30,""arcs_enqueued"":58,""arcs_processed"":58,""max_queue"":58}","{""N"":30,""arcs_enqueued"":58,""arcs_processed"":58,""max_queue"":58}",16785408,16785408,0,16785408,16785408,0,"","",canonical
cosmadakis,6,0,0,0,241,239,480,"{""N"":30,""arcs_enqueued"":58,""arcs_processed"":58,""max_queue"":58}","{""N"":30,""arcs_enqueued"":58,""arcs_processed"":58,""max_queue"":58}",16785408,16785408,0,16785408,16785408,0,"","",canonical
cosmadakis,7,0,0,0,243,240,483,"{""N"":30,""arcs_enqueued"":58,""arcs_processed"":58,""max_queue"":58}","{""N"":30,""arcs_enqueued"":58,""arcs_processed"":58,""max_queue"":58}",16785408,16785408,0,16785408,16785408,0,"","",canonical
cosmadakis,8,0,0,0,244,238,482,"{""N"":30,""arcs_enqueued"":58,""arcs_processed"":58,""max_queue"":58}","{""N"":30,""arcs_enqueued"":58,""arcs_processed"":58,""max_queue"":58}",16785408,16785408,0,16785408,16785408,0,"","",canonical
cosmadakis,9,0,0,0,243,239,482,"{""N"":30,""arcs_enqueued"":58,""arcs_processed"":58,""max_queue"":58}","{""N"":30,""arcs_enqueued"":58,""arcs_processed"":58,""max_queue"":58}",16785408,16785408,0,16785408,16785408,0,"","",canonical
cosmadakis,10,0,0,0,242,240,482,"{""N"":30,""arcs_enqueued"":58,""arcs_processed"":58,""max_queue"":58}","{""N"":30,""arcs_enqueued"":58,""arcs_processed"":58,""max_queue"":58}",16785408,16785408,0,16785408,16785408,0,"","",canonical
cosmadakis,11,0,0,0,209,179,388,"{""N"":30,""arcs_enqueued"":58,""arcs_processed"":58,""max_queue"":58}","{""N"":30,""arcs_enqueued"":58,""arcs_processed"":58,""max_queue"":58}",16785408,16785408,0,16785408,16785408,0,"","",canonical
cosmadakis,12,0,0,0,182,180,362,"{""N"":30,""arcs_enqueued"":58,""arcs_processed"":58,""max_queue"":58}","{""N"":30,""arcs_enqueued"":58,""arcs_processed"":58,""max_queue"":58}",16785408,16785408,0,16785408,16785408,0,"","",canonical
cosmadakis,13,0,0,0,182,179,361,"{""N"":30,""arcs_enqueued"":58,""arcs_processed"":58,""max_queue"":58}","{""N"":30,""arcs_enqueued"":58,""arcs_processed"":58,""max_queue"":58}",16785408,16785408,0,16785408,16785408,0,"","",canonical
cosmadakis,14,0,0,0,183,179,362,"{""N"":30,""arcs_enqueued"":58,""arcs_processed"":58,""max_queue"":58}","{""N"":30,""arcs_enqueued"":58,""arcs_processed"":58,""max_queue"":58}",16785408,16785408,0,16785408,16785408,0,"","",canonical
cosmadakis,15,0,0,0,182,178,360,"{""N"":30,""arcs_enqueued"":58,""arcs_processed"":58,""max_queue"":58}","{""N"":30,""arcs_enqueued"":58,""arcs_processed"":58,""max_queue"":58}",16785408,16785408,0,16785408,16785408,0,"","",canonical
cosmadakis,16,0,0,0,181,180,361,"{""N"":30,""arcs_enqueued"":58,""arcs_processed"":58,""max_queue"":58}","{""N"":30,""arcs_enqueued"":58,""arcs_processed"":58,""max_queue"":58}",16785408,16785408,0,16785408,16785408,0,"","",canonical
cosmadakis,17,0,0,0,182,178,360,"{""N"":30,""arcs_enqueued"":58,""arcs_processed"":58,""max_queue"":58}","{""N"":30,""arcs_enqueued"":58,""arcs_processed"":58,""max_queue"":58}",16785408,16785408,0,16785408,16785408,0,"","",canonical
cosmadakis,18,0,0,0,182,179,361,"{""N"":30,""arcs_enqueued"":58,""arcs_processed"":58,""max_queue"":58}","{""N"":30,""arcs_enqueued"":58,""arcs_processed"":58,""max_queue"":58}",16785408,16785408,0,16785408,16785408,0,"","",canonical
cosmadakis,19,0,0,0,182,180,362,"{""N"":30,""arcs_enqueued"":58,""arcs_processed"":58,""max_queue"":58}","{""N"":30,""arcs_enqueued"":58,""arcs_processed"":58,""max_queue"":58}",16785408,16785408,0,16785408,16785408,0,"","",canonical
cosmadakis,20,0,0,0,189,179,368,"{""N"":30,""arcs_enqueued"":58,""arcs_processed"":58,""max_queue"":58}","{""N"":30,""arcs_enqueued"":58,""arcs_processed"":58,""max_queue"":58}",16785408,16785408,0,16785408,16785408,0,"","",canonical
cosmadakis,21,0,0,0,183,180,363,"{""N"":30,""arcs_enqueued"":58,""arcs_processed"":58,""max_queue"":58}","{""N"":30,""arcs_enqueued"":58,""arcs_processed"":58,""max_queue"":58}",16785408,16785408,0,16785408,16785408,0,"","",canonical
cosmadakis,22,0,0,0,183,180,363,"{""N"":30,""arcs_enqueued"":58,""arcs_processed"":58,""max_queue"":58}","{""N"":30,""arcs_enqueued"":58,""arcs_processed"":58,""max_queue"":58}",16785408,16785408,0,16785408,16785408,0,"","",canonical
cosmadakis,23,0,0,0,182,179,361,"{""N"":30,""arcs_enqueued"":58,""arcs_processed"":58,""max_queue"":58}","{""N"":30,""arcs_enqueued"":58,""arcs_processed"":58,""max_queue"":58}",16785408,16785408,0,16785408,16785408,0,"","",canonical
cosmadakis,24,0,0,0,182,179,361,"{""N"":30,""arcs_enqueued"":58,""arcs_processed"":58,""max_queue"":58}","{""N"":30,""arcs_enqueued"":58,""arcs_processed"":58,""max_queue"":58}",16785408,16785408,0,16785408,16785408,0,"","",canonical
cosmadakis,25,0,0,0,182,179,361,"{""N"":30,""arcs_enqueued"":58,""arcs_processed"":58,""max_queue"":58}","{""N"":30,""arcs_enqueued"":58,""arcs_processed"":58,""max_queue"":58}",16785408,16785408,0,16785408,16785408,0,"","",canonical
cosmadakis,26,0,0,0,182,180,362,"{""N"":30,""arcs_enqueued"":58,""arcs_processed"":58,""max_queue"":58}","{""N"":30,""arcs_enqueued"":58,""arcs_processed"":58,""max_queue"":58}",16785408,16785408,0,16785408,16785408,0,"","",canonical
cosmadakis,27,0,0,0,182,178,360,"{""N"":30,""arcs_enqueued"":58,""arcs_processed"":58,""max_queue"":58}","{""N"":30,""arcs_enqueued"":58,""arcs_processed"":58,""max_queue"":58}",16785408,16785408,0,16785408,16785408,0,"","",canonical
cosmadakis,28,0,0,0,183,179,362,"{""N"":30,""arcs_enqueued"":58,""arcs_processed"":58,""max_queue"":58}","{""N"":30,""arcs_enqueued"":58,""arcs_processed"":58,""max_queue"":58}",16785408,16785408,0,16785408,16785408,0,"","",canonical
cosmadakis,29,0,0,0,182,166,348,"{""N"":30,""arcs_enqueued"":58,""arcs_processed"":58,""max_queue"":58}","{""N"":30,""arcs_enqueued"":58,""arcs_processed"":58,""max_queue"":58}",16785408,16785408,0,16785408,16785408,0,"","",canonical
cosmadakis,30,0,0,0,121,119,240,"{""N"":30,""arcs_enqueued"":58,""arcs_processed"":58,""max_queue"":58}","{""N"":30,""arcs_enqueued"":58,""arcs_processed"":58,""max_queue"":58}",16785408,16785408,0,16785408,16785408,0,"","",canonical
cosmadakis,31,0,0,0,122,119,241,"{""N"":30,""arcs_enqueued"":58,""arcs_processed"":58,""max_queue"":58}","{""N"":30,""arcs_enqueued"":58,""arcs_processed"":58,""max_queue"":58}",16785408,16785408,0,16785408,16785408,0,"","",canonical
