engine,pair_id,u_leq_v,v_leq_u,eq,uv_us,vu_us,total_us,uv_stats,vu_stats,uv_working_set,uv_peak_working_set,uv_private_bytes,vu_working_set,vu_peak_working_set,vu_private_bytes,uv_error,vu_error,representation
cosmadakis,0,0,0,0,43519,20314,63833,"{""N"":1941,""arcs_enqueued"":4042,""arcs_processed"":4042,""max_queue"":4042}","{""N"":1941,""arcs_enqueued"":4042,""arcs_processed"":4042,""max_queue"":4042}",19218432,19218432,0,19218432,19218432,0,"","",canonical
cosmadakis,1,0,0,0,13646,13655,27301,"{""N"":1906,""arcs_enqueued"":4027,""arcs_processed"":4027,""max_queue"":4027}","{""N"":1906,""arcs_enqueued"":4027,""arcs_processed"":4027,""max_queue"":4027}",19218432,19218432,0,19218432,19218432,0,"","",canonical
cosmadakis,2,0,0,0,13573,13552,27125,"{""N"":1918,""arcs_enqueued"":4017,""arcs_processed"":4017,""max_queue"":4017}","{""N"":1918,""arcs_enqueued"":4017,""arcs_processed"":4017,""max_queue"":4017}",19218432,19218432,0,19218432,19218432,0,"","",canonical
cosmadakis,3,0,0,0,13660,13715,27375,"{""N"":1929,""arcs_enqueued"":4032,""arcs_processed"":4032,""max_queue"":4032}","{""N"":1929,""arcs_enqueued"":4032,""arcs_processed"":4032,""max_queue"":4032}",19218432,19218432,0,19218432,19218432,0,"","",canonical
cosmadakis,4,0,0,0,13507,13524,27031,"{""N"":1912,""arcs_enqueued"":4032,""arcs_processed"":4032,""max_queue"":4032}","{""N"":1912,""arcs_enqueued"":4032,""arcs_processed"":4032,""max_queue"":4032}",19218432,19218432,0,19218432,19218432,0,"","",canonical
cosmadakis,5,0,0,0,13593,13508,27101,"{""N"":1915,""arcs_enqueued"":4020,""arcs_processed"":4020,""max_queue"":4020}","{""N"":1915,""arcs_enqueued"":4020,""arcs_processed"":4020,""max_queue"":4020}",19218432,19218432,0,19218432,19218432,0,"","",canonical
cosmadakis,6,0,0,0,13653,13589,27242,"{""N"":1928,""arcs_enqueued"":4030,""arcs_processed"":4030,""max_queue"":4030}","{""N"":1928,""arcs_enqueued"":4030,""arcs_processed"":4030,""max_queue"":4030}",19218432,19218432,0,19218432,19218432,0,"","",canonical
cosmadakis,7,0,0,0,13587,13606,27193,"{""N"":1927,""arcs_enqueued"":4044,""arcs_processed"":4044,""max_queue"":4044}","{""N"":1927,""arcs_enqueued"":4044,""arcs_processed"":4044,""max_queue"":4044}",19218432,19218432,0,19218432,19218432,0,"","",canonical
cosmadakis,8,0,0,0,13587,13620,27207,"{""N"":1933,""arcs_enqueued"":4031,""arcs_processed"":4031,""max_queue"":4031}","{""N"":1933,""arcs_enqueued"":4031,""arcs_processed"":4031,""max_queue"":4031}",19218432,19218432,0,19218432,19218432,0,"","",canonical
cosmadakis,9,0,0,0,13639,13669,27308,"{""N"":1934,""arcs_enqueued"":4032,""arcs_processed"":4032,""max_queue"":4032}","{""N"":1934,""arcs_enqueued"":4032,""arcs_processed"":4032,""max_queue"":4032}",19218432,19218432,0,19218432,19218432,0,"","",canonical
cosmadakis,10,0,0,0,13565,13591,27156,"{""N"":1923,""arcs_enqueued"":4034,""arcs_processed"":4034,""max_queue"":4034}","{""N"":1923,""arcs_enqueued"":4034,""arcs_processed"":4034,""max_queue"":4034}",19218432,19218432,0,19218432,19218432,0,"","",canonical
cosmadakis,11,0,0,0,13675,13750,27425,"{""N"":1938,""arcs_enqueued"":4036,""arcs_processed"":4036,""max_queue"":4036}","{""N"":1938,""arcs_enqueued"":4036,""arcs_processed"":4036,""max_queue"":4036}",19218432,19218432,0,19218432,19218432,0,"","",canonical
cosmadakis,12,0,0,0,13626,13766,27392,"{""N"":1935,""arcs_enqueued"":4036,""arcs_processed"":4036,""max_queue"":4036}","{""N"":1935,""arcs_enqueued"":4036,""arcs_processed"":4036,""max_queue"":4036}",19218432,19218432,0,19218432,19218432,0,"","",canonical
cosmadakis,13,0,0,0,13553,13605,27158,"{""N"":1925,""arcs_enqueued"":4044,""arcs_processed"":4044,""max_queue"":4044}","{""N"":1925,""arcs_enqueued"":4044,""arcs_processed"":4044,""max_queue"":4044}",19218432,19218432,0,19218432,19218432,0,"","",canonical
cosmadakis,14,0,0,0,13634,13658,27292,"{""N"":1923,""arcs_enqueued"":4043,""arcs_processed"":4043,""max_queue"":4043}","{""N"":1923,""arcs_enqueued"":4043,""arcs_processed"":4043,""max_queue"":4043}",19218432,19218432,0,19218432,19218432,0,"","",canonical
cosmadakis,15,0,0,0,13545,13565,27110,"{""N"":1920,""arcs_enqueued"":4036,""arcs_processed"":4036,""max_queue"":4036}","{""N"":1920,""arcs_enqueued"":4036,""arcs_processed"":4036,""max_queue"":4036}",19218432,19218432,0,19218432,19218432,0,"","",canonical
cosmadakis,16,0,0,0,13595,13608,27203,"{""N"":1932,""arcs_enqueued"":4032,""arcs_processed"":4032,""max_queue"":4032}","{""N"":1932,""arcs_enqueued"":4032,""arcs_processed"":4032,""max_queue"":4032}",19218432,19218432,0,19218432,19218432,0,"","",canonical
cosmadakis,17,0,0,0,13661,14544,28205,"{""N"":1943,""arcs_enqueued"":4043,""arcs_processed"":4043,""max_queue"":4043}","{""N"":1943,""arcs_enqueued"":4043,""arcs_processed"":4043,""max_queue"":4043}",19218432,19218432,0,20684800,20684800,0,"","",canonical
cosmadakis,18,0,0,0,13539,13531,27070,"{""N"":1920,""arcs_enqueued"":4026,""arcs_processed"":4026,""max_queue"":4026}","{""N"":1920,""arcs_enqueued"":4026,""arcs_processed"":4026,""max_queue"":4026}",20684800,20684800,0,20684800,20684800,0,"","",canonical
cosmadakis,19,0,0,0,13799,13657,27456,"{""N"":1918,""arcs_enqueued"":4018,""arcs_processed"":4018,""max_queue"":4018}","{""N"":1918,""arcs_enqueued"":4018,""arcs_processed"":4018,""max_queue"":4018}",20684800,20684800,0,20684800,20684800,0,"","",canonical
cosmadakis,20,0,0,0,13730,13687,27417,"{""N"":1940,""arcs_enqueued"":4050,""arcs_processed"":4050,""max_queue"":4050}","{""N"":1940,""arcs_enqueued"":4050,""arcs_processed"":4050,""max_queue"":4050}",20684800,20684800,0,20684800,20684800,0,"","",canonical
cosmadakis,21,0,0,0,13529,13573,27102,"{""N"":1923,""arcs_enqueued"":4033,""arcs_processed"":4033,""max_queue"":4033}","{""N"":1923,""arcs_enqueued"":4033,""arcs_processed"":4033,""max_queue"":4033}",20684800,20684800,0,20684800,20684800,0,"","",canonical
cosmadakis,22,0,0,0,13554,13598,27152,"{""N"":1924,""arcs_enqueued"":4031,""arcs_processed"":4031,""max_queue"":4031}","{""N"":1924,""arcs_enqueued"":4031,""arcs_processed"":4031,""max_queue"":4031}",20684800,20684800,0,20684800,20684800,0,"","",canonical
cosmadakis,23,0,0,0,13487,13518,27005,"{""N"":1911,""arcs_enqueued"":4033,""arcs_processed"":4033,""max_queue"":4033}","{""N"":1911,""arcs_enqueued"":4033,""arcs_processed"":4033,""max_queue"":4033}",20684800,20684800,0,20684800,20684800,0,"","",canonical
cosmadakis,24,0,0,0,13466,13380,26846,"{""N"":1932,""arcs_enqueued"":4027,""arcs_processed"":4027,""max_queue"":4027}","{""N"":1932,""arcs_enqueued"":4027,""arcs_processed"":4027,""max_queue"":4027}",20684800,20684800,0,20684800,20684800,0,"","",canonical
cosmadakis,25,0,0,0,13545,13562,27107,"{""N"":1922,""arcs_enqueued"":4039,""arcs_processed"":4039,""max_queue"":4039}","{""N"":1922,""arcs_enqueued"":4039,""arcs_processed"":4039,""max_queue"":4039}",20684800,20684800,0,20684800,20684800,0,"","",canonical
cosmadakis,26,0,0,0,13688,13644,27332,"{""N"":1934,""arcs_enqueued"":4033,""arcs_processed"":4033,""max_queue"":4033}","{""N"":1934,""arcs_enqueued"":4033,""arcs_processed"":4033,""max_queue"":4033}",20684800,20684800,0,20684800,20684800,0,"","",canonical
cosmadakis,27,0,0,0,13546,13592,27138,"{""N"":1928,""arcs_enqueued"":4021,""arcs_processed"":4021,""max_queue"":4021}","{""N"":1928,""arcs_enqueued"":4021,""arcs_processed"":4021,""max_queue"":4021}",20684800,20684800,0,20684800,20684800,0,"","",canonical
cosmadakis,28,0,0,0,13318,13429,26747,"{""N"":1930,""arcs_enqueued"":4033,""arcs_processed"":4033,""max_queue"":4033}","{""N"":1930,""arcs_enqueued"":4033,""arcs_processed"":4033,""max_queue"":4033}",20684800,20684800,0,20684800,20684800,0,"","",canonical
cosmadakis,29,0,0,0,13541,13612,27153,"{""N"":1924,""arcs_enqueued"":4040,""arcs_processed"":4040,""max_queue"":4040}","{""N"":1924,""arcs_enqueued"":4040,""arcs_processed"":4040,""max_queue"":4040}",20684800,20684800,0,20684800,20684800,0,"","",canonical
cosmadakis,30,0,0,0,13565,13632,27197,"{""N"":1930,""arcs_enqueued"":4039,""arcs_processed"":4039,""max_queue"":4039}","{""N"":1930,""arcs_enqueued"":4039,""arcs_processed"":4039,""max_queue"":4039}",20684800,20684800,0,20684800,20684800,0,"","",canonical
cosmadakis,31,0,0,0,13570,13605,27175,"{""N"":1927,""arcs_enqueued"":4042,""arcs_processed"":4042,""max_queue"":4042}","{""N"":1927,""arcs_enqueued"":4042,""arcs_processed"":4042,""max_queue"":4042}",20684800,20684800,0,20684800,20684800,0,"","",canonical
