engine,pair_id,u_leq_v,v_leq_u,eq,uv_us,vu_us,total_us,uv_stats,vu_stats,uv_working_set,uv_peak_working_set,uv_private_bytes,vu_working_set,vu_peak_working_set,vu_private_bytes,uv_error,vu_error,representation
cosmadakis,0,0,0,0,225399,221695,447094,"{""N"":6685,""arcs_enqueued"":15901,""arcs_processed"":15901,""max_queue"":15901}","{""N"":6685,""arcs_enqueued"":15901,""arcs_processed"":15901,""max_queue"":15901}",161349632,161349632,0,161349632,161349632,0,"","",canonical
cosmadakis,1,0,0,0,212577,212661,425238,"{""N"":6689,""arcs_enqueued"":15893,""arcs_processed"":15893,""max_queue"":15893}","{""N"":6689,""arcs_enqueued"":15893,""arcs_processed"":15893,""max_queue"":15893}",161570816,161570816,0,161648640,161648640,0,"","",canonical
cosmadakis,2,0,0,0,223544,224001,447545,"{""N"":6668,""arcs_enqueued"":15888,""arcs_processed"":15888,""max_queue"":15888}","{""N"":6668,""arcs_enqueued"":15888,""arcs_processed"":15888,""max_queue"":15888}",161648640,161648640,0,161648640,161648640,0,"","",canonical
cosmadakis,3,0,0,0,222069,231278,453347,"{""N"":6692,""arcs_enqueued"":15902,""arcs_processed"":15902,""max_queue"":15902}","{""N"":6692,""arcs_enqueued"":15902,""arcs_processed"":15902,""max_queue"":15902}",161677312,161677312,0,161677312,161677312,0,"","",canonical
cosmadakis,4,0,0,0,225100,223160,448260,"{""N"":6709,""arcs_enqueued"":15902,""arcs_processed"":15902,""max_queue"":15902}","{""N"":6709,""arcs_enqueued"":15902,""arcs_processed"":15902,""max_queue"":15902}",162197504,162197504,0,162201600,162201600,0,"","",canonical
cosmadakis,5,0,0,0,221025,227591,448616,"{""N"":6669,""arcs_enqueued"":15919,""arcs_processed"":15919,""max_queue"":15919}","{""N"":6669,""arcs_enqueued"":15919,""arcs_processed"":15919,""max_queue"":15919}",162201600,162201600,0,162201600,162201600,0,"","",canonical
cosmadakis,6,0,0,0,219721,222952,442673,"{""N"":6641,""arcs_enqueued"":15906,""arcs_processed"":15906,""max_queue"":15906}","{""N"":6641,""arcs_enqueued"":15906,""arcs_processed"":15906,""max_queue"":15906}",162201600,162201600,0,162201600,162201600,0,"","",canonical
cosmadakis,7,0,0,0,226053,227540,453593,"{""N"":6705,""arcs_enqueued"":15901,""arcs_processed"":15901,""max_queue"":15901}","{""N"":6705,""arcs_enqueued"":15901,""arcs_processed"":15901,""max_queue"":15901}",162201600,162201600,0,162201600,162201600,0,"","",canonical
cosmadakis,8,0,0,0,221959,222641,444600,"{""N"":6704,""arcs_enqueued"":15887,""arcs_processed"":15887,""max_queue"":15887}","{""N"":6704,""arcs_enqueued"":15887,""arcs_processed"":15887,""max_queue"":15887}",162201600,162201600,0,162201600,162201600,0,"","",canonical
cosmadakis,9,0,0,0,225758,223282,449040,"{""N"":6735,""arcs_enqueued"":15913,""arcs_processed"":15913,""max_queue"":15913}","{""N"":6735,""arcs_enqueued"":15913,""arcs_processed"":15913,""max_queue"":15913}",163012608,163012608,0,163024896,163024896,0,"","",canonical
cosmadakis,10,0,0,0,212275,214633,426908,"{""N"":6657,""arcs_enqueued"":15921,""arcs_processed"":15921,""max_queue"":15921}","{""N"":6657,""arcs_enqueued"":15921,""arcs_processed"":15921,""max_queue"":15921}",163024896,163024896,0,163024896,163024896,0,"","",canonical
cosmadakis,11,0,0,0,223414,223487,446901,"{""N"":6688,""arcs_enqueued"":15841,""arcs_processed"":15841,""max_queue"":15841}","{""N"":6688,""arcs_enqueued"":15841,""arcs_processed"":15841,""max_queue"":15841}",163024896,163024896,0,163024896,163024896,0,"","",canonical
cosmadakis,12,0,0,0,211157,212616,423773,"{""N"":6653,""arcs_enqueued"":15873,""arcs_processed"":15873,""max_queue"":15873}","{""N"":6653,""arcs_enqueued"":15873,""arcs_processed"":15873,""max_queue"":15873}",163024896,163024896,0,163024896,163024896,0,"","",canonical
cosmadakis,13,0,0,0,215548,214431,429979,"{""N"":6713,""arcs_enqueued"":15875,""arcs_processed"":15875,""max_queue"":15875}","{""N"":6713,""arcs_enqueued"":15875,""arcs_processed"":15875,""max_queue"":15875}",163024896,163024896,0,163024896,163024896,0,"","",canonical
cosmadakis,14,0,0,0,220561,222023,442584,"{""N"":6660,""arcs_enqueued"":15880,""arcs_processed"":15880,""max_queue"":15880}","{""N"":6660,""arcs_enqueued"":15880,""arcs_processed"":15880,""max_queue"":15880}",163024896,163024896,0,163024896,163024896,0,"","",canonical
cosmadakis,15,0,0,0,222292,223942,446234,"{""N"":6649,""arcs_enqueued"":15925,""arcs_processed"":15925,""max_queue"":15925}","{""N"":6649,""arcs_enqueued"":15925,""arcs_processed"":15925,""max_queue"":15925}",163024896,163024896,0,163024896,163024896,0,"","",canonical
cosmadakis,16,0,0,0,212841,212592,425433,"{""N"":6694,""arcs_enqueued"":15889,""arcs_processed"":15889,""max_queue"":15889}","{""N"":6694,""arcs_enqueued"":15889,""arcs_processed"":15889,""max_queue"":15889}",163024896,163024896,0,163024896,163024896,0,"","",canonical
cosmadakis,17,0,0,0,221142,226374,447516,"{""N"":6682,""arcs_enqueued"":15905,""arcs_processed"":15905,""max_queue"":15905}","{""N"":6682,""arcs_enqueued"":15905,""arcs_processed"":15905,""max_queue"":15905}",163024896,163024896,0,163024896,163024896,0,"","",canonical
cosmadakis,18,0,0,0,221171,224116,445287,"{""N"":6687,""arcs_enqueued"":15915,""arcs_processed"":15915,""max_queue"":15915}","{""N"":6687,""arcs_enqueued"":15915,""arcs_processed"":15915,""max_queue"":15915}",163024896,163024896,0,163024896,163024896,0,"","",canonical
cosmadakis,19,0,0,0,224026,220231,444257,"{""N"":6657,""arcs_enqueued"":15894,""arcs_processed"":15894,""max_queue"":15894}","{""N"":6657,""arcs_enqueued"":15894,""arcs_processed"":15894,""max_queue"":15894}",163024896,163024896,0,163024896,163024896,0,"","",canonical
cosmadakis,20,0,0,0,220367,220068,440435,"{""N"":6650,""arcs_enqueued"":15866,""arcs_processed"":15866,""max_queue"":15866}","{""N"":6650,""arcs_enqueued"":15866,""arcs_processed"":15866,""max_queue"":15866}",163024896,163024896,0,163024896,163024896,0,"","",canonical
cosmadakis,21,0,0,0,223173,222472,445645,"{""N"":6718,""arcs_enqueued"":15895,""arcs_processed"":15895,""max_queue"":15895}","{""N"":6718,""arcs_enqueued"":15895,""arcs_processed"":15895,""max_queue"":15895}",163024896,163024896,0,163024896,163024896,0,"","",canonical
cosmadakis,22,0,0,0,214826,213801,428627,"{""N"":6679,""arcs_enqueued"":15891,""arcs_processed"":15891,""max_queue"":15891}","{""N"":6679,""arcs_enqueued"":15891,""arcs_processed"":15891,""max_queue"":15891}",163024896,163024896,0,163024896,163024896,0,"","",canonical
cosmadakis,23,0,0,0,206345,206360,412705,"{""N"":6661,""arcs_enqueued"":15910,""arcs_processed"":15910,""max_queue"":15910}","{""N"":6661,""arcs_enqueued"":15910,""arcs_processed"":15910,""max_queue"":15910}",163024896,163024896,0,163024896,163024896,0,"","",canonical
cosmadakis,24,0,0,0,221757,229401,451158,"{""N"":6712,""arcs_enqueued"":15912,""arcs_processed"":15912,""max_queue"":15912}","{""N"":6712,""arcs_enqueued"":15912,""arcs_processed"":15912,""max_queue"":15912}",163024896,163024896,0,163024896,163024896,0,"","",canonical
cosmadakis,25,0,0,0,214372,214825,429197,"{""N"":6724,""arcs_enqueued"":15893,""arcs_processed"":15893,""max_queue"":15893}","{""N"":6724,""arcs_enqueued"":15893,""arcs_processed"":15893,""max_queue"":15893}",163024896,163024896,0,163024896,163024896,0,"","",canonical
cosmadakis,26,0,0,0,229932,223868,453800,"{""N"":6683,""arcs_enqueued"":15903,""arcs_processed"":15903,""max_queue"":15903}","{""N"":6683,""arcs_enqueued"":15903,""arcs_processed"":15903,""max_queue"":15903}",163024896,163024896,0,163024896,163024896,0,"","",canonical
cosmadakis,27,0,0,0,211880,215004,426884,"{""N"":6668,""arcs_enqueued"":15899,""arcs_processed"":15899,""max_queue"":15899}","{""N"":6668,""arcs_enqueued"":15899,""arcs_processed"":15899,""max_queue"":15899}",163024896,163024896,0,163024896,163024896,0,"","",canonical
cosmadakis,28,0,0,0,224897,224868,449765,"{""N"":6701,""arcs_enqueued"":15900,""arcs_processed"":15900,""max_queue"":15900}","{""N"":6701,""arcs_enqueued"":15900,""arcs_processed"":15900,""max_queue"":15900}",163024896,163024896,0,163024896,163024896,0,"","",canonical
cosmadakis,29,0,0,0,227858,221816,449674,"{""N"":6655,""arcs_enqueued"":15927,""arcs_processed"":15927,""max_queue"":15927}","{""N"":6655,""arcs_enqueued"":15927,""arcs_processed"":15927,""max_queue"":15927}",163024896,163024896,0,163024896,163024896,0,"","",canonical
cosmadakis,30,0,0,0,224357,222011,446368,"{""N"":6681,""arcs_enqueued"":15907,""arcs_processed"":15907,""max_queue"":15907}","{""N"":6681,""arcs_enqueued"":15907,""arcs_processed"":15907,""max_queue"":15907}",163024896,163024896,0,163024896,163024896,0,"","",canonical
cosmadakis,31,0,0,0,223010,222621,445631,"{""N"":6688,""arcs_enqueued"":15907,""arcs_processed"":15907,""max_queue"":15907}","{""N"":6688,""arcs_enqueued"":15907,""arcs_processed"":15907,""max_queue"":15907}",163024896,163024896,0,163024896,163024896,0,"","",canonical
