engine,pair_id,u_leq_v,v_leq_u,eq,uv_us,vu_us,total_us,uv_stats,vu_stats,uv_working_set,uv_peak_working_set,uv_private_bytes,vu_working_set,vu_peak_working_set,vu_private_bytes,uv_error,vu_error,representation
cosmadakis,0,0,0,0,575,513,1088,"{""N"":62,""arcs_enqueued"":122,""arcs_processed"":122,""max_queue"":122}","{""N"":62,""arcs_enqueued"":122,""arcs_processed"":122,""max_queue"":122}",17055744,17055744,0,17055744,17055744,0,"","",canonical
cosmadakis,1,0,0,0,499,502,1001,"{""N"":62,""arcs_enqueued"":122,""arcs_processed"":122,""max_queue"":122}","{""N"":62,""arcs_enqueued"":122,""arcs_processed"":122,""max_queue"":122}",17055744,17055744,0,17055744,17055744,0,"","",canonical
cosmadakis,2,0,0,0,498,502,1000,"{""N"":62,""arcs_enqueued"":122,""arcs_processed"":122,""max_queue"":122}","{""N"":62,""arcs_enqueued"":122,""arcs_processed"":122,""max_queue"":122}",17055744,17055744,0,17055744,17055744,0,"","",canonical
cosmadakis,3,0,0,0,498,500,998,"{""N"":62,""arcs_enqueued"":122,""arcs_processed"":122,""max_queue"":122}","{""N"":62,""arcs_enqueued"":122,""arcs_processed"":122,""max_queue"":122}",17055744,17055744,0,17055744,17055744,0,"","",canonical
cosmadakis,4,0,0,0,499,500,999,"{""N"":62,""arcs_enqueued"":122,""arcs_processed"":122,""max_queue"":122}","{""N"":62,""arcs_enqueued"":122,""arcs_processed"":122,""max_queue"":122}",17055744,17055744,0,17055744,17055744,0,"","",canonical
cosmadakis,5,0,0,0,499,507,1006,"{""N"":62,""arcs_enqueued"":122,""arcs_processed"":122,""max_queue"":122}","{""N"":62,""arcs_enqueued"":122,""arcs_processed"":122,""max_queue"":122}",17055744,17055744,0,17055744,17055744,0,"","",canonical
cosmadakis,6,0,0,0,498,518,1016,"{""N"":62,""arcs_enqueued"":122,""arcs_processed"":122,""max_queue"":122}","{""N"":62,""arcs_enqueued"":122,""arcs_processed"":122,""max_queue"":122}",17055744,17055744,0,17055744,17055744,0,"","",canonical
cosmadakis,7,0,0,0,508,335,843,"{""N"":62,""arcs_enqueued"":122,""arcs_processed"":122,""max_queue"":122}","{""N"":62,""arcs_enqueued"":122,""arcs_processed"":122,""max_queue"":122}",17055744,17055744,0,17055744,17055744,0,"","",canonical
cosmadakis,8,0,0,0,330,333,663,"{""N"":62,""arcs_enqueued"":122,""arcs_processed"":122,""max_queue"":122}","{""N"":62,""arcs_enqueued"":122,""arcs_processed"":122,""max_queue"":122}",17055744,17055744,0,17055744,17055744,0,"","",canonical
cosmadakis,9,0,0,0,330,330,660,"{""N"":61,""arcs_enqueued"":121,""arcs_processed"":121,""max_queue"":121}","{""N"":61,""arcs_enqueued"":121,""arcs_processed"":121,""max_queue"":121}",17055744,17055744,0,17055744,17055744,0,"","",canonical
cosmadakis,10,0,0,0,332,332,664,"{""N"":62,""arcs_enqueued"":122,""arcs_processed"":122,""max_queue"":122}","{""N"":62,""arcs_enqueued"":122,""arcs_processed"":122,""max_queue"":122}",17055744,17055744,0,17055744,17055744,0,"","",canonical
cosmadakis,11,0,0,0,331,333,664,"{""N"":62,""arcs_enqueued"":122,""arcs_processed"":122,""max_queue"":122}","{""N"":62,""arcs_enqueued"":122,""arcs_processed"":122,""max_queue"":122}",17055744,17055744,0,17055744,17055744,0,"","",canonical
cosmadakis,12,0,0,0,332,333,665,"{""N"":62,""arcs_enqueued"":122,""arcs_processed"":122,""max_queue"":122}","{""N"":62,""arcs_enqueued"":122,""arcs_processed"":122,""max_queue"":122}",17055744,17055744,0,17055744,17055744,0,"","",canonical
cosmadakis,13,0,0,0,332,332,664,"{""N"":62,""arcs_enqueued"":122,""arcs_processed"":122,""max_queue"":122}","{""N"":62,""arcs_enqueued"":122,""arcs_processed"":122,""max_queue"":122}",17055744,17055744,0,17055744,17055744,0,"","",canonical
cosmadakis,14,0,0,0,330,331,661,"{""N"":62,""arcs_enqueued"":122,""arcs_processed"":122,""max_queue"":122}","{""N"":62,""arcs_enqueued"":122,""arcs_processed"":122,""max_queue"":122}",17055744,17055744,0,17055744,17055744,0,"","",canonical
cosmadakis,15,0,0,0,329,332,661,"{""N"":62,""arcs_enqueued"":122,""arcs_processed"":122,""max_queue"":122}","{""N"":62,""arcs_enqueued"":122,""arcs_processed"":122,""max_queue"":122}",17055744,17055744,0,17055744,17055744,0,"","",canonical
cosmadakis,16,0,0,0,330,332,662,"{""N"":62,""arcs_enqueued"":122,""arcs_processed"":122,""max_queue"":122}","{""N"":62,""arcs_enqueued"":122,""arcs_processed"":122,""max_queue"":122}",17055744,17055744,0,17055744,17055744,0,"","",canonical
cosmadakis,17,0,0,0,330,318,648,"{""N"":62,""arcs_enqueued"":122,""arcs_processed"":122,""max_queue"":122}","{""N"":62,""arcs_enqueued"":122,""arcs_processed"":122,""max_queue"":122}",17055744,17055744,0,17055744,17055744,0,"","",canonical
cosmadakis,18,0,0,0,220,221,441,"{""N"":62,""arcs_enqueued"":122,""arcs_processed"":122,""max_queue"":122}","{""N"":62,""arcs_enqueued"":122,""arcs_processed"":122,""max_queue"":122}",17055744,17055744,0,17055744,17055744,0,"","",canonical
cosmadakis,19,0,0,0,220,221,441,"{""N"":62,""arcs_enqueued"":122,""arcs_processed"":122,""max_queue"":122}","{""N"":62,""arcs_enqueued"":122,""arcs_processed"":122,""max_queue"":122}",17055744,17055744,0,17055744,17055744,0,"","",canonical
cosmadakis,20,0,0,0,220,220,440,"{""N"":62,""arcs_enqueued"":122,""arcs_processed"":122,""max_queue"":122}","{""N"":62,""arcs_enqueued"":122,""arcs_processed"":122,""max_queue"":122}",17055744,17055744,0,17055744,17055744,0,"","",canonical
cosmadakis,21,0,0,0,220,221,441,"{""N"":62,""arcs_enqueued"":122,""arcs_processed"":122,""max_queue"":122}","{""N"":62,""arcs_enqueued"":122,""arcs_processed"":122,""max_queue"":122}",17055744,17055744,0,17055744,17055744,0,"","",canonical
cosmadakis,22,0,0,0,225,222,447,"{""N"":62,""arcs_enqueued"":122,""arcs_processed"":122,""max_queue"":122}","{""N"":62,""arcs_enqueued"":122,""arcs_processed"":122,""max_queue"":122}",17055744,17055744,0,17055744,17055744,0,"","",canonical
cosmadakis,23,0,0,0,221,222,443,"{""N"":62,""arcs_enqueued"":122,""arcs_processed"":122,""max_queue"":122}","{""N"":62,""arcs_enqueued"":122,""arcs_processed"":122,""max_queue"":122}",17055744,17055744,0,17055744,17055744,0,"","",canonical
cosmadakis,24,0,0,0,220,222,442,"{""N"":62,""arcs_enqueued"":122,""arcs_processed"":122,""max_queue"":122}","{""N"":62,""arcs_enqueued"":122,""arcs_processed"":122,""max_queue"":122}",17055744,17055744,0,17055744,17055744,0,"","",canonical
cosmadakis,25,0,0,0,225,223,448,"{""N"":62,""arcs_enqueued"":122,""arcs_processed"":122,""max_queue"":122}","{""N"":62,""arcs_enqueued"":122,""arcs_processed"":122,""max_queue"":122}",17055744,17055744,0,17055744,17055744,0,"","",canonical
cosmadakis,26,0,0,0,220,222,442,"{""N"":62,""arcs_enqueued"":122,""arcs_processed"":122,""max_queue"":122}","{""N"":62,""arcs_enqueued"":122,""arcs_processed"":122,""max_queue"":122}",17055744,17055744,0,17055744,17055744,0,"","",canonical
cosmadakis,27,0,0,0,221,221,442,"{""N"":62,""arcs_enqueued"":122,""arcs_processed"":122,""max_queue"":122}","{""N"":62,""arcs_enqueued"":122,""arcs_processed"":122,""max_queue"":122}",17055744,17055744,0,17055744,17055744,0,"","",canonical
cosmadakis,28,0,0,0,221,223,444,"{""N"":62,""arcs_enqueued"":122,""arcs_processed"":122,""max_queue"":122}","{""N"":62,""arcs_enqueued"":122,""arcs_processed"":122,""max_queue"":122}",17055744,17055744,0,17055744,17055744,0,"","",canonical
cosmadakis,29,0,0,0,221,222,443,"{""N"":62,""arcs_enqueued"":122,""arcs_processed"":122,""max_queue"":122}","{""N"":62,""arcs_enqueued"":122,""arcs_processed"":122,""max_queue"":122}",17055744,17055744,0,17055744,17055744,0,"","",canonical
cosmadakis,30,0,0,0,220,222,442,"{""N"":62,""arcs_enqueued"":122,""arcs_processed"":122,""max_queue"":122}","{""N"":62,""arcs_enqueued"":122,""arcs_processed"":122,""max_queue"":122}",17055744,17055744,0,17055744,17055744,0,"","",canonical
cosmadakis,31,0,0,0,221,221,442,"{""N"":62,""arcs_enqueued"":122,""arcs_processed"":122,""max_queue"":122}","{""N"":62,""arcs_enqueued"":122,""arcs_processed"":122,""max_queue"":122}",17055744,17055744,0,17055744,17055744,0,"","",canonical
