engine,pair_id,u_leq_v,v_leq_u,eq,uv_us,vu_us,total_us,uv_stats,vu_stats,uv_working_set,uv_peak_working_set,uv_private_bytes,vu_working_set,vu_peak_working_set,vu_private_bytes,uv_error,vu_error,representation
cosmadakis,0,0,0,0,2576,2426,5002,"{""N"":251,""arcs_enqueued"":503,""arcs_processed"":503,""max_queue"":503}","{""N"":251,""arcs_enqueued"":503,""arcs_processed"":503,""max_queue"":503}",17866752,17866752,0,17866752,17866752,0,"","",canonical
cosmadakis,1,0,0,0,2408,2373,4781,"{""N"":253,""arcs_enqueued"":506,""arcs_processed"":506,""max_queue"":506}","{""N"":253,""arcs_enqueued"":506,""arcs_processed"":506,""max_queue"":506}",17866752,17866752,0,17866752,17866752,0,"","",canonical
cosmadakis,2,0,0,0,2336,2367,4703,"{""N"":252,""arcs_enqueued"":506,""arcs_processed"":506,""max_queue"":506}","{""N"":252,""arcs_enqueued"":506,""arcs_processed"":506,""max_queue"":506}",17866752,17866752,0,17866752,17866752,0,"","",canonical
cosmadakis,3,0,0,0,1657,1475,3132,"{""N"":249,""arcs_enqueued"":503,""arcs_processed"":503,""max_queue"":503}","{""N"":249,""arcs_enqueued"":503,""arcs_processed"":503,""max_queue"":503}",17866752,17866752,0,17866752,17866752,0,"","",canonical
cosmadakis,4,0,0,0,1506,1530,3036,"{""N"":254,""arcs_enqueued"":506,""arcs_processed"":506,""max_queue"":506}","{""N"":254,""arcs_enqueued"":506,""arcs_processed"":506,""max_queue"":506}",17866752,17866752,0,17866752,17866752,0,"","",canonical
cosmadakis,5,0,0,0,1499,1326,2825,"{""N"":251,""arcs_enqueued"":502,""arcs_processed"":502,""max_queue"":502}","{""N"":251,""arcs_enqueued"":502,""arcs_processed"":502,""max_queue"":502}",17866752,17866752,0,17866752,17866752,0,"","",canonical
cosmadakis,6,0,0,0,1007,1007,2014,"{""N"":253,""arcs_enqueued"":505,""arcs_processed"":505,""max_queue"":505}","{""N"":253,""arcs_enqueued"":505,""arcs_processed"":505,""max_queue"":505}",17866752,17866752,0,17866752,17866752,0,"","",canonical
cosmadakis,7,0,0,0,1001,1010,2011,"{""N"":252,""arcs_enqueued"":505,""arcs_processed"":505,""max_queue"":505}","{""N"":252,""arcs_enqueued"":505,""arcs_processed"":505,""max_queue"":505}",17866752,17866752,0,17866752,17866752,0,"","",canonical
cosmadakis,8,0,0,0,1001,1004,2005,"{""N"":249,""arcs_enqueued"":503,""arcs_processed"":503,""max_queue"":503}","{""N"":249,""arcs_enqueued"":503,""arcs_processed"":503,""max_queue"":503}",17866752,17866752,0,17866752,17866752,0,"","",canonical
cosmadakis,9,0,0,0,936,689,1625,"{""N"":252,""arcs_enqueued"":505,""arcs_processed"":505,""max_queue"":505}","{""N"":252,""arcs_enqueued"":505,""arcs_processed"":505,""max_queue"":505}",17866752,17866752,0,17866752,17866752,0,"","",canonical
cosmadakis,10,0,0,0,684,687,1371,"{""N"":252,""arcs_enqueued"":504,""arcs_processed"":504,""max_queue"":504}","{""N"":252,""arcs_enqueued"":504,""arcs_processed"":504,""max_queue"":504}",17866752,17866752,0,17866752,17866752,0,"","",canonical
cosmadakis,11,0,0,0,688,688,1376,"{""N"":254,""arcs_enqueued"":506,""arcs_processed"":506,""max_queue"":506}","{""N"":254,""arcs_enqueued"":506,""arcs_processed"":506,""max_queue"":506}",17866752,17866752,0,17866752,17866752,0,"","",canonical
cosmadakis,12,0,0,0,680,686,1366,"{""N"":251,""arcs_enqueued"":503,""arcs_processed"":503,""max_queue"":503}","{""N"":251,""arcs_enqueued"":503,""arcs_processed"":503,""max_queue"":503}",17866752,17866752,0,17866752,17866752,0,"","",canonical
cosmadakis,13,0,0,0,688,687,1375,"{""N"":252,""arcs_enqueued"":505,""arcs_processed"":505,""max_queue"":505}","{""N"":252,""arcs_enqueued"":505,""arcs_processed"":505,""max_queue"":505}",17866752,17866752,0,17866752,17866752,0,"","",canonical
cosmadakis,14,0,0,0,685,683,1368,"{""N"":253,""arcs_enqueued"":505,""arcs_processed"":505,""max_queue"":505}","{""N"":253,""arcs_enqueued"":505,""arcs_processed"":505,""max_queue"":505}",17866752,17866752,0,17866752,17866752,0,"","",canonical
cosmadakis,15,0,0,0,607,631,1238,"{""N"":249,""arcs_enqueued"":502,""arcs_processed"":502,""max_queue"":502}","{""N"":249,""arcs_enqueued"":502,""arcs_processed"":502,""max_queue"":502}",17866752,17866752,0,17866752,17866752,0,"","",canonical
cosmadakis,16,0,0,0,660,638,1298,"{""N"":252,""arcs_enqueued"":505,""arcs_processed"":505,""max_queue"":505}","{""N"":252,""arcs_enqueued"":505,""arcs_processed"":505,""max_queue"":505}",17866752,17866752,0,17866752,17866752,0,"","",canonical
cosmadakis,17,0,0,0,616,614,1230,"{""N"":254,""arcs_enqueued"":506,""arcs_processed"":506,""max_queue"":506}","{""N"":254,""arcs_enqueued"":506,""arcs_processed"":506,""max_queue"":506}",17866752,17866752,0,17866752,17866752,0,"","",canonical
cosmadakis,18,0,0,0,669,672,1341,"{""N"":248,""arcs_enqueued"":505,""arcs_processed"":505,""max_queue"":505}","{""N"":248,""arcs_enqueued"":505,""arcs_processed"":505,""max_queue"":505}",17866752,17866752,0,17866752,17866752,0,"","",canonical
cosmadakis,19,0,0,0,612,614,1226,"{""N"":253,""arcs_enqueued"":505,""arcs_processed"":505,""max_queue"":505}","{""N"":253,""arcs_enqueued"":505,""arcs_processed"":505,""max_queue"":505}",17866752,17866752,0,17866752,17866752,0,"","",canonical
cosmadakis,20,0,0,0,649,656,1305,"{""N"":252,""arcs_enqueued"":506,""arcs_processed"":506,""max_queue"":506}","{""N"":252,""arcs_enqueued"":506,""arcs_processed"":506,""max_queue"":506}",17866752,17866752,0,17866752,17866752,0,"","",canonical
cosmadakis,21,0,0,0,612,614,1226,"{""N"":254,""arcs_enqueued"":506,""arcs_processed"":506,""max_queue"":506}","{""N"":254,""arcs_enqueued"":506,""arcs_processed"":506,""max_queue"":506}",17866752,17866752,0,17866752,17866752,0,"","",canonical
cosmadakis,22,0,0,0,608,640,1248,"{""N"":251,""arcs_enqueued"":504,""arcs_processed"":504,""max_queue"":504}","{""N"":251,""arcs_enqueued"":504,""arcs_processed"":504,""max_queue"":504}",17866752,17866752,0,17866752,17866752,0,"","",canonical
cosmadakis,23,0,0,0,665,611,1276,"{""N"":251,""arcs_enqueued"":504,""arcs_processed"":504,""max_queue"":504}","{""N"":251,""arcs_enqueued"":504,""arcs_processed"":504,""max_queue"":504}",17866752,17866752,0,17866752,17866752,0,"","",canonical
cosmadakis,24,0,0,0,608,612,1220,"{""N"":250,""arcs_enqueued"":504,""arcs_processed"":504,""max_queue"":504}","{""N"":250,""arcs_enqueued"":504,""arcs_processed"":504,""max_queue"":504}",17866752,17866752,0,17866752,17866752,0,"","",canonical
cosmadakis,25,0,0,0,659,667,1326,"{""N"":253,""arcs_enqueued"":505,""arcs_processed"":505,""max_queue"":505}","{""N"":253,""arcs_enqueued"":505,""arcs_processed"":505,""max_queue"":505}",17866752,17866752,0,17866752,17866752,0,"","",canonical
cosmadakis,26,0,0,0,609,611,1220,"{""N"":252,""arcs_enqueued"":504,""arcs_processed"":504,""max_queue"":504}","{""N"":252,""arcs_enqueued"":504,""arcs_processed"":504,""max_queue"":504}",17866752,17866752,0,17866752,17866752,0,"","",canonical
cosmadakis,27,0,0,0,610,612,1222,"{""N"":250,""arcs_enqueued"":505,""arcs_processed"":505,""max_queue"":505}","{""N"":250,""arcs_enqueued"":505,""arcs_processed"":505,""max_queue"":505}",17866752,17866752,0,17866752,17866752,0,"","",canonical
cosmadakis,28,0,0,0,609,612,1221,"{""N"":252,""arcs_enqueued"":504,""arcs_processed"":504,""max_queue"":504}","{""N"":252,""arcs_enqueued"":504,""arcs_processed"":504,""max_queue"":504}",17866752,17866752,0,17866752,17866752,0,"","",canonical
cosmadakis,29,0,0,0,610,617,1227,"{""N"":253,""arcs_enqueued"":505,""arcs_processed"":505,""max_queue"":505}","{""N"":253,""arcs_enqueued"":505,""arcs_processed"":505,""max_queue"":505}",17866752,17866752,0,17866752,17866752,0,"","",canonical
cosmadakis,30,0,0,0,609,613,1222,"{""N"":251,""arcs_enqueued"":505,""arcs_processed"":505,""max_queue"":505}","{""N"":251,""arcs_enqueued"":505,""arcs_processed"":505,""max_queue"":505}",17866752,17866752,0,17866752,17866752,0,"","",canonical
cosmadakis,31,0,0,0,610,612,1222,"{""N"":252,""arcs_enqueued"":504,""arcs_processed"":504,""max_queue"":504}","{""N"":252,""arcs_enqueued"":504,""arcs_processed"":504,""max_queue"":504}",17866752,17866752,0,17866752,17866752,0,"","",canonical
