engine,pair_id,u_leq_v,v_leq_u,eq,uv_us,vu_us,total_us,uv_stats,vu_stats,uv_working_set,uv_peak_working_set,uv_private_bytes,vu_working_set,vu_peak_working_set,vu_private_bytes,uv_error,vu_error,representation
cosmadakis,0,0,0,0,15738,9593,25331,"{""N"":990,""arcs_enqueued"":2032,""arcs_processed"":2032,""max_queue"":2032}","{""N"":990,""arcs_enqueued"":2032,""arcs_processed"":2032,""max_queue"":2032}",18677760,18677760,0,18677760,18677760,0,"","",canonical
cosmadakis,1,0,0,0,5586,4737,10323,"{""N"":988,""arcs_enqueued"":2022,""arcs_processed"":2022,""max_queue"":2022}","{""N"":988,""arcs_enqueued"":2022,""arcs_processed"":2022,""max_queue"":2022}",18677760,18677760,0,18677760,18677760,0,"","",canonical
cosmadakis,2,0,0,0,4523,4722,9245,"{""N"":995,""arcs_enqueued"":2026,""arcs_processed"":2026,""max_queue"":2026}","{""N"":995,""arcs_enqueued"":2026,""arcs_processed"":2026,""max_queue"":2026}",18677760,18677760,0,18677760,18677760,0,"","",canonical
cosmadakis,3,0,0,0,4484,4450,8934,"{""N"":991,""arcs_enqueued"":2022,""arcs_processed"":2022,""max_queue"":2022}","{""N"":991,""arcs_enqueued"":2022,""arcs_processed"":2022,""max_queue"":2022}",18677760,18677760,0,18677760,18677760,0,"","",canonical
cosmadakis,4,0,0,0,4450,4434,8884,"{""N"":992,""arcs_enqueued"":2033,""arcs_processed"":2033,""max_queue"":2033}","{""N"":992,""arcs_enqueued"":2033,""arcs_processed"":2033,""max_queue"":2033}",18677760,18677760,0,18677760,18677760,0,"","",canonical
cosmadakis,5,0,0,0,4381,4397,8778,"{""N"":992,""arcs_enqueued"":2027,""arcs_processed"":2027,""max_queue"":2027}","{""N"":992,""arcs_enqueued"":2027,""arcs_processed"":2027,""max_queue"":2027}",18677760,18677760,0,18677760,18677760,0,"","",canonical
cosmadakis,6,0,0,0,4364,4340,8704,"{""N"":994,""arcs_enqueued"":2029,""arcs_processed"":2029,""max_queue"":2029}","{""N"":994,""arcs_enqueued"":2029,""arcs_processed"":2029,""max_queue"":2029}",18677760,18677760,0,18677760,18677760,0,"","",canonical
cosmadakis,7,0,0,0,4304,4404,8708,"{""N"":986,""arcs_enqueued"":2029,""arcs_processed"":2029,""max_queue"":2029}","{""N"":986,""arcs_enqueued"":2029,""arcs_processed"":2029,""max_queue"":2029}",18677760,18677760,0,18677760,18677760,0,"","",canonical
cosmadakis,8,0,0,0,4314,4479,8793,"{""N"":992,""arcs_enqueued"":2023,""arcs_processed"":2023,""max_queue"":2023}","{""N"":992,""arcs_enqueued"":2023,""arcs_processed"":2023,""max_queue"":2023}",18677760,18677760,0,18677760,18677760,0,"","",canonical
cosmadakis,9,0,0,0,4325,4325,8650,"{""N"":991,""arcs_enqueued"":2031,""arcs_processed"":2031,""max_queue"":2031}","{""N"":991,""arcs_enqueued"":2031,""arcs_processed"":2031,""max_queue"":2031}",18677760,18677760,0,18677760,18677760,0,"","",canonical
cosmadakis,10,0,0,0,4433,4365,8798,"{""N"":1002,""arcs_enqueued"":2032,""arcs_processed"":2032,""max_queue"":2032}","{""N"":1002,""arcs_enqueued"":2032,""arcs_processed"":2032,""max_queue"":2032}",18677760,18677760,0,18677760,18677760,0,"","",canonical
cosmadakis,11,0,0,0,4336,4340,8676,"{""N"":999,""arcs_enqueued"":2031,""arcs_processed"":2031,""max_queue"":2031}","{""N"":999,""arcs_enqueued"":2031,""arcs_processed"":2031,""max_queue"":2031}",18677760,18677760,0,18677760,18677760,0,"","",canonical
cosmadakis,12,0,0,0,4296,4319,8615,"{""N"":990,""arcs_enqueued"":2025,""arcs_processed"":2025,""max_queue"":2025}","{""N"":990,""arcs_enqueued"":2025,""arcs_processed"":2025,""max_queue"":2025}",18677760,18677760,0,18677760,18677760,0,"","",canonical
cosmadakis,13,0,0,0,4313,4335,8648,"{""N"":995,""arcs_enqueued"":2027,""arcs_processed"":2027,""max_queue"":2027}","{""N"":995,""arcs_enqueued"":2027,""arcs_processed"":2027,""max_queue"":2027}",18677760,18677760,0,18677760,18677760,0,"","",canonical
cosmadakis,14,0,0,0,4328,4346,8674,"{""N"":999,""arcs_enqueued"":2028,""arcs_processed"":2028,""max_queue"":2028}","{""N"":999,""arcs_enqueued"":2028,""arcs_processed"":2028,""max_queue"":2028}",18677760,18677760,0,18677760,18677760,0,"","",canonical
cosmadakis,15,0,0,0,4305,4327,8632,"{""N"":992,""arcs_enqueued"":2026,""arcs_processed"":2026,""max_queue"":2026}","{""N"":992,""arcs_enqueued"":2026,""arcs_processed"":2026,""max_queue"":2026}",18677760,18677760,0,18677760,18677760,0,"","",canonical
cosmadakis,16,0,0,0,4479,4331,8810,"{""N"":1003,""arcs_enqueued"":2027,""arcs_processed"":2027,""max_queue"":2027}","{""N"":1003,""arcs_enqueued"":2027,""arcs_processed"":2027,""max_queue"":2027}",18677760,18677760,0,18677760,18677760,0,"","",canonical
cosmadakis,17,0,0,0,4357,4304,8661,"{""N"":985,""arcs_enqueued"":2019,""arcs_processed"":2019,""max_queue"":2019}","{""N"":985,""arcs_enqueued"":2019,""arcs_processed"":2019,""max_queue"":2019}",18677760,18677760,0,18677760,18677760,0,"","",canonical
cosmadakis,18,0,0,0,4300,4319,8619,"{""N"":990,""arcs_enqueued"":2026,""arcs_processed"":2026,""max_queue"":2026}","{""N"":990,""arcs_enqueued"":2026,""arcs_processed"":2026,""max_queue"":2026}",18677760,18677760,0,18677760,18677760,0,"","",canonical
cosmadakis,19,0,0,0,4337,4460,8797,"{""N"":988,""arcs_enqueued"":2025,""arcs_processed"":2025,""max_queue"":2025}","{""N"":988,""arcs_enqueued"":2025,""arcs_processed"":2025,""max_queue"":2025}",18677760,18677760,0,18677760,18677760,0,"","",canonical
cosmadakis,20,0,0,0,4414,4382,8796,"{""N"":985,""arcs_enqueued"":2021,""arcs_processed"":2021,""max_queue"":2021}","{""N"":985,""arcs_enqueued"":2021,""arcs_processed"":2021,""max_queue"":2021}",18677760,18677760,0,18677760,18677760,0,"","",canonical
cosmadakis,21,0,0,0,4296,4309,8605,"{""N"":986,""arcs_enqueued"":2025,""arcs_processed"":2025,""max_queue"":2025}","{""N"":986,""arcs_enqueued"":2025,""arcs_processed"":2025,""max_queue"":2025}",18677760,18677760,0,18677760,18677760,0,"","",canonical
cosmadakis,22,0,0,0,4279,4309,8588,"{""N"":985,""arcs_enqueued"":2019,""arcs_processed"":2019,""max_queue"":2019}","{""N"":985,""arcs_enqueued"":2019,""arcs_processed"":2019,""max_queue"":2019}",18677760,18677760,0,18677760,18677760,0,"","",canonical
cosmadakis,23,0,0,0,4322,4352,8674,"{""N"":997,""arcs_enqueued"":2031,""arcs_processed"":2031,""max_queue"":2031}","{""N"":997,""arcs_enqueued"":2031,""arcs_processed"":2031,""max_queue"":2031}",18677760,18677760,0,18677760,18677760,0,"","",canonical
cosmadakis,24,0,0,0,4314,4340,8654,"{""N"":996,""arcs_enqueued"":2028,""arcs_processed"":2028,""max_queue"":2028}","{""N"":996,""arcs_enqueued"":2028,""arcs_processed"":2028,""max_queue"":2028}",18677760,18677760,0,18677760,18677760,0,"","",canonical
cosmadakis,25,0,0,0,4278,4303,8581,"{""N"":982,""arcs_enqueued"":2025,""arcs_processed"":2025,""max_queue"":2025}","{""N"":982,""arcs_enqueued"":2025,""arcs_processed"":2025,""max_queue"":2025}",18677760,18677760,0,18677760,18677760,0,"","",canonical
cosmadakis,26,0,0,0,4336,4347,8683,"{""N"":999,""arcs_enqueued"":2033,""arcs_processed"":2033,""max_queue"":2033}","{""N"":999,""arcs_enqueued"":2033,""arcs_processed"":2033,""max_queue"":2033}",18677760,18677760,0,18677760,18677760,0,"","",canonical
cosmadakis,27,0,0,0,4305,4327,8632,"{""N"":992,""arcs_enqueued"":2030,""arcs_processed"":2030,""max_queue"":2030}","{""N"":992,""arcs_enqueued"":2030,""arcs_processed"":2030,""max_queue"":2030}",18677760,18677760,0,18677760,18677760,0,"","",canonical
cosmadakis,28,0,0,0,4320,4340,8660,"{""N"":995,""arcs_enqueued"":2036,""arcs_processed"":2036,""max_queue"":2036}","{""N"":995,""arcs_enqueued"":2036,""arcs_processed"":2036,""max_queue"":2036}",18677760,18677760,0,18677760,18677760,0,"","",canonical
cosmadakis,29,0,0,0,4275,4293,8568,"{""N"":991,""arcs_enqueued"":2021,""arcs_processed"":2021,""max_queue"":2021}","{""N"":991,""arcs_enqueued"":2021,""arcs_processed"":2021,""max_queue"":2021}",18677760,18677760,0,18677760,18677760,0,"","",canonical
cosmadakis,30,0,0,0,4309,4326,8635,"{""N"":993,""arcs_enqueued"":2026,""arcs_processed"":2026,""max_queue"":2026}","{""N"":993,""arcs_enqueued"":2026,""arcs_processed"":2026,""max_queue"":2026}",18677760,18677760,0,18677760,18677760,0,"","",canonical
cosmadakis,31,0,0,0,4333,4342,8675,"{""N"":998,""arcs_enqueued"":2032,""arcs_processed"":2032,""max_queue"":2032}","{""N"":998,""arcs_enqueued"":2032,""arcs_processed"":2032,""max_queue"":2032}",18677760,18677760,0,18677760,18677760,0,"","",canonical
