engine,pair_id,u_leq_v,v_leq_u,eq,uv_us,vu_us,total_us,uv_stats,vu_stats,uv_working_set,uv_peak_working_set,uv_private_bytes,vu_working_set,vu_peak_working_set,vu_private_bytes,uv_error,vu_error,representation
cosmadakis,0,0,0,0,1717,1713,3430,"{""N"":503,""arcs_enqueued"":1015,""arcs_processed"":1015,""max_queue"":1015}","{""N"":503,""arcs_enqueued"":1015,""arcs_processed"":1015,""max_queue"":1015}",18137088,18137088,0,18137088,18137088,0,"","",canonical
cosmadakis,1,0,0,0,1620,1629,3249,"{""N"":499,""arcs_enqueued"":1013,""arcs_processed"":1013,""max_queue"":1013}","{""N"":499,""arcs_enqueued"":1013,""arcs_processed"":1013,""max_queue"":1013}",18137088,18137088,0,18137088,18137088,0,"","",canonical
cosmadakis,2,0,0,0,1620,1625,3245,"{""N"":497,""arcs_enqueued"":1013,""arcs_processed"":1013,""max_queue"":1013}","{""N"":497,""arcs_enqueued"":1013,""arcs_processed"":1013,""max_queue"":1013}",18137088,18137088,0,18137088,18137088,0,"","",canonical
cosmadakis,3,0,0,0,1642,1604,3246,"{""N"":506,""arcs_enqueued"":1016,""arcs_processed"":1016,""max_queue"":1016}","{""N"":506,""arcs_enqueued"":1016,""arcs_processed"":1016,""max_queue"":1016}",18137088,18137088,0,18137088,18137088,0,"","",canonical
cosmadakis,4,0,0,0,1509,1567,3076,"{""N"":501,""arcs_enqueued"":1013,""arcs_processed"":1013,""max_queue"":1013}","{""N"":501,""arcs_enqueued"":1013,""arcs_processed"":1013,""max_queue"":1013}",18137088,18137088,0,18137088,18137088,0,"","",canonical
cosmadakis,5,0,0,0,1499,1605,3104,"{""N"":505,""arcs_enqueued"":1016,""arcs_processed"":1016,""max_queue"":1016}","{""N"":505,""arcs_enqueued"":1016,""arcs_processed"":1016,""max_queue"":1016}",18137088,18137088,0,18137088,18137088,0,"","",canonical
cosmadakis,6,0,0,0,1486,1562,3048,"{""N"":501,""arcs_enqueued"":1011,""arcs_processed"":1011,""max_queue"":1011}","{""N"":501,""arcs_enqueued"":1011,""arcs_processed"":1011,""max_queue"":1011}",18137088,18137088,0,18137088,18137088,0,"","",canonical
cosmadakis,7,0,0,0,1485,1604,3089,"{""N"":502,""arcs_enqueued"":1014,""arcs_processed"":1014,""max_queue"":1014}","{""N"":502,""arcs_enqueued"":1014,""arcs_processed"":1014,""max_queue"":1014}",18137088,18137088,0,18137088,18137088,0,"","",canonical
cosmadakis,8,0,0,0,1497,1602,3099,"{""N"":503,""arcs_enqueued"":1016,""arcs_processed"":1016,""max_queue"":1016}","{""N"":503,""arcs_enqueued"":1016,""arcs_processed"":1016,""max_queue"":1016}",18137088,18137088,0,18137088,18137088,0,"","",canonical
cosmadakis,9,0,0,0,1502,1625,3127,"{""N"":501,""arcs_enqueued"":1013,""arcs_processed"":1013,""max_queue"":1013}","{""N"":501,""arcs_enqueued"":1013,""arcs_processed"":1013,""max_queue"":1013}",18137088,18137088,0,18137088,18137088,0,"","",canonical
cosmadakis,10,0,0,0,1491,1602,3093,"{""N"":503,""arcs_enqueued"":1016,""arcs_processed"":1016,""max_queue"":1016}","{""N"":503,""arcs_enqueued"":1016,""arcs_processed"":1016,""max_queue"":1016}",18137088,18137088,0,18137088,18137088,0,"","",canonical
cosmadakis,11,0,0,0,1482,1593,3075,"{""N"":503,""arcs_enqueued"":1015,""arcs_processed"":1015,""max_queue"":1015}","{""N"":503,""arcs_enqueued"":1015,""arcs_processed"":1015,""max_queue"":1015}",18137088,18137088,0,18137088,18137088,0,"","",canonical
cosmadakis,12,0,0,0,1487,1601,3088,"{""N"":502,""arcs_enqueued"":1014,""arcs_processed"":1014,""max_queue"":1014}","{""N"":502,""arcs_enqueued"":1014,""arcs_processed"":1014,""max_queue"":1014}",18137088,18137088,0,18137088,18137088,0,"","",canonical
cosmadakis,13,0,0,0,1478,1588,3066,"{""N"":501,""arcs_enqueued"":1013,""arcs_processed"":1013,""max_queue"":1013}","{""N"":501,""arcs_enqueued"":1013,""arcs_processed"":1013,""max_queue"":1013}",18137088,18137088,0,18137088,18137088,0,"","",canonical
cosmadakis,14,0,0,0,1470,1582,3052,"{""N"":497,""arcs_enqueued"":1009,""arcs_processed"":1009,""max_queue"":1009}","{""N"":497,""arcs_enqueued"":1009,""arcs_processed"":1009,""max_queue"":1009}",18137088,18137088,0,18137088,18137088,0,"","",canonical
cosmadakis,15,0,0,0,1481,1617,3098,"{""N"":499,""arcs_enqueued"":1013,""arcs_processed"":1013,""max_queue"":1013}","{""N"":499,""arcs_enqueued"":1013,""arcs_processed"":1013,""max_queue"":1013}",18137088,18137088,0,18137088,18137088,0,"","",canonical
cosmadakis,16,0,0,0,1493,1561,3054,"{""N"":503,""arcs_enqueued"":1015,""arcs_processed"":1015,""max_queue"":1015}","{""N"":503,""arcs_enqueued"":1015,""arcs_processed"":1015,""max_queue"":1015}",18137088,18137088,0,18137088,18137088,0,"","",canonical
cosmadakis,17,0,0,0,1485,1553,3038,"{""N"":503,""arcs_enqueued"":1014,""arcs_processed"":1014,""max_queue"":1014}","{""N"":503,""arcs_enqueued"":1014,""arcs_processed"":1014,""max_queue"":1014}",18137088,18137088,0,18137088,18137088,0,"","",canonical
cosmadakis,18,0,0,0,1483,1549,3032,"{""N"":500,""arcs_enqueued"":1016,""arcs_processed"":1016,""max_queue"":1016}","{""N"":500,""arcs_enqueued"":1016,""arcs_processed"":1016,""max_queue"":1016}",18137088,18137088,0,18137088,18137088,0,"","",canonical
cosmadakis,19,0,0,0,1486,1489,2975,"{""N"":503,""arcs_enqueued"":1015,""arcs_processed"":1015,""max_queue"":1015}","{""N"":503,""arcs_enqueued"":1015,""arcs_processed"":1015,""max_queue"":1015}",18137088,18137088,0,18137088,18137088,0,"","",canonical
cosmadakis,20,0,0,0,1475,1484,2959,"{""N"":499,""arcs_enqueued"":1012,""arcs_processed"":1012,""max_queue"":1012}","{""N"":499,""arcs_enqueued"":1012,""arcs_processed"":1012,""max_queue"":1012}",18137088,18137088,0,18137088,18137088,0,"","",canonical
cosmadakis,21,0,0,0,1483,1494,2977,"{""N"":503,""arcs_enqueued"":1015,""arcs_processed"":1015,""max_queue"":1015}","{""N"":503,""arcs_enqueued"":1015,""arcs_processed"":1015,""max_queue"":1015}",18137088,18137088,0,18137088,18137088,0,"","",canonical
cosmadakis,22,0,0,0,1478,1491,2969,"{""N"":500,""arcs_enqueued"":1017,""arcs_processed"":1017,""max_queue"":1017}","{""N"":500,""arcs_enqueued"":1017,""arcs_processed"":1017,""max_queue"":1017}",18137088,18137088,0,18137088,18137088,0,"","",canonical
cosmadakis,23,0,0,0,1476,1484,2960,"{""N"":500,""arcs_enqueued"":1012,""arcs_processed"":1012,""max_queue"":1012}","{""N"":500,""arcs_enqueued"":1012,""arcs_processed"":1012,""max_queue"":1012}",18137088,18137088,0,18137088,18137088,0,"","",canonical
cosmadakis,24,0,0,0,1485,1492,2977,"{""N"":504,""arcs_enqueued"":1014,""arcs_processed"":1014,""max_queue"":1014}","{""N"":504,""arcs_enqueued"":1014,""arcs_processed"":1014,""max_queue"":1014}",18137088,18137088,0,18137088,18137088,0,"","",canonical
cosmadakis,25,0,0,0,1481,1493,2974,"{""N"":503,""arcs_enqueued"":1017,""arcs_processed"":1017,""max_queue"":1017}","{""N"":503,""arcs_enqueued"":1017,""arcs_processed"":1017,""max_queue"":1017}",18137088,18137088,0,18137088,18137088,0,"","",canonical
cosmadakis,26,0,0,0,1482,1494,2976,"{""N"":501,""arcs_enqueued"":1014,""arcs_processed"":1014,""max_queue"":1014}","{""N"":501,""arcs_enqueued"":1014,""arcs_processed"":1014,""max_queue"":1014}",18137088,18137088,0,18137088,18137088,0,"","",canonical
cosmadakis,27,0,0,0,1488,1496,2984,"{""N"":505,""arcs_enqueued"":1015,""arcs_processed"":1015,""max_queue"":1015}","{""N"":505,""arcs_enqueued"":1015,""arcs_processed"":1015,""max_queue"":1015}",18137088,18137088,0,18137088,18137088,0,"","",canonical
cosmadakis,28,0,0,0,1484,1488,2972,"{""N"":504,""arcs_enqueued"":1014,""arcs_processed"":1014,""max_queue"":1014}","{""N"":504,""arcs_enqueued"":1014,""arcs_processed"":1014,""max_queue"":1014}",18137088,18137088,0,18137088,18137088,0,"","",canonical
cosmadakis,29,0,0,0,1487,1494,2981,"{""N"":504,""arcs_enqueued"":1016,""arcs_processed"":1016,""max_queue"":1016}","{""N"":504,""arcs_enqueued"":1016,""arcs_processed"":1016,""max_queue"":1016}",18137088,18137088,0,18137088,18137088,0,"","",canonical
cosmadakis,30,0,0,0,1477,1477,2954,"{""N"":495,""arcs_enqueued"":1009,""arcs_processed"":1009,""max_queue"":1009}","{""N"":495,""arcs_enqueued"":1009,""arcs_processed"":1009,""max_queue"":1009}",18137088,18137088,0,18137088,18137088,0,"","",canonical
cosmadakis,31,0,0,0,1485,1483,2968,"{""N"":503,""arcs_enqueued"":1014,""arcs_processed"":1014,""max_queue"":1014}","{""N"":503,""arcs_enqueued"":1014,""arcs_processed"":1014,""max_queue"":1014}",18137088,18137088,0,18137088,18137088,0,"","",canonical
