engine,pair_id,u_leq_v,v_leq_u,eq,uv_us,vu_us,total_us,uv_stats,vu_stats,uv_working_set,uv_peak_working_set,uv_private_bytes,vu_working_set,vu_peak_working_set,vu_private_bytes,uv_error,vu_error,representation
cosmadakis,0,0,0,0,346,319,665,"{""N"":125,""arcs_enqueued"":249,""arcs_processed"":249,""max_queue"":249}","{""N"":125,""arcs_enqueued"":249,""arcs_processed"":249,""max_queue"":249}",17596416,17596416,0,17596416,17596416,0,"","",canonical
cosmadakis,1,0,0,0,318,316,634,"{""N"":126,""arcs_enqueued"":250,""arcs_processed"":250,""max_queue"":250}","{""N"":126,""arcs_enqueued"":250,""arcs_processed"":250,""max_queue"":250}",17596416,17596416,0,17596416,17596416,0,"","",canonical
cosmadakis,2,0,0,0,316,317,633,"{""N"":126,""arcs_enqueued"":250,""arcs_processed"":250,""max_queue"":250}","{""N"":126,""arcs_enqueued"":250,""arcs_processed"":250,""max_queue"":250}",17596416,17596416,0,17596416,17596416,0,"","",canonical
cosmadakis,3,0,0,0,317,313,630,"{""N"":123,""arcs_enqueued"":246,""arcs_processed"":246,""max_queue"":246}","{""N"":123,""arcs_enqueued"":246,""arcs_processed"":246,""max_queue"":246}",17596416,17596416,0,17596416,17596416,0,"","",canonical
cosmadakis,4,0,0,0,316,321,637,"{""N"":126,""arcs_enqueued"":250,""arcs_processed"":250,""max_queue"":250}","{""N"":126,""arcs_enqueued"":250,""arcs_processed"":250,""max_queue"":250}",17596416,17596416,0,17596416,17596416,0,"","",canonical
cosmadakis,5,0,0,0,314,315,629,"{""N"":126,""arcs_enqueued"":250,""arcs_processed"":250,""max_queue"":250}","{""N"":126,""arcs_enqueued"":250,""arcs_processed"":250,""max_queue"":250}",17596416,17596416,0,17596416,17596416,0,"","",canonical
cosmadakis,6,0,0,0,312,316,628,"{""N"":126,""arcs_enqueued"":250,""arcs_processed"":250,""max_queue"":250}","{""N"":126,""arcs_enqueued"":250,""arcs_processed"":250,""max_queue"":250}",17596416,17596416,0,17596416,17596416,0,"","",canonical
cosmadakis,7,0,0,0,316,319,635,"{""N"":126,""arcs_enqueued"":250,""arcs_processed"":250,""max_queue"":250}","{""N"":126,""arcs_enqueued"":250,""arcs_processed"":250,""max_queue"":250}",17596416,17596416,0,17596416,17596416,0,"","",canonical
cosmadakis,8,0,0,0,316,315,631,"{""N"":125,""arcs_enqueued"":250,""arcs_processed"":250,""max_queue"":250}","{""N"":125,""arcs_enqueued"":250,""arcs_processed"":250,""max_queue"":250}",17596416,17596416,0,17596416,17596416,0,"","",canonical
cosmadakis,9,0,0,0,315,315,630,"{""N"":126,""arcs_enqueued"":250,""arcs_processed"":250,""max_queue"":250}","{""N"":126,""arcs_enqueued"":250,""arcs_processed"":250,""max_queue"":250}",17596416,17596416,0,17596416,17596416,0,"","",canonical
cosmadakis,10,0,0,0,315,316,631,"{""N"":124,""arcs_enqueued"":251,""arcs_processed"":251,""max_queue"":251}","{""N"":124,""arcs_enqueued"":251,""arcs_processed"":251,""max_queue"":251}",17596416,17596416,0,17596416,17596416,0,"","",canonical
cosmadakis,11,0,0,0,273,274,547,"{""N"":125,""arcs_enqueued"":250,""arcs_processed"":250,""max_queue"":250}","{""N"":125,""arcs_enqueued"":250,""arcs_processed"":250,""max_queue"":250}",17596416,17596416,0,17596416,17596416,0,"","",canonical
cosmadakis,12,0,0,0,277,301,578,"{""N"":125,""arcs_enqueued"":249,""arcs_processed"":249,""max_queue"":249}","{""N"":125,""arcs_enqueued"":249,""arcs_processed"":249,""max_queue"":249}",17596416,17596416,0,17596416,17596416,0,"","",canonical
cosmadakis,13,0,0,0,308,293,601,"{""N"":124,""arcs_enqueued"":249,""arcs_processed"":249,""max_queue"":249}","{""N"":124,""arcs_enqueued"":249,""arcs_processed"":249,""max_queue"":249}",17596416,17596416,0,17596416,17596416,0,"","",canonical
cosmadakis,14,0,0,0,273,275,548,"{""N"":126,""arcs_enqueued"":250,""arcs_processed"":250,""max_queue"":250}","{""N"":126,""arcs_enqueued"":250,""arcs_processed"":250,""max_queue"":250}",17596416,17596416,0,17596416,17596416,0,"","",canonical
cosmadakis,15,0,0,0,276,274,550,"{""N"":125,""arcs_enqueued"":249,""arcs_processed"":249,""max_queue"":249}","{""N"":125,""arcs_enqueued"":249,""arcs_processed"":249,""max_queue"":249}",17596416,17596416,0,17596416,17596416,0,"","",canonical
cosmadakis,16,0,0,0,274,274,548,"{""N"":126,""arcs_enqueued"":250,""arcs_processed"":250,""max_queue"":250}","{""N"":126,""arcs_enqueued"":250,""arcs_processed"":250,""max_queue"":250}",17596416,17596416,0,17596416,17596416,0,"","",canonical
cosmadakis,17,0,0,0,284,303,587,"{""N"":125,""arcs_enqueued"":250,""arcs_processed"":250,""max_queue"":250}","{""N"":125,""arcs_enqueued"":250,""arcs_processed"":250,""max_queue"":250}",17596416,17596416,0,17596416,17596416,0,"","",canonical
cosmadakis,18,0,0,0,292,293,585,"{""N"":124,""arcs_enqueued"":249,""arcs_processed"":249,""max_queue"":249}","{""N"":124,""arcs_enqueued"":249,""arcs_processed"":249,""max_queue"":249}",17596416,17596416,0,17596416,17596416,0,"","",canonical
cosmadakis,19,0,0,0,274,274,548,"{""N"":125,""arcs_enqueued"":249,""arcs_processed"":249,""max_queue"":249}","{""N"":125,""arcs_enqueued"":249,""arcs_processed"":249,""max_queue"":249}",17596416,17596416,0,17596416,17596416,0,"","",canonical
cosmadakis,20,0,0,0,274,276,550,"{""N"":126,""arcs_enqueued"":250,""arcs_processed"":250,""max_queue"":250}","{""N"":126,""arcs_enqueued"":250,""arcs_processed"":250,""max_queue"":250}",17596416,17596416,0,17596416,17596416,0,"","",canonical
cosmadakis,21,0,0,0,275,274,549,"{""N"":126,""arcs_enqueued"":250,""arcs_processed"":250,""max_queue"":250}","{""N"":126,""arcs_enqueued"":250,""arcs_processed"":250,""max_queue"":250}",17596416,17596416,0,17596416,17596416,0,"","",canonical
cosmadakis,22,0,0,0,305,309,614,"{""N"":125,""arcs_enqueued"":250,""arcs_processed"":250,""max_queue"":250}","{""N"":125,""arcs_enqueued"":250,""arcs_processed"":250,""max_queue"":250}",17596416,17596416,0,17596416,17596416,0,"","",canonical
cosmadakis,23,0,0,0,294,300,594,"{""N"":126,""arcs_enqueued"":250,""arcs_processed"":250,""max_queue"":250}","{""N"":126,""arcs_enqueued"":250,""arcs_processed"":250,""max_queue"":250}",17596416,17596416,0,17596416,17596416,0,"","",canonical
cosmadakis,24,0,0,0,274,275,549,"{""N"":126,""arcs_enqueued"":250,""arcs_processed"":250,""max_queue"":250}","{""N"":126,""arcs_enqueued"":250,""arcs_processed"":250,""max_queue"":250}",17596416,17596416,0,17596416,17596416,0,"","",canonical
cosmadakis,25,0,0,0,274,289,563,"{""N"":126,""arcs_enqueued"":250,""arcs_processed"":250,""max_queue"":250}","{""N"":126,""arcs_enqueued"":250,""arcs_processed"":250,""max_queue"":250}",17596416,17596416,0,17596416,17596416,0,"","",canonical
cosmadakis,26,0,0,0,274,275,549,"{""N"":126,""arcs_enqueued"":250,""arcs_processed"":250,""max_queue"":250}","{""N"":126,""arcs_enqueued"":250,""arcs_processed"":250,""max_queue"":250}",17596416,17596416,0,17596416,17596416,0,"","",canonical
cosmadakis,27,0,0,0,290,294,584,"{""N"":126,""arcs_enqueued"":250,""arcs_processed"":250,""max_queue"":250}","{""N"":126,""arcs_enqueued"":250,""arcs_processed"":250,""max_queue"":250}",17596416,17596416,0,17596416,17596416,0,"","",canonical
cosmadakis,28,0,0,0,292,293,585,"{""N"":125,""arcs_enqueued"":249,""arcs_processed"":249,""max_queue"":249}","{""N"":125,""arcs_enqueued"":249,""arcs_processed"":249,""max_queue"":249}",17596416,17596416,0,17596416,17596416,0,"","",canonical
cosmadakis,29,0,0,0,285,287,572,"{""N"":125,""arcs_enqueued"":249,""arcs_processed"":249,""max_queue"":249}","{""N"":125,""arcs_enqueued"":249,""arcs_processed"":249,""max_queue"":249}",17596416,17596416,0,17596416,17596416,0,"","",canonical
cosmadakis,30,0,0,0,286,287,573,"{""N"":126,""arcs_enqueued"":250,""arcs_processed"":250,""max_queue"":250}","{""N"":126,""arcs_enqueued"":250,""arcs_processed"":250,""max_queue"":250}",17596416,17596416,0,17596416,17596416,0,"","",canonical
cosmadakis,31,0,0,0,289,273,562,"{""N"":125,""arcs_enqueued"":249,""arcs_processed"":249,""max_queue"":249}","{""N"":125,""arcs_enqueued"":249,""arcs_processed"":249,""max_queue"":249}",17596416,17596416,0,17596416,17596416,0,"","",canonical
