engine,pair_id,u_leq_v,v_leq_u,eq,uv_us,vu_us,total_us,uv_stats,vu_stats,uv_working_set,uv_peak_working_set,uv_private_bytes,vu_working_set,vu_peak_working_set,vu_private_bytes,uv_error,vu_error,representation
freese,0,0,0,0,11098,5771,16869,"{""recursive_calls"":13517,""memo_hits"":1861,""branch_attempts"":2914,""branch_successes"":0,""max_stack"":21}","{""recursive_calls"":10635,""memo_hits"":2884,""branch_attempts"":2945,""branch_successes"":0,""max_stack"":21}",20111360,20111360,0,20111360,20111360,0,"","",canonical
freese,1,0,0,0,5979,4280,10259,"{""recursive_calls"":13642,""memo_hits"":1860,""branch_attempts"":2945,""branch_successes"":0,""max_stack"":21}","{""recursive_calls"":10635,""memo_hits"":2884,""branch_attempts"":2945,""branch_successes"":0,""max_stack"":21}",20111360,20111360,0,20111360,20111360,0,"","",canonical
freese,2,0,0,0,5952,4130,10082,"{""recursive_calls"":13641,""memo_hits"":1860,""branch_attempts"":2945,""branch_successes"":0,""max_stack"":21}","{""recursive_calls"":10573,""memo_hits"":2915,""branch_attempts"":2914,""branch_successes"":0,""max_stack"":21}",20111360,20111360,0,20111360,20111360,0,"","",canonical
freese,3,0,0,0,5754,4116,9870,"{""recursive_calls"":13641,""memo_hits"":1860,""branch_attempts"":2945,""branch_successes"":0,""max_stack"":21}","{""recursive_calls"":10543,""memo_hits"":2885,""branch_attempts"":2914,""branch_successes"":0,""max_stack"":21}",20111360,20111360,0,20111360,20111360,0,"","",canonical
freese,4,0,0,0,5774,4160,9934,"{""recursive_calls"":13641,""memo_hits"":1860,""branch_attempts"":2945,""branch_successes"":0,""max_stack"":21}","{""recursive_calls"":10635,""memo_hits"":2884,""branch_attempts"":2945,""branch_successes"":0,""max_stack"":21}",20111360,20111360,0,20111360,20111360,0,"","",canonical
freese,5,0,0,0,5788,4086,9874,"{""recursive_calls"":13642,""memo_hits"":1860,""branch_attempts"":2945,""branch_successes"":0,""max_stack"":21}","{""recursive_calls"":10543,""memo_hits"":2885,""branch_attempts"":2914,""branch_successes"":0,""max_stack"":21}",20111360,20111360,0,20111360,20111360,0,"","",canonical
freese,6,0,0,0,5742,4122,9864,"{""recursive_calls"":13641,""memo_hits"":1860,""branch_attempts"":2945,""branch_successes"":0,""max_stack"":21}","{""recursive_calls"":10635,""memo_hits"":2884,""branch_attempts"":2945,""branch_successes"":0,""max_stack"":21}",20111360,20111360,0,20111360,20111360,0,"","",canonical
freese,7,0,0,0,5752,4083,9835,"{""recursive_calls"":13642,""memo_hits"":1860,""branch_attempts"":2945,""branch_successes"":0,""max_stack"":21}","{""recursive_calls"":10573,""memo_hits"":2915,""branch_attempts"":2914,""branch_successes"":0,""max_stack"":21}",20111360,20111360,0,20111360,20111360,0,"","",canonical
freese,8,0,0,0,5767,4127,9894,"{""recursive_calls"":13641,""memo_hits"":1860,""branch_attempts"":2945,""branch_successes"":0,""max_stack"":21}","{""recursive_calls"":10654,""memo_hits"":2888,""branch_attempts"":2953,""branch_successes"":2,""max_stack"":21}",20111360,20111360,0,20111360,20111360,0,"","",canonical
freese,9,0,0,0,5782,4184,9966,"{""recursive_calls"":13641,""memo_hits"":1860,""branch_attempts"":2945,""branch_successes"":0,""max_stack"":21}","{""recursive_calls"":10635,""memo_hits"":2884,""branch_attempts"":2945,""branch_successes"":0,""max_stack"":21}",20111360,20111360,0,20111360,20111360,0,"","",canonical
freese,10,0,0,0,5821,4255,10076,"{""recursive_calls"":13580,""memo_hits"":1923,""branch_attempts"":2914,""branch_successes"":0,""max_stack"":21}","{""recursive_calls"":10655,""memo_hits"":2889,""branch_attempts"":2953,""branch_successes"":2,""max_stack"":21}",20111360,20111360,0,20111360,20111360,0,"","",canonical
freese,11,0,0,0,5753,4142,9895,"{""recursive_calls"":13455,""memo_hits"":1923,""branch_attempts"":2883,""branch_successes"":0,""max_stack"":21}","{""recursive_calls"":10562,""memo_hits"":2889,""branch_attempts"":2922,""branch_successes"":2,""max_stack"":21}",20111360,20111360,0,20111360,20111360,0,"","",canonical
freese,12,0,0,0,5745,4160,9905,"{""recursive_calls"":13518,""memo_hits"":1861,""branch_attempts"":2914,""branch_successes"":0,""max_stack"":21}","{""recursive_calls"":10635,""memo_hits"":2884,""branch_attempts"":2945,""branch_successes"":0,""max_stack"":21}",20111360,20111360,0,20111360,20111360,0,"","",canonical
freese,13,0,0,0,5813,4102,9915,"{""recursive_calls"":13642,""memo_hits"":1860,""branch_attempts"":2945,""branch_successes"":0,""max_stack"":21}","{""recursive_calls"":10543,""memo_hits"":2885,""branch_attempts"":2914,""branch_successes"":0,""max_stack"":21}",20111360,20111360,0,20111360,20111360,0,"","",canonical
freese,14,0,0,0,5763,4160,9923,"{""recursive_calls"":13641,""memo_hits"":1860,""branch_attempts"":2945,""branch_successes"":0,""max_stack"":21}","{""recursive_calls"":10635,""memo_hits"":2884,""branch_attempts"":2945,""branch_successes"":0,""max_stack"":21}",20111360,20111360,0,20111360,20111360,0,"","",canonical
freese,15,0,0,0,5726,4251,9977,"{""recursive_calls"":13579,""memo_hits"":1923,""branch_attempts"":2914,""branch_successes"":0,""max_stack"":21}","{""recursive_calls"":10655,""memo_hits"":2889,""branch_attempts"":2953,""branch_successes"":2,""max_stack"":21}",20111360,20111360,0,20111360,20111360,0,"","",canonical
freese,16,0,0,0,5750,4154,9904,"{""recursive_calls"":13517,""memo_hits"":1861,""branch_attempts"":2914,""branch_successes"":0,""max_stack"":21}","{""recursive_calls"":10635,""memo_hits"":2884,""branch_attempts"":2945,""branch_successes"":0,""max_stack"":21}",20111360,20111360,0,20111360,20111360,0,"","",canonical
freese,17,0,0,0,5689,4145,9834,"{""recursive_calls"":13455,""memo_hits"":1923,""branch_attempts"":2883,""branch_successes"":0,""max_stack"":21}","{""recursive_calls"":10635,""memo_hits"":2884,""branch_attempts"":2945,""branch_successes"":0,""max_stack"":21}",20111360,20111360,0,20111360,20111360,0,"","",canonical
freese,18,0,0,0,5858,4153,10011,"{""recursive_calls"":13642,""memo_hits"":1860,""branch_attempts"":2945,""branch_successes"":0,""max_stack"":21}","{""recursive_calls"":10635,""memo_hits"":2884,""branch_attempts"":2945,""branch_successes"":0,""max_stack"":21}",20111360,20111360,0,20111360,20111360,0,"","",canonical
freese,19,0,0,0,5769,4098,9867,"{""recursive_calls"":13642,""memo_hits"":1861,""branch_attempts"":2945,""branch_successes"":0,""max_stack"":21}","{""recursive_calls"":10635,""memo_hits"":2884,""branch_attempts"":2945,""branch_successes"":0,""max_stack"":21}",20111360,20111360,0,20111360,20111360,0,"","",canonical
freese,20,0,0,0,5781,4153,9934,"{""recursive_calls"":13641,""memo_hits"":1860,""branch_attempts"":2945,""branch_successes"":0,""max_stack"":21}","{""recursive_calls"":10635,""memo_hits"":2884,""branch_attempts"":2945,""branch_successes"":0,""max_stack"":21}",20111360,20111360,0,20111360,20111360,0,"","",canonical
freese,21,0,0,0,5720,4114,9834,"{""recursive_calls"":13641,""memo_hits"":1860,""branch_attempts"":2945,""branch_successes"":0,""max_stack"":21}","{""recursive_calls"":10635,""memo_hits"":2884,""branch_attempts"":2945,""branch_successes"":0,""max_stack"":21}",20111360,20111360,0,20111360,20111360,0,"","",canonical
freese,22,0,0,0,5740,4131,9871,"{""recursive_calls"":13642,""memo_hits"":1860,""branch_attempts"":2945,""branch_successes"":0,""max_stack"":21}","{""recursive_calls"":10635,""memo_hits"":2884,""branch_attempts"":2945,""branch_successes"":0,""max_stack"":21}",20111360,20111360,0,20111360,20111360,0,"","",canonical
freese,23,0,0,0,5786,4134,9920,"{""recursive_calls"":13641,""memo_hits"":1860,""branch_attempts"":2945,""branch_successes"":0,""max_stack"":21}","{""recursive_calls"":10635,""memo_hits"":2884,""branch_attempts"":2945,""branch_successes"":0,""max_stack"":21}",20111360,20111360,0,20111360,20111360,0,"","",canonical
freese,24,0,0,0,5736,4182,9918,"{""recursive_calls"":13641,""memo_hits"":1860,""branch_attempts"":2945,""branch_successes"":0,""max_stack"":21}","{""recursive_calls"":10635,""memo_hits"":2884,""branch_attempts"":2945,""branch_successes"":0,""max_stack"":21}",20111360,20111360,0,20111360,20111360,0,"","",canonical
freese,25,0,0,0,5793,4090,9883,"{""recursive_calls"":13641,""memo_hits"":1860,""branch_attempts"":2945,""branch_successes"":0,""max_stack"":21}","{""recursive_calls"":10592,""memo_hits"":2919,""branch_attempts"":2922,""branch_successes"":2,""max_stack"":21}",20111360,20111360,0,20111360,20111360,0,"","",canonical
freese,26,0,0,0,5791,4202,9993,"{""recursive_calls"":13643,""memo_hits"":1860,""branch_attempts"":2945,""branch_successes"":0,""max_stack"":21}","{""recursive_calls"":10635,""memo_hits"":2884,""branch_attempts"":2945,""branch_successes"":0,""max_stack"":21}",20111360,20111360,0,20111360,20111360,0,"","",canonical
freese,27,0,0,0,5790,4129,9919,"{""recursive_calls"":13641,""memo_hits"":1860,""branch_attempts"":2945,""branch_successes"":0,""max_stack"":21}","{""recursive_calls"":10543,""memo_hits"":2885,""branch_attempts"":2914,""branch_successes"":0,""max_stack"":21}",20111360,20111360,0,20111360,20111360,0,"","",canonical
freese,28,0,0,0,5738,4205,9943,"{""recursive_calls"":13455,""memo_hits"":1923,""branch_attempts"":2883,""branch_successes"":0,""max_stack"":21}","{""recursive_calls"":10635,""memo_hits"":2884,""branch_attempts"":2945,""branch_successes"":0,""max_stack"":21}",20111360,20111360,0,20111360,20111360,0,"","",canonical
freese,29,0,0,0,5753,4117,9870,"{""recursive_calls"":13642,""memo_hits"":1860,""branch_attempts"":2945,""branch_successes"":0,""max_stack"":21}","{""recursive_calls"":10635,""memo_hits"":2884,""branch_attempts"":2945,""branch_successes"":0,""max_stack"":21}",20111360,20111360,0,20111360,20111360,0,"","",canonical
freese,30,0,0,0,5795,4178,9973,"{""recursive_calls"":13578,""memo_hits"":1860,""branch_attempts"":2945,""branch_successes"":0,""max_stack"":21}","{""recursive_calls"":10635,""memo_hits"":2884,""branch_attempts"":2945,""branch_successes"":0,""max_stack"":21}",20111360,20111360,0,20111360,20111360,0,"","",canonical
freese,31,0,0,0,5703,4151,9854,"{""recursive_calls"":13520,""memo_hits"":1986,""branch_attempts"":2883,""branch_successes"":0,""max_stack"":21}","{""recursive_calls"":10635,""memo_hits"":2884,""branch_attempts"":2945,""branch_successes"":0,""max_stack"":21}",20111360,20111360,0,20111360,20111360,0,"","",canonical
