engine,pair_id,u_leq_v,v_leq_u,eq,uv_us,vu_us,total_us,uv_stats,vu_stats,uv_working_set,uv_peak_working_set,uv_private_bytes,vu_working_set,vu_peak_working_set,vu_private_bytes,uv_error,vu_error,representation
freese,0,0,0,0,1287,963,2250,"{""recursive_calls"":729,""memo_hits"":84,""branch_attempts"":161,""branch_successes"":0,""max_stack"":13}","{""recursive_calls"":555,""memo_hits"":148,""branch_attempts"":161,""branch_successes"":0,""max_stack"":13}",17866752,17866752,0,17866752,17866752,0,"","",canonical
freese,1,0,0,0,1252,964,2216,"{""recursive_calls"":730,""memo_hits"":84,""branch_attempts"":161,""branch_successes"":0,""max_stack"":13}","{""recursive_calls"":555,""memo_hits"":148,""branch_attempts"":161,""branch_successes"":0,""max_stack"":13}",17866752,17866752,0,17866752,17866752,0,"","",canonical
freese,2,0,0,0,857,633,1490,"{""recursive_calls"":729,""memo_hits"":84,""branch_attempts"":161,""branch_successes"":0,""max_stack"":13}","{""recursive_calls"":555,""memo_hits"":148,""branch_attempts"":161,""branch_successes"":0,""max_stack"":13}",17866752,17866752,0,17866752,17866752,0,"","",canonical
freese,3,0,0,0,819,635,1454,"{""recursive_calls"":730,""memo_hits"":84,""branch_attempts"":161,""branch_successes"":0,""max_stack"":13}","{""recursive_calls"":555,""memo_hits"":148,""branch_attempts"":161,""branch_successes"":0,""max_stack"":13}",17866752,17866752,0,17866752,17866752,0,"","",canonical
freese,4,0,0,0,846,648,1494,"{""recursive_calls"":729,""memo_hits"":84,""branch_attempts"":161,""branch_successes"":0,""max_stack"":13}","{""recursive_calls"":555,""memo_hits"":148,""branch_attempts"":161,""branch_successes"":0,""max_stack"":13}",17866752,17866752,0,17866752,17866752,0,"","",canonical
freese,5,0,0,0,845,521,1366,"{""recursive_calls"":729,""memo_hits"":84,""branch_attempts"":161,""branch_successes"":0,""max_stack"":13}","{""recursive_calls"":555,""memo_hits"":148,""branch_attempts"":161,""branch_successes"":0,""max_stack"":13}",17866752,17866752,0,17866752,17866752,0,"","",canonical
freese,6,0,0,0,557,427,984,"{""recursive_calls"":729,""memo_hits"":84,""branch_attempts"":161,""branch_successes"":0,""max_stack"":13}","{""recursive_calls"":555,""memo_hits"":148,""branch_attempts"":161,""branch_successes"":0,""max_stack"":13}",17866752,17866752,0,17866752,17866752,0,"","",canonical
freese,7,0,0,0,547,426,973,"{""recursive_calls"":729,""memo_hits"":84,""branch_attempts"":161,""branch_successes"":0,""max_stack"":13}","{""recursive_calls"":555,""memo_hits"":148,""branch_attempts"":161,""branch_successes"":0,""max_stack"":13}",17866752,17866752,0,17866752,17866752,0,"","",canonical
freese,8,0,0,0,561,424,985,"{""recursive_calls"":729,""memo_hits"":84,""branch_attempts"":161,""branch_successes"":0,""max_stack"":13}","{""recursive_calls"":555,""memo_hits"":148,""branch_attempts"":161,""branch_successes"":0,""max_stack"":13}",17866752,17866752,0,17866752,17866752,0,"","",canonical
freese,9,0,0,0,549,417,966,"{""recursive_calls"":729,""memo_hits"":84,""branch_attempts"":161,""branch_successes"":0,""max_stack"":13}","{""recursive_calls"":555,""memo_hits"":148,""branch_attempts"":161,""branch_successes"":0,""max_stack"":13}",17866752,17866752,0,17866752,17866752,0,"","",canonical
freese,10,0,0,0,559,429,988,"{""recursive_calls"":729,""memo_hits"":84,""branch_attempts"":161,""branch_successes"":0,""max_stack"":13}","{""recursive_calls"":555,""memo_hits"":148,""branch_attempts"":161,""branch_successes"":0,""max_stack"":13}",17866752,17866752,0,17866752,17866752,0,"","",canonical
freese,11,0,0,0,376,288,664,"{""recursive_calls"":729,""memo_hits"":84,""branch_attempts"":161,""branch_successes"":0,""max_stack"":13}","{""recursive_calls"":555,""memo_hits"":148,""branch_attempts"":161,""branch_successes"":0,""max_stack"":13}",17866752,17866752,0,17866752,17866752,0,"","",canonical
freese,12,0,0,0,369,287,656,"{""recursive_calls"":729,""memo_hits"":84,""branch_attempts"":161,""branch_successes"":0,""max_stack"":13}","{""recursive_calls"":555,""memo_hits"":148,""branch_attempts"":161,""branch_successes"":0,""max_stack"":13}",17866752,17866752,0,17866752,17866752,0,"","",canonical
freese,13,0,0,0,369,289,658,"{""recursive_calls"":729,""memo_hits"":84,""branch_attempts"":161,""branch_successes"":0,""max_stack"":13}","{""recursive_calls"":555,""memo_hits"":148,""branch_attempts"":161,""branch_successes"":0,""max_stack"":13}",17866752,17866752,0,17866752,17866752,0,"","",canonical
freese,14,0,0,0,377,288,665,"{""recursive_calls"":729,""memo_hits"":84,""branch_attempts"":161,""branch_successes"":0,""max_stack"":13}","{""recursive_calls"":555,""memo_hits"":148,""branch_attempts"":161,""branch_successes"":0,""max_stack"":13}",17866752,17866752,0,17866752,17866752,0,"","",canonical
freese,15,0,0,0,365,283,648,"{""recursive_calls"":729,""memo_hits"":84,""branch_attempts"":161,""branch_successes"":0,""max_stack"":13}","{""recursive_calls"":555,""memo_hits"":148,""branch_attempts"":161,""branch_successes"":0,""max_stack"":13}",17866752,17866752,0,17866752,17866752,0,"","",canonical
freese,16,0,0,0,378,288,666,"{""recursive_calls"":729,""memo_hits"":84,""branch_attempts"":161,""branch_successes"":0,""max_stack"":13}","{""recursive_calls"":555,""memo_hits"":148,""branch_attempts"":161,""branch_successes"":0,""max_stack"":13}",17866752,17866752,0,17866752,17866752,0,"","",canonical
freese,17,0,0,0,376,288,664,"{""recursive_calls"":729,""memo_hits"":84,""branch_attempts"":161,""branch_successes"":0,""max_stack"":13}","{""recursive_calls"":555,""memo_hits"":148,""branch_attempts"":161,""branch_successes"":0,""max_stack"":13}",17866752,17866752,0,17866752,17866752,0,"","",canonical
freese,18,0,0,0,362,286,648,"{""recursive_calls"":715,""memo_hits"":99,""branch_attempts"":154,""branch_successes"":0,""max_stack"":13}","{""recursive_calls"":555,""memo_hits"":148,""branch_attempts"":161,""branch_successes"":0,""max_stack"":13}",17866752,17866752,0,17866752,17866752,0,"","",canonical
freese,19,0,0,0,326,250,576,"{""recursive_calls"":729,""memo_hits"":84,""branch_attempts"":161,""branch_successes"":0,""max_stack"":13}","{""recursive_calls"":555,""memo_hits"":148,""branch_attempts"":161,""branch_successes"":0,""max_stack"":13}",17866752,17866752,0,17866752,17866752,0,"","",canonical
freese,20,0,0,0,331,258,589,"{""recursive_calls"":729,""memo_hits"":84,""branch_attempts"":161,""branch_successes"":0,""max_stack"":13}","{""recursive_calls"":555,""memo_hits"":148,""branch_attempts"":161,""branch_successes"":0,""max_stack"":13}",17866752,17866752,0,17866752,17866752,0,"","",canonical
freese,21,0,0,0,351,263,614,"{""recursive_calls"":729,""memo_hits"":84,""branch_attempts"":161,""branch_successes"":0,""max_stack"":13}","{""recursive_calls"":555,""memo_hits"":148,""branch_attempts"":161,""branch_successes"":0,""max_stack"":13}",17866752,17866752,0,17866752,17866752,0,"","",canonical
freese,22,0,0,0,322,250,572,"{""recursive_calls"":729,""memo_hits"":84,""branch_attempts"":161,""branch_successes"":0,""max_stack"":13}","{""recursive_calls"":555,""memo_hits"":148,""branch_attempts"":161,""branch_successes"":0,""max_stack"":13}",17866752,17866752,0,17866752,17866752,0,"","",canonical
freese,23,0,0,0,323,248,571,"{""recursive_calls"":729,""memo_hits"":84,""branch_attempts"":161,""branch_successes"":0,""max_stack"":13}","{""recursive_calls"":555,""memo_hits"":148,""branch_attempts"":161,""branch_successes"":0,""max_stack"":13}",17866752,17866752,0,17866752,17866752,0,"","",canonical
freese,24,0,0,0,347,260,607,"{""recursive_calls"":729,""memo_hits"":84,""branch_attempts"":161,""branch_successes"":0,""max_stack"":13}","{""recursive_calls"":555,""memo_hits"":148,""branch_attempts"":161,""branch_successes"":0,""max_stack"":13}",17866752,17866752,0,17866752,17866752,0,"","",canonical
freese,25,0,0,0,323,251,574,"{""recursive_calls"":729,""memo_hits"":84,""branch_attempts"":161,""branch_successes"":0,""max_stack"":13}","{""recursive_calls"":555,""memo_hits"":148,""branch_attempts"":161,""branch_successes"":0,""max_stack"":13}",17866752,17866752,0,17866752,17866752,0,"","",canonical
freese,26,0,0,0,326,251,577,"{""recursive_calls"":729,""memo_hits"":84,""branch_attempts"":161,""branch_successes"":0,""max_stack"":13}","{""recursive_calls"":555,""memo_hits"":148,""branch_attempts"":161,""branch_successes"":0,""max_stack"":13}",17866752,17866752,0,17866752,17866752,0,"","",canonical
freese,27,0,0,0,322,251,573,"{""recursive_calls"":729,""memo_hits"":84,""branch_attempts"":161,""branch_successes"":0,""max_stack"":13}","{""recursive_calls"":555,""memo_hits"":148,""branch_attempts"":161,""branch_successes"":0,""max_stack"":13}",17866752,17866752,0,17866752,17866752,0,"","",canonical
freese,28,0,0,0,351,266,617,"{""recursive_calls"":729,""memo_hits"":84,""branch_attempts"":161,""branch_successes"":0,""max_stack"":13}","{""recursive_calls"":555,""memo_hits"":148,""branch_attempts"":161,""branch_successes"":0,""max_stack"":13}",17866752,17866752,0,17866752,17866752,0,"","",canonical
freese,29,0,0,0,328,250,578,"{""recursive_calls"":729,""memo_hits"":84,""branch_attempts"":161,""branch_successes"":0,""max_stack"":13}","{""recursive_calls"":555,""memo_hits"":148,""branch_attempts"":161,""branch_successes"":0,""max_stack"":13}",17866752,17866752,0,17866752,17866752,0,"","",canonical
freese,30,0,0,0,312,248,560,"{""recursive_calls"":729,""memo_hits"":84,""branch_attempts"":161,""branch_successes"":0,""max_stack"":13}","{""recursive_calls"":555,""memo_hits"":148,""branch_attempts"":161,""branch_successes"":0,""max_stack"":13}",17866752,17866752,0,17866752,17866752,0,"","",canonical
freese,31,0,0,0,359,268,627,"{""recursive_calls"":729,""memo_hits"":84,""branch_attempts"":161,""branch_successes"":0,""max_stack"":13}","{""recursive_calls"":555,""memo_hits"":148,""branch_attempts"":161,""branch_successes"":0,""max_stack"":13}",17866752,17866752,0,17866752,17866752,0,"","",canonical
