engine,pair_id,u_leq_v,v_leq_u,eq,uv_us,vu_us,total_us,uv_stats,vu_stats,uv_working_set,uv_peak_working_set,uv_private_bytes,vu_working_set,vu_peak_working_set,vu_private_bytes,uv_error,vu_error,representation
freese,0,0,0,0,962,250,1212,"{""recursive_calls"":553,""memo_hits"":148,""branch_attempts"":161,""branch_successes"":0,""max_stack"":11}","{""recursive_calls"":147,""memo_hits"":12,""branch_attempts"":33,""branch_successes"":0,""max_stack"":11}",17596416,17596416,0,17596416,17596416,0,"","",canonical
freese,1,0,0,0,968,249,1217,"{""recursive_calls"":553,""memo_hits"":148,""branch_attempts"":161,""branch_successes"":0,""max_stack"":11}","{""recursive_calls"":147,""memo_hits"":12,""branch_attempts"":33,""branch_successes"":0,""max_stack"":11}",17596416,17596416,0,17596416,17596416,0,"","",canonical
freese,2,0,0,0,957,256,1213,"{""recursive_calls"":553,""memo_hits"":148,""branch_attempts"":161,""branch_successes"":0,""max_stack"":11}","{""recursive_calls"":147,""memo_hits"":12,""branch_attempts"":33,""branch_successes"":0,""max_stack"":11}",17596416,17596416,0,17596416,17596416,0,"","",canonical
freese,3,0,0,0,945,248,1193,"{""recursive_calls"":553,""memo_hits"":148,""branch_attempts"":161,""branch_successes"":0,""max_stack"":11}","{""recursive_calls"":147,""memo_hits"":12,""branch_attempts"":33,""branch_successes"":0,""max_stack"":11}",17596416,17596416,0,17596416,17596416,0,"","",canonical
freese,4,0,0,0,984,248,1232,"{""recursive_calls"":553,""memo_hits"":148,""branch_attempts"":161,""branch_successes"":0,""max_stack"":11}","{""recursive_calls"":147,""memo_hits"":12,""branch_attempts"":33,""branch_successes"":0,""max_stack"":11}",17596416,17596416,0,17596416,17596416,0,"","",canonical
freese,5,0,0,0,960,247,1207,"{""recursive_calls"":553,""memo_hits"":148,""branch_attempts"":161,""branch_successes"":0,""max_stack"":11}","{""recursive_calls"":147,""memo_hits"":12,""branch_attempts"":33,""branch_successes"":0,""max_stack"":11}",17596416,17596416,0,17596416,17596416,0,"","",canonical
freese,6,0,0,0,606,156,762,"{""recursive_calls"":553,""memo_hits"":148,""branch_attempts"":161,""branch_successes"":0,""max_stack"":11}","{""recursive_calls"":147,""memo_hits"":12,""branch_attempts"":33,""branch_successes"":0,""max_stack"":11}",17596416,17596416,0,17596416,17596416,0,"","",canonical
freese,7,0,0,0,604,156,760,"{""recursive_calls"":553,""memo_hits"":148,""branch_attempts"":161,""branch_successes"":0,""max_stack"":11}","{""recursive_calls"":147,""memo_hits"":12,""branch_attempts"":33,""branch_successes"":0,""max_stack"":11}",17596416,17596416,0,17596416,17596416,0,"","",canonical
freese,8,0,0,0,603,155,758,"{""recursive_calls"":553,""memo_hits"":148,""branch_attempts"":161,""branch_successes"":0,""max_stack"":11}","{""recursive_calls"":147,""memo_hits"":12,""branch_attempts"":33,""branch_successes"":0,""max_stack"":11}",17596416,17596416,0,17596416,17596416,0,"","",canonical
freese,9,0,0,0,622,156,778,"{""recursive_calls"":553,""memo_hits"":148,""branch_attempts"":161,""branch_successes"":0,""max_stack"":11}","{""recursive_calls"":147,""memo_hits"":12,""branch_attempts"":33,""branch_successes"":0,""max_stack"":11}",17596416,17596416,0,17596416,17596416,0,"","",canonical
freese,10,0,0,0,597,157,754,"{""recursive_calls"":553,""memo_hits"":148,""branch_attempts"":161,""branch_successes"":0,""max_stack"":11}","{""recursive_calls"":147,""memo_hits"":12,""branch_attempts"":33,""branch_successes"":0,""max_stack"":11}",17596416,17596416,0,17596416,17596416,0,"","",canonical
freese,11,0,0,0,603,156,759,"{""recursive_calls"":553,""memo_hits"":148,""branch_attempts"":161,""branch_successes"":0,""max_stack"":11}","{""recursive_calls"":147,""memo_hits"":12,""branch_attempts"":33,""branch_successes"":0,""max_stack"":11}",17596416,17596416,0,17596416,17596416,0,"","",canonical
freese,12,0,0,0,606,156,762,"{""recursive_calls"":553,""memo_hits"":148,""branch_attempts"":161,""branch_successes"":0,""max_stack"":11}","{""recursive_calls"":147,""memo_hits"":12,""branch_attempts"":33,""branch_successes"":0,""max_stack"":11}",17596416,17596416,0,17596416,17596416,0,"","",canonical
freese,13,0,0,0,476,106,582,"{""recursive_calls"":553,""memo_hits"":148,""branch_attempts"":161,""branch_successes"":0,""max_stack"":11}","{""recursive_calls"":147,""memo_hits"":12,""branch_attempts"":33,""branch_successes"":0,""max_stack"":11}",17596416,17596416,0,17596416,17596416,0,"","",canonical
freese,14,0,0,0,411,106,517,"{""recursive_calls"":553,""memo_hits"":148,""branch_attempts"":161,""branch_successes"":0,""max_stack"":11}","{""recursive_calls"":147,""memo_hits"":12,""branch_attempts"":33,""branch_successes"":0,""max_stack"":11}",17596416,17596416,0,17596416,17596416,0,"","",canonical
freese,15,0,0,0,406,105,511,"{""recursive_calls"":553,""memo_hits"":148,""branch_attempts"":161,""branch_successes"":0,""max_stack"":11}","{""recursive_calls"":147,""memo_hits"":12,""branch_attempts"":33,""branch_successes"":0,""max_stack"":11}",17596416,17596416,0,17596416,17596416,0,"","",canonical
freese,16,0,0,0,414,123,537,"{""recursive_calls"":553,""memo_hits"":148,""branch_attempts"":161,""branch_successes"":0,""max_stack"":11}","{""recursive_calls"":147,""memo_hits"":12,""branch_attempts"":33,""branch_successes"":0,""max_stack"":11}",17596416,17596416,0,17596416,17596416,0,"","",canonical
freese,17,0,0,0,409,105,514,"{""recursive_calls"":553,""memo_hits"":148,""branch_attempts"":161,""branch_successes"":0,""max_stack"":11}","{""recursive_calls"":147,""memo_hits"":12,""branch_attempts"":33,""branch_successes"":0,""max_stack"":11}",17596416,17596416,0,17596416,17596416,0,"","",canonical
freese,18,0,0,0,401,104,505,"{""recursive_calls"":553,""memo_hits"":148,""branch_attempts"":161,""branch_successes"":0,""max_stack"":11}","{""recursive_calls"":147,""memo_hits"":12,""branch_attempts"":33,""branch_successes"":0,""max_stack"":11}",17596416,17596416,0,17596416,17596416,0,"","",canonical
freese,19,0,0,0,408,106,514,"{""recursive_calls"":553,""memo_hits"":148,""branch_attempts"":161,""branch_successes"":0,""max_stack"":11}","{""recursive_calls"":147,""memo_hits"":12,""branch_attempts"":33,""branch_successes"":0,""max_stack"":11}",17596416,17596416,0,17596416,17596416,0,"","",canonical
freese,20,0,0,0,411,106,517,"{""recursive_calls"":553,""memo_hits"":148,""branch_attempts"":161,""branch_successes"":0,""max_stack"":11}","{""recursive_calls"":147,""memo_hits"":12,""branch_attempts"":33,""branch_successes"":0,""max_stack"":11}",17596416,17596416,0,17596416,17596416,0,"","",canonical
freese,21,0,0,0,411,106,517,"{""recursive_calls"":553,""memo_hits"":148,""branch_attempts"":161,""branch_successes"":0,""max_stack"":11}","{""recursive_calls"":147,""memo_hits"":12,""branch_attempts"":33,""branch_successes"":0,""max_stack"":11}",17596416,17596416,0,17596416,17596416,0,"","",canonical
freese,22,0,0,0,408,106,514,"{""recursive_calls"":553,""memo_hits"":148,""branch_attempts"":161,""branch_successes"":0,""max_stack"":11}","{""recursive_calls"":148,""memo_hits"":12,""branch_attempts"":33,""branch_successes"":0,""max_stack"":11}",17596416,17596416,0,17596416,17596416,0,"","",canonical
freese,23,0,0,0,410,105,515,"{""recursive_calls"":553,""memo_hits"":148,""branch_attempts"":161,""branch_successes"":0,""max_stack"":11}","{""recursive_calls"":147,""memo_hits"":12,""branch_attempts"":33,""branch_successes"":0,""max_stack"":11}",17596416,17596416,0,17596416,17596416,0,"","",canonical
freese,24,0,0,0,273,70,343,"{""recursive_calls"":553,""memo_hits"":148,""branch_attempts"":161,""branch_successes"":0,""max_stack"":11}","{""recursive_calls"":147,""memo_hits"":12,""branch_attempts"":33,""branch_successes"":0,""max_stack"":11}",17596416,17596416,0,17596416,17596416,0,"","",canonical
freese,25,0,0,0,276,70,346,"{""recursive_calls"":553,""memo_hits"":148,""branch_attempts"":161,""branch_successes"":0,""max_stack"":11}","{""recursive_calls"":147,""memo_hits"":12,""branch_attempts"":33,""branch_successes"":0,""max_stack"":11}",17596416,17596416,0,17596416,17596416,0,"","",canonical
freese,26,0,0,0,273,71,344,"{""recursive_calls"":553,""memo_hits"":148,""branch_attempts"":161,""branch_successes"":0,""max_stack"":11}","{""recursive_calls"":147,""memo_hits"":12,""branch_attempts"":33,""branch_successes"":0,""max_stack"":11}",17596416,17596416,0,17596416,17596416,0,"","",canonical
freese,27,0,0,0,274,70,344,"{""recursive_calls"":553,""memo_hits"":148,""branch_attempts"":161,""branch_successes"":0,""max_stack"":11}","{""recursive_calls"":147,""memo_hits"":12,""branch_attempts"":33,""branch_successes"":0,""max_stack"":11}",17596416,17596416,0,17596416,17596416,0,"","",canonical
freese,28,0,0,0,271,70,341,"{""recursive_calls"":553,""memo_hits"":148,""branch_attempts"":161,""branch_successes"":0,""max_stack"":11}","{""recursive_calls"":147,""memo_hits"":12,""branch_attempts"":33,""branch_successes"":0,""max_stack"":11}",17596416,17596416,0,17596416,17596416,0,"","",canonical
freese,29,0,0,0,287,70,357,"{""recursive_calls"":553,""memo_hits"":148,""branch_attempts"":161,""branch_successes"":0,""max_stack"":11}","{""recursive_calls"":147,""memo_hits"":12,""branch_attempts"":33,""branch_successes"":0,""max_stack"":11}",17596416,17596416,0,17596416,17596416,0,"","",canonical
freese,30,0,0,0,273,70,343,"{""recursive_calls"":553,""memo_hits"":148,""branch_attempts"":161,""branch_successes"":0,""max_stack"":11}","{""recursive_calls"":147,""memo_hits"":12,""branch_attempts"":33,""branch_successes"":0,""max_stack"":11}",17596416,17596416,0,17596416,17596416,0,"","",canonical
freese,31,0,0,0,271,70,341,"{""recursive_calls"":553,""memo_hits"":148,""branch_attempts"":161,""branch_successes"":0,""max_stack"":11}","{""recursive_calls"":147,""memo_hits"":12,""branch_attempts"":33,""branch_successes"":0,""max_stack"":11}",17596416,17596416,0,17596416,17596416,0,"","",canonical
