engine,pair_id,u_leq_v,v_leq_u,eq,uv_us,vu_us,total_us,uv_stats,vu_stats,uv_working_set,uv_peak_working_set,uv_private_bytes,vu_working_set,vu_peak_working_set,vu_private_bytes,uv_error,vu_error,representation
freese,0,0,0,0,150,86,236,"{""recursive_calls"":145,""memo_hits"":12,""branch_attempts"":33,""branch_successes"":0,""max_stack"":9}","{""recursive_calls"":107,""memo_hits"":28,""branch_attempts"":33,""branch_successes"":0,""max_stack"":9}",17055744,17055744,0,17055744,17055744,0,"","",canonical
freese,1,0,0,0,133,84,217,"{""recursive_calls"":145,""memo_hits"":12,""branch_attempts"":33,""branch_successes"":0,""max_stack"":9}","{""recursive_calls"":107,""memo_hits"":28,""branch_attempts"":33,""branch_successes"":0,""max_stack"":9}",17055744,17055744,0,17055744,17055744,0,"","",canonical
freese,2,0,0,0,130,84,214,"{""recursive_calls"":145,""memo_hits"":12,""branch_attempts"":33,""branch_successes"":0,""max_stack"":9}","{""recursive_calls"":107,""memo_hits"":28,""branch_attempts"":33,""branch_successes"":0,""max_stack"":9}",17055744,17055744,0,17055744,17055744,0,"","",canonical
freese,3,0,0,0,129,83,212,"{""recursive_calls"":145,""memo_hits"":12,""branch_attempts"":33,""branch_successes"":0,""max_stack"":9}","{""recursive_calls"":107,""memo_hits"":28,""branch_attempts"":33,""branch_successes"":0,""max_stack"":9}",17055744,17055744,0,17055744,17055744,0,"","",canonical
freese,4,0,0,0,130,84,214,"{""recursive_calls"":145,""memo_hits"":12,""branch_attempts"":33,""branch_successes"":0,""max_stack"":9}","{""recursive_calls"":107,""memo_hits"":28,""branch_attempts"":33,""branch_successes"":0,""max_stack"":9}",17055744,17055744,0,17055744,17055744,0,"","",canonical
freese,5,0,0,0,130,83,213,"{""recursive_calls"":145,""memo_hits"":12,""branch_attempts"":33,""branch_successes"":0,""max_stack"":9}","{""recursive_calls"":107,""memo_hits"":28,""branch_attempts"":33,""branch_successes"":0,""max_stack"":9}",17055744,17055744,0,17055744,17055744,0,"","",canonical
freese,6,0,0,0,129,83,212,"{""recursive_calls"":145,""memo_hits"":12,""branch_attempts"":33,""branch_successes"":0,""max_stack"":9}","{""recursive_calls"":107,""memo_hits"":28,""branch_attempts"":33,""branch_successes"":0,""max_stack"":9}",17055744,17055744,0,17055744,17055744,0,"","",canonical
freese,7,0,0,0,130,83,213,"{""recursive_calls"":145,""memo_hits"":12,""branch_attempts"":33,""branch_successes"":0,""max_stack"":9}","{""recursive_calls"":107,""memo_hits"":28,""branch_attempts"":33,""branch_successes"":0,""max_stack"":9}",17055744,17055744,0,17055744,17055744,0,"","",canonical
freese,8,0,0,0,130,91,221,"{""recursive_calls"":145,""memo_hits"":12,""branch_attempts"":33,""branch_successes"":0,""max_stack"":9}","{""recursive_calls"":107,""memo_hits"":28,""branch_attempts"":33,""branch_successes"":0,""max_stack"":9}",17055744,17055744,0,17055744,17055744,0,"","",canonical
freese,9,0,0,0,133,83,216,"{""recursive_calls"":145,""memo_hits"":12,""branch_attempts"":33,""branch_successes"":0,""max_stack"":9}","{""recursive_calls"":107,""memo_hits"":28,""branch_attempts"":33,""branch_successes"":0,""max_stack"":9}",17055744,17055744,0,17055744,17055744,0,"","",canonical
freese,10,0,0,0,130,83,213,"{""recursive_calls"":145,""memo_hits"":12,""branch_attempts"":33,""branch_successes"":0,""max_stack"":9}","{""recursive_calls"":107,""memo_hits"":28,""branch_attempts"":33,""branch_successes"":0,""max_stack"":9}",17055744,17055744,0,17055744,17055744,0,"","",canonical
freese,11,0,0,0,131,83,214,"{""recursive_calls"":145,""memo_hits"":12,""branch_attempts"":33,""branch_successes"":0,""max_stack"":9}","{""recursive_calls"":107,""memo_hits"":28,""branch_attempts"":33,""branch_successes"":0,""max_stack"":9}",17055744,17055744,0,17055744,17055744,0,"","",canonical
freese,12,0,0,0,130,83,213,"{""recursive_calls"":145,""memo_hits"":12,""branch_attempts"":33,""branch_successes"":0,""max_stack"":9}","{""recursive_calls"":107,""memo_hits"":28,""branch_attempts"":33,""branch_successes"":0,""max_stack"":9}",17055744,17055744,0,17055744,17055744,0,"","",canonical
freese,13,0,0,0,130,83,213,"{""recursive_calls"":145,""memo_hits"":12,""branch_attempts"":33,""branch_successes"":0,""max_stack"":9}","{""recursive_calls"":107,""memo_hits"":28,""branch_attempts"":33,""branch_successes"":0,""max_stack"":9}",17055744,17055744,0,17055744,17055744,0,"","",canonical
freese,14,0,0,0,130,83,213,"{""recursive_calls"":145,""memo_hits"":12,""branch_attempts"":33,""branch_successes"":0,""max_stack"":9}","{""recursive_calls"":107,""memo_hits"":28,""branch_attempts"":33,""branch_successes"":0,""max_stack"":9}",17055744,17055744,0,17055744,17055744,0,"","",canonical
freese,15,0,0,0,130,83,213,"{""recursive_calls"":145,""memo_hits"":12,""branch_attempts"":33,""branch_successes"":0,""max_stack"":9}","{""recursive_calls"":107,""memo_hits"":28,""branch_attempts"":33,""branch_successes"":0,""max_stack"":9}",17055744,17055744,0,17055744,17055744,0,"","",canonical
freese,16,0,0,0,130,83,213,"{""recursive_calls"":145,""memo_hits"":12,""branch_attempts"":33,""branch_successes"":0,""max_stack"":9}","{""recursive_calls"":107,""memo_hits"":28,""branch_attempts"":33,""branch_successes"":0,""max_stack"":9}",17055744,17055744,0,17055744,17055744,0,"","",canonical
freese,17,0,0,0,130,83,213,"{""recursive_calls"":145,""memo_hits"":12,""branch_attempts"":33,""branch_successes"":0,""max_stack"":9}","{""recursive_calls"":107,""memo_hits"":28,""branch_attempts"":33,""branch_successes"":0,""max_stack"":9}",17055744,17055744,0,17055744,17055744,0,"","",canonical
freese,18,0,0,0,130,83,213,"{""recursive_calls"":145,""memo_hits"":12,""branch_attempts"":33,""branch_successes"":0,""max_stack"":9}","{""recursive_calls"":107,""memo_hits"":28,""branch_attempts"":33,""branch_successes"":0,""max_stack"":9}",17055744,17055744,0,17055744,17055744,0,"","",canonical
freese,19,0,0,0,130,83,213,"{""recursive_calls"":145,""memo_hits"":12,""branch_attempts"":33,""branch_successes"":0,""max_stack"":9}","{""recursive_calls"":107,""memo_hits"":28,""branch_attempts"":33,""branch_successes"":0,""max_stack"":9}",17055744,17055744,0,17055744,17055744,0,"","",canonical
freese,20,0,0,0,130,83,213,"{""recursive_calls"":145,""memo_hits"":12,""branch_attempts"":33,""branch_successes"":0,""max_stack"":9}","{""recursive_calls"":107,""memo_hits"":28,""branch_attempts"":33,""branch_successes"":0,""max_stack"":9}",17055744,17055744,0,17055744,17055744,0,"","",canonical
freese,21,0,0,0,130,83,213,"{""recursive_calls"":145,""memo_hits"":12,""branch_attempts"":33,""branch_successes"":0,""max_stack"":9}","{""recursive_calls"":107,""memo_hits"":28,""branch_attempts"":33,""branch_successes"":0,""max_stack"":9}",17055744,17055744,0,17055744,17055744,0,"","",canonical
freese,22,0,0,0,130,89,219,"{""recursive_calls"":145,""memo_hits"":12,""branch_attempts"":33,""branch_successes"":0,""max_stack"":9}","{""recursive_calls"":107,""memo_hits"":28,""branch_attempts"":33,""branch_successes"":0,""max_stack"":9}",17055744,17055744,0,17055744,17055744,0,"","",canonical
freese,23,0,0,0,87,55,142,"{""recursive_calls"":145,""memo_hits"":12,""branch_attempts"":33,""branch_successes"":0,""max_stack"":9}","{""recursive_calls"":107,""memo_hits"":28,""branch_attempts"":33,""branch_successes"":0,""max_stack"":9}",17055744,17055744,0,17055744,17055744,0,"","",canonical
freese,24,0,0,0,87,72,159,"{""recursive_calls"":145,""memo_hits"":12,""branch_attempts"":33,""branch_successes"":0,""max_stack"":9}","{""recursive_calls"":107,""memo_hits"":28,""branch_attempts"":33,""branch_successes"":0,""max_stack"":9}",17055744,17055744,0,17055744,17055744,0,"","",canonical
freese,25,0,0,0,86,55,141,"{""recursive_calls"":145,""memo_hits"":12,""branch_attempts"":33,""branch_successes"":0,""max_stack"":9}","{""recursive_calls"":107,""memo_hits"":28,""branch_attempts"":33,""branch_successes"":0,""max_stack"":9}",17055744,17055744,0,17055744,17055744,0,"","",canonical
freese,26,0,0,0,91,55,146,"{""recursive_calls"":145,""memo_hits"":12,""branch_attempts"":33,""branch_successes"":0,""max_stack"":9}","{""recursive_calls"":107,""memo_hits"":28,""branch_attempts"":33,""branch_successes"":0,""max_stack"":9}",17055744,17055744,0,17055744,17055744,0,"","",canonical
freese,27,0,0,0,86,56,142,"{""recursive_calls"":145,""memo_hits"":12,""branch_attempts"":33,""branch_successes"":0,""max_stack"":9}","{""recursive_calls"":107,""memo_hits"":28,""branch_attempts"":33,""branch_successes"":0,""max_stack"":9}",17055744,17055744,0,17055744,17055744,0,"","",canonical
freese,28,0,0,0,87,55,142,"{""recursive_calls"":145,""memo_hits"":12,""branch_attempts"":33,""branch_successes"":0,""max_stack"":9}","{""recursive_calls"":107,""memo_hits"":28,""branch_attempts"":33,""branch_successes"":0,""max_stack"":9}",17055744,17055744,0,17055744,17055744,0,"","",canonical
freese,29,0,0,0,86,55,141,"{""recursive_calls"":145,""memo_hits"":12,""branch_attempts"":33,""branch_successes"":0,""max_stack"":9}","{""recursive_calls"":107,""memo_hits"":28,""branch_attempts"":33,""branch_successes"":0,""max_stack"":9}",17055744,17055744,0,17055744,17055744,0,"","",canonical
freese,30,0,0,0,87,56,143,"{""recursive_calls"":145,""memo_hits"":12,""branch_attempts"":33,""branch_successes"":0,""max_stack"":9}","{""recursive_calls"":107,""memo_hits"":28,""branch_attempts"":33,""branch_successes"":0,""max_stack"":9}",17055744,17055744,0,17055744,17055744,0,"","",canonical
freese,31,0,0,0,86,55,141,"{""recursive_calls"":145,""memo_hits"":12,""branch_attempts"":33,""branch_successes"":0,""max_stack"":9}","{""recursive_calls"":107,""memo_hits"":28,""branch_attempts"":33,""branch_successes"":0,""max_stack"":9}",17055744,17055744,0,17055744,17055744,0,"","",canonical
