engine,pair_id,u_leq_v,v_leq_u,eq,uv_us,vu_us,total_us,uv_stats,vu_stats,uv_working_set,uv_peak_working_set,uv_private_bytes,vu_working_set,vu_peak_working_set,vu_private_bytes,uv_error,vu_error,representation
freese,0,0,0,0,5374,3451,8825,"{""recursive_calls"":3241,""memo_hits"":420,""branch_attempts"":705,""branch_successes"":0,""max_stack"":17}","{""recursive_calls"":2507,""memo_hits"":676,""branch_attempts"":705,""branch_successes"":0,""max_stack"":17}",18677760,18677760,0,18677760,18677760,0,"","",canonical
freese,1,0,0,0,3507,3008,6515,"{""recursive_calls"":3241,""memo_hits"":420,""branch_attempts"":705,""branch_successes"":0,""max_stack"":17}","{""recursive_calls"":2507,""memo_hits"":676,""branch_attempts"":705,""branch_successes"":0,""max_stack"":17}",18677760,18677760,0,18677760,18677760,0,"","",canonical
freese,2,0,0,0,4314,3002,7316,"{""recursive_calls"":3241,""memo_hits"":420,""branch_attempts"":705,""branch_successes"":0,""max_stack"":17}","{""recursive_calls"":2507,""memo_hits"":676,""branch_attempts"":705,""branch_successes"":0,""max_stack"":17}",18677760,18677760,0,18677760,18677760,0,"","",canonical
freese,3,0,0,0,2697,1943,4640,"{""recursive_calls"":3241,""memo_hits"":420,""branch_attempts"":705,""branch_successes"":0,""max_stack"":17}","{""recursive_calls"":2507,""memo_hits"":676,""branch_attempts"":705,""branch_successes"":0,""max_stack"":17}",18677760,18677760,0,18677760,18677760,0,"","",canonical
freese,4,0,0,0,1817,1338,3155,"{""recursive_calls"":3241,""memo_hits"":420,""branch_attempts"":705,""branch_successes"":0,""max_stack"":17}","{""recursive_calls"":2507,""memo_hits"":676,""branch_attempts"":705,""branch_successes"":0,""max_stack"":17}",18677760,18677760,0,18677760,18677760,0,"","",canonical
freese,5,0,0,0,1854,1330,3184,"{""recursive_calls"":3242,""memo_hits"":420,""branch_attempts"":705,""branch_successes"":0,""max_stack"":17}","{""recursive_calls"":2527,""memo_hits"":681,""branch_attempts"":713,""branch_successes"":2,""max_stack"":17}",18677760,18677760,0,18677760,18677760,0,"","",canonical
freese,6,0,0,0,1374,996,2370,"{""recursive_calls"":3242,""memo_hits"":420,""branch_attempts"":705,""branch_successes"":0,""max_stack"":17}","{""recursive_calls"":2477,""memo_hits"":691,""branch_attempts"":690,""branch_successes"":0,""max_stack"":17}",18677760,18677760,0,18677760,18677760,0,"","",canonical
freese,7,0,0,0,1349,979,2328,"{""recursive_calls"":3212,""memo_hits"":451,""branch_attempts"":690,""branch_successes"":0,""max_stack"":17}","{""recursive_calls"":2507,""memo_hits"":676,""branch_attempts"":705,""branch_successes"":0,""max_stack"":17}",18677760,18677760,0,18677760,18677760,0,"","",canonical
freese,8,0,0,0,1353,978,2331,"{""recursive_calls"":3241,""memo_hits"":420,""branch_attempts"":705,""branch_successes"":0,""max_stack"":17}","{""recursive_calls"":2507,""memo_hits"":676,""branch_attempts"":705,""branch_successes"":0,""max_stack"":17}",18677760,18677760,0,18677760,18677760,0,"","",canonical
freese,9,0,0,0,1351,974,2325,"{""recursive_calls"":3241,""memo_hits"":420,""branch_attempts"":705,""branch_successes"":0,""max_stack"":17}","{""recursive_calls"":2507,""memo_hits"":676,""branch_attempts"":705,""branch_successes"":0,""max_stack"":17}",18677760,18677760,0,18677760,18677760,0,"","",canonical
freese,10,0,0,0,1343,987,2330,"{""recursive_calls"":3241,""memo_hits"":420,""branch_attempts"":705,""branch_successes"":0,""max_stack"":17}","{""recursive_calls"":2507,""memo_hits"":676,""branch_attempts"":705,""branch_successes"":0,""max_stack"":17}",18677760,18677760,0,18677760,18677760,0,"","",canonical
freese,11,0,0,0,1391,1024,2415,"{""recursive_calls"":3241,""memo_hits"":420,""branch_attempts"":705,""branch_successes"":0,""max_stack"":17}","{""recursive_calls"":2507,""memo_hits"":676,""branch_attempts"":705,""branch_successes"":0,""max_stack"":17}",18677760,18677760,0,18677760,18677760,0,"","",canonical
freese,12,0,0,0,1414,1030,2444,"{""recursive_calls"":3242,""memo_hits"":420,""branch_attempts"":705,""branch_successes"":0,""max_stack"":17}","{""recursive_calls"":2507,""memo_hits"":676,""branch_attempts"":705,""branch_successes"":0,""max_stack"":17}",18677760,18677760,0,18677760,18677760,0,"","",canonical
freese,13,0,0,0,1388,1035,2423,"{""recursive_calls"":3241,""memo_hits"":420,""branch_attempts"":705,""branch_successes"":0,""max_stack"":17}","{""recursive_calls"":2507,""memo_hits"":676,""branch_attempts"":705,""branch_successes"":0,""max_stack"":17}",18677760,18677760,0,18677760,18677760,0,"","",canonical
freese,14,0,0,0,1374,980,2354,"{""recursive_calls"":3241,""memo_hits"":420,""branch_attempts"":705,""branch_successes"":0,""max_stack"":17}","{""recursive_calls"":2507,""memo_hits"":676,""branch_attempts"":705,""branch_successes"":0,""max_stack"":17}",18677760,18677760,0,18677760,18677760,0,"","",canonical
freese,15,0,0,0,1363,974,2337,"{""recursive_calls"":3241,""memo_hits"":420,""branch_attempts"":705,""branch_successes"":0,""max_stack"":17}","{""recursive_calls"":2507,""memo_hits"":676,""branch_attempts"":705,""branch_successes"":0,""max_stack"":17}",18677760,18677760,0,18677760,18677760,0,"","",canonical
freese,16,0,0,0,1354,971,2325,"{""recursive_calls"":3242,""memo_hits"":420,""branch_attempts"":705,""branch_successes"":0,""max_stack"":17}","{""recursive_calls"":2507,""memo_hits"":676,""branch_attempts"":705,""branch_successes"":0,""max_stack"":17}",18677760,18677760,0,18677760,18677760,0,"","",canonical
freese,17,0,0,0,1341,982,2323,"{""recursive_calls"":3181,""memo_hits"":421,""branch_attempts"":690,""branch_successes"":0,""max_stack"":17}","{""recursive_calls"":2507,""memo_hits"":676,""branch_attempts"":705,""branch_successes"":0,""max_stack"":17}",18677760,18677760,0,18677760,18677760,0,"","",canonical
freese,18,0,0,0,1358,989,2347,"{""recursive_calls"":3241,""memo_hits"":420,""branch_attempts"":705,""branch_successes"":0,""max_stack"":17}","{""recursive_calls"":2507,""memo_hits"":676,""branch_attempts"":705,""branch_successes"":0,""max_stack"":17}",18677760,18677760,0,18677760,18677760,0,"","",canonical
freese,19,0,0,0,1365,988,2353,"{""recursive_calls"":3241,""memo_hits"":420,""branch_attempts"":705,""branch_successes"":0,""max_stack"":17}","{""recursive_calls"":2507,""memo_hits"":676,""branch_attempts"":705,""branch_successes"":0,""max_stack"":17}",18677760,18677760,0,18677760,18677760,0,"","",canonical
freese,20,0,0,0,1371,993,2364,"{""recursive_calls"":3241,""memo_hits"":420,""branch_attempts"":705,""branch_successes"":0,""max_stack"":17}","{""recursive_calls"":2507,""memo_hits"":676,""branch_attempts"":705,""branch_successes"":0,""max_stack"":17}",18677760,18677760,0,18677760,18677760,0,"","",canonical
freese,21,0,0,0,1361,996,2357,"{""recursive_calls"":3241,""memo_hits"":420,""branch_attempts"":705,""branch_successes"":0,""max_stack"":17}","{""recursive_calls"":2507,""memo_hits"":676,""branch_attempts"":705,""branch_successes"":0,""max_stack"":17}",18677760,18677760,0,18677760,18677760,0,"","",canonical
freese,22,0,0,0,1373,984,2357,"{""recursive_calls"":3242,""memo_hits"":420,""branch_attempts"":705,""branch_successes"":0,""max_stack"":17}","{""recursive_calls"":2507,""memo_hits"":676,""branch_attempts"":705,""branch_successes"":0,""max_stack"":17}",18677760,18677760,0,18677760,18677760,0,"","",canonical
freese,23,0,0,0,1369,971,2340,"{""recursive_calls"":3241,""memo_hits"":420,""branch_attempts"":705,""branch_successes"":0,""max_stack"":17}","{""recursive_calls"":2507,""memo_hits"":676,""branch_attempts"":705,""branch_successes"":0,""max_stack"":17}",18677760,18677760,0,18677760,18677760,0,"","",canonical
freese,24,0,0,0,1359,974,2333,"{""recursive_calls"":3241,""memo_hits"":420,""branch_attempts"":705,""branch_successes"":0,""max_stack"":17}","{""recursive_calls"":2507,""memo_hits"":676,""branch_attempts"":705,""branch_successes"":0,""max_stack"":17}",18677760,18677760,0,18677760,18677760,0,"","",canonical
freese,25,0,0,0,1348,965,2313,"{""recursive_calls"":3211,""memo_hits"":451,""branch_attempts"":690,""branch_successes"":0,""max_stack"":17}","{""recursive_calls"":2477,""memo_hits"":691,""branch_attempts"":690,""branch_successes"":0,""max_stack"":17}",18677760,18677760,0,18677760,18677760,0,"","",canonical
freese,26,0,0,0,1364,974,2338,"{""recursive_calls"":3241,""memo_hits"":420,""branch_attempts"":705,""branch_successes"":0,""max_stack"":17}","{""recursive_calls"":2507,""memo_hits"":676,""branch_attempts"":705,""branch_successes"":0,""max_stack"":17}",18677760,18677760,0,18677760,18677760,0,"","",canonical
freese,27,0,0,0,1345,979,2324,"{""recursive_calls"":3242,""memo_hits"":420,""branch_attempts"":705,""branch_successes"":0,""max_stack"":17}","{""recursive_calls"":2507,""memo_hits"":676,""branch_attempts"":705,""branch_successes"":0,""max_stack"":17}",18677760,18677760,0,18677760,18677760,0,"","",canonical
freese,28,0,0,0,1352,993,2345,"{""recursive_calls"":3241,""memo_hits"":420,""branch_attempts"":705,""branch_successes"":0,""max_stack"":17}","{""recursive_calls"":2507,""memo_hits"":676,""branch_attempts"":705,""branch_successes"":0,""max_stack"":17}",18677760,18677760,0,18677760,18677760,0,"","",canonical
freese,29,0,0,0,1347,995,2342,"{""recursive_calls"":3241,""memo_hits"":420,""branch_attempts"":705,""branch_successes"":0,""max_stack"":17}","{""recursive_calls"":2507,""memo_hits"":676,""branch_attempts"":705,""branch_successes"":0,""max_stack"":17}",18677760,18677760,0,18677760,18677760,0,"","",canonical
freese,30,0,0,0,1330,985,2315,"{""recursive_calls"":3181,""memo_hits"":421,""branch_attempts"":690,""branch_successes"":0,""max_stack"":17}","{""recursive_calls"":2507,""memo_hits"":676,""branch_attempts"":705,""branch_successes"":0,""max_stack"":17}",18677760,18677760,0,18677760,18677760,0,"","",canonical
freese,31,0,0,0,1369,990,2359,"{""recursive_calls"":3241,""memo_hits"":420,""branch_attempts"":705,""branch_successes"":0,""max_stack"":17}","{""recursive_calls"":2507,""memo_hits"":676,""branch_attempts"":705,""branch_successes"":0,""max_stack"":17}",18677760,18677760,0,18677760,18677760,0,"","",canonical
