engine,pair_id,u_leq_v,v_leq_u,eq,uv_us,vu_us,total_us,uv_stats,vu_stats,uv_working_set,uv_peak_working_set,uv_private_bytes,vu_working_set,vu_peak_working_set,vu_private_bytes,uv_error,vu_error,representation
freese,0,0,0,0,19736,6209,25945,"{""recursive_calls"":43597,""memo_hits"":11909,""branch_attempts"":11970,""branch_successes"":0,""max_stack"":23}","{""recursive_calls"":13520,""memo_hits"":1861,""branch_attempts"":2914,""branch_successes"":0,""max_stack"":23}",21405696,21405696,0,21405696,21405696,0,"","",canonical
freese,1,0,0,0,17444,5735,23179,"{""recursive_calls"":43409,""memo_hits"":11910,""branch_attempts"":11907,""branch_successes"":0,""max_stack"":23}","{""recursive_calls"":13643,""memo_hits"":1860,""branch_attempts"":2945,""branch_successes"":0,""max_stack"":23}",21405696,21405696,0,21405696,21405696,0,"","",canonical
freese,2,0,0,0,17394,5756,23150,"{""recursive_calls"":43616,""memo_hits"":11913,""branch_attempts"":11978,""branch_successes"":2,""max_stack"":23}","{""recursive_calls"":13645,""memo_hits"":1860,""branch_attempts"":2945,""branch_successes"":0,""max_stack"":23}",21405696,21405696,0,21405696,21405696,0,"","",canonical
freese,3,0,0,0,17410,5695,23105,"{""recursive_calls"":43571,""memo_hits"":12043,""branch_attempts"":11922,""branch_successes"":4,""max_stack"":23}","{""recursive_calls"":13520,""memo_hits"":1861,""branch_attempts"":2914,""branch_successes"":0,""max_stack"":23}",21405696,21405696,0,21405696,21405696,0,"","",canonical
freese,4,0,0,0,17445,5692,23137,"{""recursive_calls"":43804,""memo_hits"":11912,""branch_attempts"":12041,""branch_successes"":2,""max_stack"":23}","{""recursive_calls"":13519,""memo_hits"":1861,""branch_attempts"":2914,""branch_successes"":0,""max_stack"":23}",21405696,21405696,0,21405696,21405696,0,"","",canonical
freese,5,0,0,0,17362,5749,23111,"{""recursive_calls"":43719,""memo_hits"":11984,""branch_attempts"":11994,""branch_successes"":6,""max_stack"":23}","{""recursive_calls"":13519,""memo_hits"":1861,""branch_attempts"":2914,""branch_successes"":0,""max_stack"":23}",21405696,21405696,0,21405696,21405696,0,"","",canonical
freese,6,0,0,0,16997,5738,22735,"{""recursive_calls"":43345,""memo_hits"":12033,""branch_attempts"":11844,""branch_successes"":0,""max_stack"":23}","{""recursive_calls"":13519,""memo_hits"":1861,""branch_attempts"":2914,""branch_successes"":0,""max_stack"":23}",21405696,21405696,0,21405696,21405696,0,"","",canonical
freese,7,0,0,0,17328,5726,23054,"{""recursive_calls"":43825,""memo_hits"":11916,""branch_attempts"":12049,""branch_successes"":4,""max_stack"":23}","{""recursive_calls"":13643,""memo_hits"":1860,""branch_attempts"":2945,""branch_successes"":0,""max_stack"":23}",21405696,21405696,0,21405696,21405696,0,"","",canonical
freese,8,0,0,0,17373,5756,23129,"{""recursive_calls"":43842,""memo_hits"":11920,""branch_attempts"":12057,""branch_successes"":6,""max_stack"":23}","{""recursive_calls"":13644,""memo_hits"":1860,""branch_attempts"":2945,""branch_successes"":0,""max_stack"":23}",21405696,21405696,0,21405696,21405696,0,"","",canonical
freese,9,0,0,0,17369,5779,23148,"{""recursive_calls"":43591,""memo_hits"":12047,""branch_attempts"":11931,""branch_successes"":6,""max_stack"":23}","{""recursive_calls"":13643,""memo_hits"":1860,""branch_attempts"":2945,""branch_successes"":0,""max_stack"":23}",21405696,21405696,0,21405696,21405696,0,"","",canonical
freese,10,0,0,0,17350,5714,23064,"{""recursive_calls"":43841,""memo_hits"":11921,""branch_attempts"":12056,""branch_successes"":6,""max_stack"":23}","{""recursive_calls"":13519,""memo_hits"":1986,""branch_attempts"":2883,""branch_successes"":0,""max_stack"":23}",21405696,21405696,0,21405696,21405696,0,"","",canonical
freese,11,0,0,0,17392,5783,23175,"{""recursive_calls"":43785,""memo_hits"":11908,""branch_attempts"":12033,""branch_successes"":0,""max_stack"":23}","{""recursive_calls"":13644,""memo_hits"":1860,""branch_attempts"":2945,""branch_successes"":0,""max_stack"":23}",21405696,21405696,0,21405696,21405696,0,"","",canonical
freese,12,0,0,0,17281,5714,22995,"{""recursive_calls"":43824,""memo_hits"":11916,""branch_attempts"":12049,""branch_successes"":4,""max_stack"":23}","{""recursive_calls"":13643,""memo_hits"":1860,""branch_attempts"":2945,""branch_successes"":0,""max_stack"":23}",21405696,21405696,0,21405696,21405696,0,"","",canonical
freese,13,0,0,0,17339,5781,23120,"{""recursive_calls"":43679,""memo_hits"":11975,""branch_attempts"":11978,""branch_successes"":2,""max_stack"":23}","{""recursive_calls"":13643,""memo_hits"":1860,""branch_attempts"":2945,""branch_successes"":0,""max_stack"":23}",21405696,21405696,0,21405696,21405696,0,"","",canonical
freese,14,0,0,0,17364,5734,23098,"{""recursive_calls"":43785,""memo_hits"":11908,""branch_attempts"":12033,""branch_successes"":0,""max_stack"":23}","{""recursive_calls"":13643,""memo_hits"":1860,""branch_attempts"":2945,""branch_successes"":0,""max_stack"":23}",21405696,21405696,0,21405696,21405696,0,"","",canonical
freese,15,0,0,0,17393,5786,23179,"{""recursive_calls"":43615,""memo_hits"":11915,""branch_attempts"":11977,""branch_successes"":2,""max_stack"":23}","{""recursive_calls"":13645,""memo_hits"":1860,""branch_attempts"":2945,""branch_successes"":0,""max_stack"":23}",21405696,21405696,0,21405696,21405696,0,"","",canonical
freese,16,0,0,0,17305,5766,23071,"{""recursive_calls"":43805,""memo_hits"":11912,""branch_attempts"":12041,""branch_successes"":2,""max_stack"":23}","{""recursive_calls"":13643,""memo_hits"":1860,""branch_attempts"":2945,""branch_successes"":0,""max_stack"":23}",21405696,21405696,0,21405696,21405696,0,"","",canonical
freese,17,0,0,0,17439,5755,23194,"{""recursive_calls"":43825,""memo_hits"":11917,""branch_attempts"":12049,""branch_successes"":4,""max_stack"":23}","{""recursive_calls"":13644,""memo_hits"":1860,""branch_attempts"":2945,""branch_successes"":0,""max_stack"":23}",21405696,21405696,0,21405696,21405696,0,"","",canonical
freese,18,0,0,0,17277,5753,23030,"{""recursive_calls"":43617,""memo_hits"":11913,""branch_attempts"":11978,""branch_successes"":2,""max_stack"":23}","{""recursive_calls"":13644,""memo_hits"":1860,""branch_attempts"":2945,""branch_successes"":0,""max_stack"":23}",21405696,21405696,0,21405696,21405696,0,"","",canonical
freese,19,0,0,0,17335,5677,23012,"{""recursive_calls"":43804,""memo_hits"":11912,""branch_attempts"":12041,""branch_successes"":2,""max_stack"":23}","{""recursive_calls"":13583,""memo_hits"":1923,""branch_attempts"":2914,""branch_successes"":0,""max_stack"":23}",21405696,21405696,0,21405696,21405696,0,"","",canonical
freese,20,0,0,0,17174,5759,22933,"{""recursive_calls"":43597,""memo_hits"":11909,""branch_attempts"":11970,""branch_successes"":0,""max_stack"":23}","{""recursive_calls"":13644,""memo_hits"":1860,""branch_attempts"":2945,""branch_successes"":0,""max_stack"":23}",21405696,21405696,0,21405696,21405696,0,"","",canonical
freese,21,0,0,0,17305,5764,23069,"{""recursive_calls"":43680,""memo_hits"":11976,""branch_attempts"":11978,""branch_successes"":2,""max_stack"":23}","{""recursive_calls"":13644,""memo_hits"":1860,""branch_attempts"":2945,""branch_successes"":0,""max_stack"":23}",21405696,21405696,0,21405696,21405696,0,"","",canonical
freese,22,0,0,0,17307,5747,23054,"{""recursive_calls"":43617,""memo_hits"":11913,""branch_attempts"":11978,""branch_successes"":2,""max_stack"":23}","{""recursive_calls"":13612,""memo_hits"":1892,""branch_attempts"":2945,""branch_successes"":0,""max_stack"":23}",21405696,21405696,0,21405696,21405696,0,"","",canonical
freese,23,0,0,0,17188,5754,22942,"{""recursive_calls"":43283,""memo_hits"":11971,""branch_attempts"":11844,""branch_successes"":0,""max_stack"":23}","{""recursive_calls"":13643,""memo_hits"":1860,""branch_attempts"":2945,""branch_successes"":0,""max_stack"":23}",21405696,21405696,0,21405696,21405696,0,"","",canonical
freese,24,0,0,0,17164,5695,22859,"{""recursive_calls"":43679,""memo_hits"":11975,""branch_attempts"":11978,""branch_successes"":2,""max_stack"":23}","{""recursive_calls"":13643,""memo_hits"":1860,""branch_attempts"":2945,""branch_successes"":0,""max_stack"":23}",21405696,21405696,0,21405696,21405696,0,"","",canonical
freese,25,0,0,0,17513,5735,23248,"{""recursive_calls"":43844,""memo_hits"":11920,""branch_attempts"":12057,""branch_successes"":6,""max_stack"":23}","{""recursive_calls"":13644,""memo_hits"":1860,""branch_attempts"":2945,""branch_successes"":0,""max_stack"":23}",21405696,21405696,0,21405696,21405696,0,"","",canonical
freese,26,0,0,0,17118,5796,22914,"{""recursive_calls"":43491,""memo_hits"":11976,""branch_attempts"":11915,""branch_successes"":2,""max_stack"":23}","{""recursive_calls"":13644,""memo_hits"":1860,""branch_attempts"":2945,""branch_successes"":0,""max_stack"":23}",21405696,21405696,0,21405696,21405696,0,"","",canonical
freese,27,0,0,0,17236,5737,22973,"{""recursive_calls"":43471,""memo_hits"":11971,""branch_attempts"":11907,""branch_successes"":0,""max_stack"":23}","{""recursive_calls"":13519,""memo_hits"":1861,""branch_attempts"":2914,""branch_successes"":0,""max_stack"":23}",21405696,21405696,0,21405696,21405696,0,"","",canonical
freese,28,0,0,0,17252,5723,22975,"{""recursive_calls"":43678,""memo_hits"":11975,""branch_attempts"":11978,""branch_successes"":2,""max_stack"":23}","{""recursive_calls"":13581,""memo_hits"":1923,""branch_attempts"":2914,""branch_successes"":0,""max_stack"":23}",21405696,21405696,0,21405696,21405696,0,"","",canonical
freese,29,0,0,0,17102,5690,22792,"{""recursive_calls"":43429,""memo_hits"":11914,""branch_attempts"":11915,""branch_successes"":2,""max_stack"":23}","{""recursive_calls"":13521,""memo_hits"":1861,""branch_attempts"":2914,""branch_successes"":0,""max_stack"":23}",21405696,21405696,0,21405696,21405696,0,"","",canonical
freese,30,0,0,0,17517,5778,23295,"{""recursive_calls"":43862,""memo_hits"":11924,""branch_attempts"":12065,""branch_successes"":8,""max_stack"":23}","{""recursive_calls"":13643,""memo_hits"":1860,""branch_attempts"":2945,""branch_successes"":0,""max_stack"":23}",21405696,21405696,0,21405696,21405696,0,"","",canonical
freese,31,0,0,0,17369,5853,23222,"{""recursive_calls"":43805,""memo_hits"":11912,""branch_attempts"":12041,""branch_successes"":2,""max_stack"":23}","{""recursive_calls"":13643,""memo_hits"":1860,""branch_attempts"":2945,""branch_successes"":0,""max_stack"":23}",21405696,21405696,0,21405696,21405696,0,"","",canonical
