engine,pair_id,u_leq_v,v_leq_u,eq,uv_us,vu_us,total_us,uv_stats,vu_stats,uv_working_set,uv_peak_working_set,uv_private_bytes,vu_working_set,vu_peak_working_set,vu_private_bytes,uv_error,vu_error,representation
freese,0,0,0,0,165,34,199,"{""recursive_calls"":105,""memo_hits"":28,""branch_attempts"":33,""branch_successes"":0,""max_stack"":7}","{""recursive_calls"":23,""memo_hits"":0,""branch_attempts"":5,""branch_successes"":0,""max_stack"":7}",16785408,16785408,0,16785408,16785408,0,"","",canonical
freese,1,0,0,0,155,33,188,"{""recursive_calls"":105,""memo_hits"":28,""branch_attempts"":33,""branch_successes"":0,""max_stack"":7}","{""recursive_calls"":23,""memo_hits"":0,""branch_attempts"":5,""branch_successes"":0,""max_stack"":7}",16785408,16785408,0,16785408,16785408,0,"","",canonical
freese,2,0,0,0,153,32,185,"{""recursive_calls"":105,""memo_hits"":28,""branch_attempts"":33,""branch_successes"":0,""max_stack"":7}","{""recursive_calls"":23,""memo_hits"":0,""branch_attempts"":5,""branch_successes"":0,""max_stack"":7}",16785408,16785408,0,16785408,16785408,0,"","",canonical
freese,3,0,0,0,153,32,185,"{""recursive_calls"":105,""memo_hits"":28,""branch_attempts"":33,""branch_successes"":0,""max_stack"":7}","{""recursive_calls"":23,""memo_hits"":0,""branch_attempts"":5,""branch_successes"":0,""max_stack"":7}",16785408,16785408,0,16785408,16785408,0,"","",canonical
freese,4,0,0,0,153,32,185,"{""recursive_calls"":105,""memo_hits"":28,""branch_attempts"":33,""branch_successes"":0,""max_stack"":7}","{""recursive_calls"":23,""memo_hits"":0,""branch_attempts"":5,""branch_successes"":0,""max_stack"":7}",16785408,16785408,0,16785408,16785408,0,"","",canonical
freese,5,0,0,0,153,32,185,"{""recursive_calls"":105,""memo_hits"":28,""branch_attempts"":33,""branch_successes"":0,""max_stack"":7}","{""recursive_calls"":23,""memo_hits"":0,""branch_attempts"":5,""branch_successes"":0,""max_stack"":7}",16785408,16785408,0,16785408,16785408,0,"","",canonical
freese,6,0,0,0,152,31,183,"{""recursive_calls"":105,""memo_hits"":28,""branch_attempts"":33,""branch_successes"":0,""max_stack"":7}","{""recursive_calls"":23,""memo_hits"":0,""branch_attempts"":5,""branch_successes"":0,""max_stack"":7}",16785408,16785408,0,16785408,16785408,0,"","",canonical
freese,7,0,0,0,152,31,183,"{""recursive_calls"":105,""memo_hits"":28,""branch_attempts"":33,""branch_successes"":0,""max_stack"":7}","{""recursive_calls"":23,""memo_hits"":0,""branch_attempts"":5,""branch_successes"":0,""max_stack"":7}",16785408,16785408,0,16785408,16785408,0,"","",canonical
freese,8,0,0,0,152,32,184,"{""recursive_calls"":105,""memo_hits"":28,""branch_attempts"":33,""branch_successes"":0,""max_stack"":7}","{""recursive_calls"":23,""memo_hits"":0,""branch_attempts"":5,""branch_successes"":0,""max_stack"":7}",16785408,16785408,0,16785408,16785408,0,"","",canonical
freese,9,0,0,0,152,31,183,"{""recursive_calls"":105,""memo_hits"":28,""branch_attempts"":33,""branch_successes"":0,""max_stack"":7}","{""recursive_calls"":23,""memo_hits"":0,""branch_attempts"":5,""branch_successes"":0,""max_stack"":7}",16785408,16785408,0,16785408,16785408,0,"","",canonical
freese,10,0,0,0,153,32,185,"{""recursive_calls"":105,""memo_hits"":28,""branch_attempts"":33,""branch_successes"":0,""max_stack"":7}","{""recursive_calls"":23,""memo_hits"":0,""branch_attempts"":5,""branch_successes"":0,""max_stack"":7}",16785408,16785408,0,16785408,16785408,0,"","",canonical
freese,11,0,0,0,153,32,185,"{""recursive_calls"":105,""memo_hits"":28,""branch_attempts"":33,""branch_successes"":0,""max_stack"":7}","{""recursive_calls"":23,""memo_hits"":0,""branch_attempts"":5,""branch_successes"":0,""max_stack"":7}",16785408,16785408,0,16785408,16785408,0,"","",canonical
freese,12,0,0,0,153,32,185,"{""recursive_calls"":105,""memo_hits"":28,""branch_attempts"":33,""branch_successes"":0,""max_stack"":7}","{""recursive_calls"":23,""memo_hits"":0,""branch_attempts"":5,""branch_successes"":0,""max_stack"":7}",16785408,16785408,0,16785408,16785408,0,"","",canonical
freese,13,0,0,0,152,32,184,"{""recursive_calls"":105,""memo_hits"":28,""branch_attempts"":33,""branch_successes"":0,""max_stack"":7}","{""recursive_calls"":23,""memo_hits"":0,""branch_attempts"":5,""branch_successes"":0,""max_stack"":7}",16785408,16785408,0,16785408,16785408,0,"","",canonical
freese,14,0,0,0,153,27,180,"{""recursive_calls"":105,""memo_hits"":28,""branch_attempts"":33,""branch_successes"":0,""max_stack"":7}","{""recursive_calls"":23,""memo_hits"":0,""branch_attempts"":5,""branch_successes"":0,""max_stack"":7}",16785408,16785408,0,16785408,16785408,0,"","",canonical
freese,15,0,0,0,131,27,158,"{""recursive_calls"":105,""memo_hits"":28,""branch_attempts"":33,""branch_successes"":0,""max_stack"":7}","{""recursive_calls"":23,""memo_hits"":0,""branch_attempts"":5,""branch_successes"":0,""max_stack"":7}",16785408,16785408,0,16785408,16785408,0,"","",canonical
freese,16,0,0,0,131,27,158,"{""recursive_calls"":105,""memo_hits"":28,""branch_attempts"":33,""branch_successes"":0,""max_stack"":7}","{""recursive_calls"":23,""memo_hits"":0,""branch_attempts"":5,""branch_successes"":0,""max_stack"":7}",16785408,16785408,0,16785408,16785408,0,"","",canonical
freese,17,0,0,0,131,27,158,"{""recursive_calls"":105,""memo_hits"":28,""branch_attempts"":33,""branch_successes"":0,""max_stack"":7}","{""recursive_calls"":23,""memo_hits"":0,""branch_attempts"":5,""branch_successes"":0,""max_stack"":7}",16785408,16785408,0,16785408,16785408,0,"","",canonical
freese,18,0,0,0,131,27,158,"{""recursive_calls"":105,""memo_hits"":28,""branch_attempts"":33,""branch_successes"":0,""max_stack"":7}","{""recursive_calls"":23,""memo_hits"":0,""branch_attempts"":5,""branch_successes"":0,""max_stack"":7}",16785408,16785408,0,16785408,16785408,0,"","",canonical
freese,19,0,0,0,130,27,157,"{""recursive_calls"":105,""memo_hits"":28,""branch_attempts"":33,""branch_successes"":0,""max_stack"":7}","{""recursive_calls"":23,""memo_hits"":0,""branch_attempts"":5,""branch_successes"":0,""max_stack"":7}",16785408,16785408,0,16785408,16785408,0,"","",canonical
freese,20,0,0,0,131,27,158,"{""recursive_calls"":105,""memo_hits"":28,""branch_attempts"":33,""branch_successes"":0,""max_stack"":7}","{""recursive_calls"":23,""memo_hits"":0,""branch_attempts"":5,""branch_successes"":0,""max_stack"":7}",16785408,16785408,0,16785408,16785408,0,"","",canonical
freese,21,0,0,0,131,27,158,"{""recursive_calls"":105,""memo_hits"":28,""branch_attempts"":33,""branch_successes"":0,""max_stack"":7}","{""recursive_calls"":23,""memo_hits"":0,""branch_attempts"":5,""branch_successes"":0,""max_stack"":7}",16785408,16785408,0,16785408,16785408,0,"","",canonical
freese,22,0,0,0,131,27,158,"{""recursive_calls"":105,""memo_hits"":28,""branch_attempts"":33,""branch_successes"":0,""max_stack"":7}","{""recursive_calls"":23,""memo_hits"":0,""branch_attempts"":5,""branch_successes"":0,""max_stack"":7}",16785408,16785408,0,16785408,16785408,0,"","",canonical
freese,23,0,0,0,131,27,158,"{""recursive_calls"":105,""memo_hits"":28,""branch_attempts"":33,""branch_successes"":0,""max_stack"":7}","{""recursive_calls"":23,""memo_hits"":0,""branch_attempts"":5,""branch_successes"":0,""max_stack"":7}",16785408,16785408,0,16785408,16785408,0,"","",canonical
freese,24,0,0,0,130,27,157,"{""recursive_calls"":105,""memo_hits"":28,""branch_attempts"":33,""branch_successes"":0,""max_stack"":7}","{""recursive_calls"":23,""memo_hits"":0,""branch_attempts"":5,""branch_successes"":0,""max_stack"":7}",16785408,16785408,0,16785408,16785408,0,"","",canonical
freese,25,0,0,0,131,27,158,"{""recursive_calls"":105,""memo_hits"":28,""branch_attempts"":33,""branch_successes"":0,""max_stack"":7}","{""recursive_calls"":23,""memo_hits"":0,""branch_attempts"":5,""branch_successes"":0,""max_stack"":7}",16785408,16785408,0,16785408,16785408,0,"","",canonical
freese,26,0,0,0,131,27,158,"{""recursive_calls"":105,""memo_hits"":28,""branch_attempts"":33,""branch_successes"":0,""max_stack"":7}","{""recursive_calls"":23,""memo_hits"":0,""branch_attempts"":5,""branch_successes"":0,""max_stack"":7}",16785408,16785408,0,16785408,16785408,0,"","",canonical
freese,27,0,0,0,131,27,158,"{""recursive_calls"":105,""memo_hits"":28,""branch_attempts"":33,""branch_successes"":0,""max_stack"":7}","{""recursive_calls"":23,""memo_hits"":0,""branch_attempts"":5,""branch_successes"":0,""max_stack"":7}",16785408,16785408,0,16785408,16785408,0,"","",canonical
freese,28,0,0,0,132,27,159,"{""recursive_calls"":105,""memo_hits"":28,""branch_attempts"":33,""branch_successes"":0,""max_stack"":7}","{""recursive_calls"":23,""memo_hits"":0,""branch_attempts"":5,""branch_successes"":0,""max_stack"":7}",16785408,16785408,0,16785408,16785408,0,"","",canonical
freese,29,0,0,0,131,27,158,"{""recursive_calls"":105,""memo_hits"":28,""branch_attempts"":33,""branch_successes"":0,""max_stack"":7}","{""recursive_calls"":23,""memo_hits"":0,""branch_attempts"":5,""branch_successes"":0,""max_stack"":7}",16785408,16785408,0,16785408,16785408,0,"","",canonical
freese,30,0,0,0,138,27,165,"{""recursive_calls"":105,""memo_hits"":28,""branch_attempts"":33,""branch_successes"":0,""max_stack"":7}","{""recursive_calls"":23,""memo_hits"":0,""branch_attempts"":5,""branch_successes"":0,""max_stack"":7}",16785408,16785408,0,16785408,16785408,0,"","",canonical
freese,31,0,0,0,206,35,241,"{""recursive_calls"":105,""memo_hits"":28,""branch_attempts"":33,""branch_successes"":0,""max_stack"":7}","{""recursive_calls"":23,""memo_hits"":0,""branch_attempts"":5,""branch_successes"":0,""max_stack"":7}",16785408,16785408,0,16785408,16785408,0,"","",canonical
