engine,pair_id,u_leq_v,v_leq_u,eq,uv_us,vu_us,total_us,uv_stats,vu_stats,uv_working_set,uv_peak_working_set,uv_private_bytes,vu_working_set,vu_peak_working_set,vu_private_bytes,uv_error,vu_error,representation
freese,0,0,0,0,10439,2611,13050,"{""recursive_calls"":10571,""memo_hits"":2915,""branch_attempts"":2914,""branch_successes"":0,""max_stack"":19}","{""recursive_calls"":3243,""memo_hits"":420,""branch_attempts"":705,""branch_successes"":0,""max_stack"":19}",19218432,19218432,0,19218432,19218432,0,"","",canonical
freese,1,0,0,0,5256,1746,7002,"{""recursive_calls"":10571,""memo_hits"":2915,""branch_attempts"":2914,""branch_successes"":0,""max_stack"":19}","{""recursive_calls"":3243,""memo_hits"":420,""branch_attempts"":705,""branch_successes"":0,""max_stack"":19}",19218432,19218432,0,19218432,19218432,0,"","",canonical
freese,2,0,0,0,4270,1389,5659,"{""recursive_calls"":10633,""memo_hits"":2884,""branch_attempts"":2945,""branch_successes"":0,""max_stack"":19}","{""recursive_calls"":3243,""memo_hits"":420,""branch_attempts"":705,""branch_successes"":0,""max_stack"":19}",19218432,19218432,0,19218432,19218432,0,"","",canonical
freese,3,0,0,0,15250,3548,18798,"{""recursive_calls"":10633,""memo_hits"":2884,""branch_attempts"":2945,""branch_successes"":0,""max_stack"":19}","{""recursive_calls"":3243,""memo_hits"":420,""branch_attempts"":705,""branch_successes"":0,""max_stack"":19}",19218432,19218432,0,19218432,19218432,0,"","",canonical
freese,4,0,0,0,6535,2120,8655,"{""recursive_calls"":10560,""memo_hits"":2889,""branch_attempts"":2922,""branch_successes"":2,""max_stack"":19}","{""recursive_calls"":3243,""memo_hits"":420,""branch_attempts"":705,""branch_successes"":0,""max_stack"":19}",19218432,19218432,0,19218432,19218432,0,"","",canonical
freese,5,0,0,0,4423,1464,5887,"{""recursive_calls"":10560,""memo_hits"":2889,""branch_attempts"":2922,""branch_successes"":2,""max_stack"":19}","{""recursive_calls"":3243,""memo_hits"":420,""branch_attempts"":705,""branch_successes"":0,""max_stack"":19}",19218432,19218432,0,19218432,19218432,0,"","",canonical
freese,6,0,0,0,4147,1381,5528,"{""recursive_calls"":10633,""memo_hits"":2884,""branch_attempts"":2945,""branch_successes"":0,""max_stack"":19}","{""recursive_calls"":3243,""memo_hits"":420,""branch_attempts"":705,""branch_successes"":0,""max_stack"":19}",19218432,19218432,0,19218432,19218432,0,"","",canonical
freese,7,0,0,0,4131,1365,5496,"{""recursive_calls"":10633,""memo_hits"":2884,""branch_attempts"":2945,""branch_successes"":0,""max_stack"":19}","{""recursive_calls"":3243,""memo_hits"":420,""branch_attempts"":705,""branch_successes"":0,""max_stack"":19}",19218432,19218432,0,19218432,19218432,0,"","",canonical
freese,8,0,0,0,4133,1357,5490,"{""recursive_calls"":10652,""memo_hits"":2888,""branch_attempts"":2953,""branch_successes"":2,""max_stack"":19}","{""recursive_calls"":3243,""memo_hits"":420,""branch_attempts"":705,""branch_successes"":0,""max_stack"":19}",19218432,19218432,0,19218432,19218432,0,"","",canonical
freese,9,0,0,0,4152,1363,5515,"{""recursive_calls"":10633,""memo_hits"":2884,""branch_attempts"":2945,""branch_successes"":0,""max_stack"":19}","{""recursive_calls"":3243,""memo_hits"":420,""branch_attempts"":705,""branch_successes"":0,""max_stack"":19}",19218432,19218432,0,19218432,19218432,0,"","",canonical
freese,10,0,0,0,4136,1350,5486,"{""recursive_calls"":10633,""memo_hits"":2884,""branch_attempts"":2945,""branch_successes"":0,""max_stack"":19}","{""recursive_calls"":3243,""memo_hits"":420,""branch_attempts"":705,""branch_successes"":0,""max_stack"":19}",19218432,19218432,0,19218432,19218432,0,"","",canonical
freese,11,0,0,0,4189,1365,5554,"{""recursive_calls"":10652,""memo_hits"":2888,""branch_attempts"":2953,""branch_successes"":2,""max_stack"":19}","{""recursive_calls"":3243,""memo_hits"":420,""branch_attempts"":705,""branch_successes"":0,""max_stack"":19}",19218432,19218432,0,19218432,19218432,0,"","",canonical
freese,12,0,0,0,4140,1362,5502,"{""recursive_calls"":10633,""memo_hits"":2884,""branch_attempts"":2945,""branch_successes"":0,""max_stack"":19}","{""recursive_calls"":3243,""memo_hits"":420,""branch_attempts"":705,""branch_successes"":0,""max_stack"":19}",19218432,19218432,0,19218432,19218432,0,"","",canonical
freese,13,0,0,0,4171,1382,5553,"{""recursive_calls"":10652,""memo_hits"":2888,""branch_attempts"":2953,""branch_successes"":2,""max_stack"":19}","{""recursive_calls"":3243,""memo_hits"":420,""branch_attempts"":705,""branch_successes"":0,""max_stack"":19}",19218432,19218432,0,19218432,19218432,0,"","",canonical
freese,14,0,0,0,4191,1372,5563,"{""recursive_calls"":10674,""memo_hits"":2893,""branch_attempts"":2961,""branch_successes"":4,""max_stack"":19}","{""recursive_calls"":3244,""memo_hits"":420,""branch_attempts"":705,""branch_successes"":0,""max_stack"":19}",19218432,19218432,0,19218432,19218432,0,"","",canonical
freese,15,0,0,0,4187,1362,5549,"{""recursive_calls"":10633,""memo_hits"":2884,""branch_attempts"":2945,""branch_successes"":0,""max_stack"":19}","{""recursive_calls"":3243,""memo_hits"":420,""branch_attempts"":705,""branch_successes"":0,""max_stack"":19}",19218432,19218432,0,19218432,19218432,0,"","",canonical
freese,16,0,0,0,4130,1360,5490,"{""recursive_calls"":10633,""memo_hits"":2884,""branch_attempts"":2945,""branch_successes"":0,""max_stack"":19}","{""recursive_calls"":3243,""memo_hits"":420,""branch_attempts"":705,""branch_successes"":0,""max_stack"":19}",19218432,19218432,0,19218432,19218432,0,"","",canonical
freese,17,0,0,0,4182,1348,5530,"{""recursive_calls"":10633,""memo_hits"":2884,""branch_attempts"":2945,""branch_successes"":0,""max_stack"":19}","{""recursive_calls"":3183,""memo_hits"":421,""branch_attempts"":690,""branch_successes"":0,""max_stack"":19}",19218432,19218432,0,19218432,19218432,0,"","",canonical
freese,18,0,0,0,4172,1361,5533,"{""recursive_calls"":10633,""memo_hits"":2884,""branch_attempts"":2945,""branch_successes"":0,""max_stack"":19}","{""recursive_calls"":3243,""memo_hits"":420,""branch_attempts"":705,""branch_successes"":0,""max_stack"":19}",19218432,19218432,0,19218432,19218432,0,"","",canonical
freese,19,0,0,0,4137,1367,5504,"{""recursive_calls"":10633,""memo_hits"":2884,""branch_attempts"":2945,""branch_successes"":0,""max_stack"":19}","{""recursive_calls"":3243,""memo_hits"":420,""branch_attempts"":705,""branch_successes"":0,""max_stack"":19}",19218432,19218432,0,19218432,19218432,0,"","",canonical
freese,20,0,0,0,4154,1334,5488,"{""recursive_calls"":10633,""memo_hits"":2884,""branch_attempts"":2945,""branch_successes"":0,""max_stack"":19}","{""recursive_calls"":3153,""memo_hits"":451,""branch_attempts"":675,""branch_successes"":0,""max_stack"":19}",19218432,19218432,0,19218432,19218432,0,"","",canonical
freese,21,0,0,0,4192,1372,5564,"{""recursive_calls"":10633,""memo_hits"":2884,""branch_attempts"":2945,""branch_successes"":0,""max_stack"":19}","{""recursive_calls"":3243,""memo_hits"":420,""branch_attempts"":705,""branch_successes"":0,""max_stack"":19}",19218432,19218432,0,19218432,19218432,0,"","",canonical
freese,22,0,0,0,4152,1366,5518,"{""recursive_calls"":10653,""memo_hits"":2890,""branch_attempts"":2953,""branch_successes"":2,""max_stack"":19}","{""recursive_calls"":3243,""memo_hits"":420,""branch_attempts"":705,""branch_successes"":0,""max_stack"":19}",19218432,19218432,0,19218432,19218432,0,"","",canonical
freese,23,0,0,0,4149,1333,5482,"{""recursive_calls"":10633,""memo_hits"":2884,""branch_attempts"":2945,""branch_successes"":0,""max_stack"":19}","{""recursive_calls"":3183,""memo_hits"":421,""branch_attempts"":690,""branch_successes"":0,""max_stack"":19}",19218432,19218432,0,19218432,19218432,0,"","",canonical
freese,24,0,0,0,4141,1346,5487,"{""recursive_calls"":10633,""memo_hits"":2884,""branch_attempts"":2945,""branch_successes"":0,""max_stack"":19}","{""recursive_calls"":3228,""memo_hits"":436,""branch_attempts"":705,""branch_successes"":0,""max_stack"":19}",19218432,19218432,0,19218432,19218432,0,"","",canonical
freese,25,0,0,0,4149,1362,5511,"{""recursive_calls"":10653,""memo_hits"":2888,""branch_attempts"":2953,""branch_successes"":2,""max_stack"":19}","{""recursive_calls"":3243,""memo_hits"":420,""branch_attempts"":705,""branch_successes"":0,""max_stack"":19}",19218432,19218432,0,19218432,19218432,0,"","",canonical
freese,26,0,0,0,4144,1374,5518,"{""recursive_calls"":10633,""memo_hits"":2884,""branch_attempts"":2945,""branch_successes"":0,""max_stack"":19}","{""recursive_calls"":3243,""memo_hits"":420,""branch_attempts"":705,""branch_successes"":0,""max_stack"":19}",19218432,19218432,0,19218432,19218432,0,"","",canonical
freese,27,0,0,0,4085,1362,5447,"{""recursive_calls"":10498,""memo_hits"":2919,""branch_attempts"":2891,""branch_successes"":2,""max_stack"":19}","{""recursive_calls"":3243,""memo_hits"":420,""branch_attempts"":705,""branch_successes"":0,""max_stack"":19}",19218432,19218432,0,19218432,19218432,0,"","",canonical
freese,28,0,0,0,4139,1358,5497,"{""recursive_calls"":10633,""memo_hits"":2884,""branch_attempts"":2945,""branch_successes"":0,""max_stack"":19}","{""recursive_calls"":3243,""memo_hits"":420,""branch_attempts"":705,""branch_successes"":0,""max_stack"":19}",19218432,19218432,0,19218432,19218432,0,"","",canonical
freese,29,0,0,0,4157,1363,5520,"{""recursive_calls"":10633,""memo_hits"":2884,""branch_attempts"":2945,""branch_successes"":0,""max_stack"":19}","{""recursive_calls"":3244,""memo_hits"":420,""branch_attempts"":705,""branch_successes"":0,""max_stack"":19}",19218432,19218432,0,19218432,19218432,0,"","",canonical
freese,30,0,0,0,4118,1362,5480,"{""recursive_calls"":10633,""memo_hits"":2884,""branch_attempts"":2945,""branch_successes"":0,""max_stack"":19}","{""recursive_calls"":3243,""memo_hits"":420,""branch_attempts"":705,""branch_successes"":0,""max_stack"":19}",19218432,19218432,0,19218432,19218432,0,"","",canonical
freese,31,0,0,0,4109,1350,5459,"{""recursive_calls"":10541,""memo_hits"":2885,""branch_attempts"":2914,""branch_successes"":0,""max_stack"":19}","{""recursive_calls"":3213,""memo_hits"":451,""branch_attempts"":690,""branch_successes"":0,""max_stack"":19}",19218432,19218432,0,19218432,19218432,0,"","",canonical
