engine,pair_id,u_leq_v,v_leq_u,eq,uv_us,vu_us,total_us,uv_stats,vu_stats,uv_working_set,uv_peak_working_set,uv_private_bytes,vu_working_set,vu_peak_working_set,vu_private_bytes,uv_error,vu_error,representation
freese,0,0,0,0,1016,342,1358,"{""recursive_calls"":2505,""memo_hits"":676,""branch_attempts"":705,""branch_successes"":0,""max_stack"":15}","{""recursive_calls"":731,""memo_hits"":84,""branch_attempts"":161,""branch_successes"":0,""max_stack"":15}",18137088,18137088,0,18137088,18137088,0,"","",canonical
freese,1,0,0,0,1043,359,1402,"{""recursive_calls"":2505,""memo_hits"":676,""branch_attempts"":705,""branch_successes"":0,""max_stack"":15}","{""recursive_calls"":731,""memo_hits"":84,""branch_attempts"":161,""branch_successes"":0,""max_stack"":15}",18137088,18137088,0,18137088,18137088,0,"","",canonical
freese,2,0,0,0,1017,345,1362,"{""recursive_calls"":2505,""memo_hits"":676,""branch_attempts"":705,""branch_successes"":0,""max_stack"":15}","{""recursive_calls"":731,""memo_hits"":84,""branch_attempts"":161,""branch_successes"":0,""max_stack"":15}",18137088,18137088,0,18137088,18137088,0,"","",canonical
freese,3,0,0,0,1032,349,1381,"{""recursive_calls"":2505,""memo_hits"":676,""branch_attempts"":705,""branch_successes"":0,""max_stack"":15}","{""recursive_calls"":731,""memo_hits"":84,""branch_attempts"":161,""branch_successes"":0,""max_stack"":15}",18137088,18137088,0,18137088,18137088,0,"","",canonical
freese,4,0,0,0,1006,369,1375,"{""recursive_calls"":2505,""memo_hits"":676,""branch_attempts"":705,""branch_successes"":0,""max_stack"":15}","{""recursive_calls"":731,""memo_hits"":84,""branch_attempts"":161,""branch_successes"":0,""max_stack"":15}",18137088,18137088,0,18137088,18137088,0,"","",canonical
freese,5,0,0,0,1032,354,1386,"{""recursive_calls"":2505,""memo_hits"":676,""branch_attempts"":705,""branch_successes"":0,""max_stack"":15}","{""recursive_calls"":731,""memo_hits"":84,""branch_attempts"":161,""branch_successes"":0,""max_stack"":15}",18137088,18137088,0,18137088,18137088,0,"","",canonical
freese,6,0,0,0,1027,360,1387,"{""recursive_calls"":2505,""memo_hits"":676,""branch_attempts"":705,""branch_successes"":0,""max_stack"":15}","{""recursive_calls"":731,""memo_hits"":84,""branch_attempts"":161,""branch_successes"":0,""max_stack"":15}",18137088,18137088,0,18137088,18137088,0,"","",canonical
freese,7,0,0,0,965,343,1308,"{""recursive_calls"":2505,""memo_hits"":676,""branch_attempts"":705,""branch_successes"":0,""max_stack"":15}","{""recursive_calls"":731,""memo_hits"":84,""branch_attempts"":161,""branch_successes"":0,""max_stack"":15}",18137088,18137088,0,18137088,18137088,0,"","",canonical
freese,8,0,0,0,1061,331,1392,"{""recursive_calls"":2505,""memo_hits"":676,""branch_attempts"":705,""branch_successes"":0,""max_stack"":15}","{""recursive_calls"":731,""memo_hits"":84,""branch_attempts"":161,""branch_successes"":0,""max_stack"":15}",18137088,18137088,0,18137088,18137088,0,"","",canonical
freese,9,0,0,0,976,351,1327,"{""recursive_calls"":2505,""memo_hits"":676,""branch_attempts"":705,""branch_successes"":0,""max_stack"":15}","{""recursive_calls"":731,""memo_hits"":84,""branch_attempts"":161,""branch_successes"":0,""max_stack"":15}",18137088,18137088,0,18137088,18137088,0,"","",canonical
freese,10,0,0,0,1010,329,1339,"{""recursive_calls"":2505,""memo_hits"":676,""branch_attempts"":705,""branch_successes"":0,""max_stack"":15}","{""recursive_calls"":731,""memo_hits"":84,""branch_attempts"":161,""branch_successes"":0,""max_stack"":15}",18137088,18137088,0,18137088,18137088,0,"","",canonical
freese,11,0,0,0,1021,362,1383,"{""recursive_calls"":2505,""memo_hits"":676,""branch_attempts"":705,""branch_successes"":0,""max_stack"":15}","{""recursive_calls"":732,""memo_hits"":84,""branch_attempts"":161,""branch_successes"":0,""max_stack"":15}",18137088,18137088,0,18137088,18137088,0,"","",canonical
freese,12,0,0,0,971,329,1300,"{""recursive_calls"":2505,""memo_hits"":676,""branch_attempts"":705,""branch_successes"":0,""max_stack"":15}","{""recursive_calls"":717,""memo_hits"":99,""branch_attempts"":154,""branch_successes"":0,""max_stack"":15}",18137088,18137088,0,18137088,18137088,0,"","",canonical
freese,13,0,0,0,1041,358,1399,"{""recursive_calls"":2505,""memo_hits"":676,""branch_attempts"":705,""branch_successes"":0,""max_stack"":15}","{""recursive_calls"":731,""memo_hits"":84,""branch_attempts"":161,""branch_successes"":0,""max_stack"":15}",18137088,18137088,0,18137088,18137088,0,"","",canonical
freese,14,0,0,0,982,342,1324,"{""recursive_calls"":2505,""memo_hits"":676,""branch_attempts"":705,""branch_successes"":0,""max_stack"":15}","{""recursive_calls"":731,""memo_hits"":84,""branch_attempts"":161,""branch_successes"":0,""max_stack"":15}",18137088,18137088,0,18137088,18137088,0,"","",canonical
freese,15,0,0,0,1021,348,1369,"{""recursive_calls"":2461,""memo_hits"":677,""branch_attempts"":690,""branch_successes"":0,""max_stack"":15}","{""recursive_calls"":731,""memo_hits"":84,""branch_attempts"":161,""branch_successes"":0,""max_stack"":15}",18137088,18137088,0,18137088,18137088,0,"","",canonical
freese,16,0,0,0,988,364,1352,"{""recursive_calls"":2505,""memo_hits"":676,""branch_attempts"":705,""branch_successes"":0,""max_stack"":15}","{""recursive_calls"":731,""memo_hits"":84,""branch_attempts"":161,""branch_successes"":0,""max_stack"":15}",18137088,18137088,0,18137088,18137088,0,"","",canonical
freese,17,0,0,0,978,343,1321,"{""recursive_calls"":2505,""memo_hits"":676,""branch_attempts"":705,""branch_successes"":0,""max_stack"":15}","{""recursive_calls"":731,""memo_hits"":84,""branch_attempts"":161,""branch_successes"":0,""max_stack"":15}",18137088,18137088,0,18137088,18137088,0,"","",canonical
freese,18,0,0,0,1066,367,1433,"{""recursive_calls"":2505,""memo_hits"":676,""branch_attempts"":705,""branch_successes"":0,""max_stack"":15}","{""recursive_calls"":731,""memo_hits"":84,""branch_attempts"":161,""branch_successes"":0,""max_stack"":15}",18137088,18137088,0,18137088,18137088,0,"","",canonical
freese,19,0,0,0,975,341,1316,"{""recursive_calls"":2505,""memo_hits"":676,""branch_attempts"":705,""branch_successes"":0,""max_stack"":15}","{""recursive_calls"":731,""memo_hits"":84,""branch_attempts"":161,""branch_successes"":0,""max_stack"":15}",18137088,18137088,0,18137088,18137088,0,"","",canonical
freese,20,0,0,0,1046,344,1390,"{""recursive_calls"":2505,""memo_hits"":676,""branch_attempts"":705,""branch_successes"":0,""max_stack"":15}","{""recursive_calls"":731,""memo_hits"":84,""branch_attempts"":161,""branch_successes"":0,""max_stack"":15}",18137088,18137088,0,18137088,18137088,0,"","",canonical
freese,21,0,0,0,989,368,1357,"{""recursive_calls"":2505,""memo_hits"":676,""branch_attempts"":705,""branch_successes"":0,""max_stack"":15}","{""recursive_calls"":731,""memo_hits"":84,""branch_attempts"":161,""branch_successes"":0,""max_stack"":15}",18137088,18137088,0,18137088,18137088,0,"","",canonical
freese,22,0,0,0,999,329,1328,"{""recursive_calls"":2505,""memo_hits"":676,""branch_attempts"":705,""branch_successes"":0,""max_stack"":15}","{""recursive_calls"":731,""memo_hits"":84,""branch_attempts"":161,""branch_successes"":0,""max_stack"":15}",18137088,18137088,0,18137088,18137088,0,"","",canonical
freese,23,0,0,0,1018,363,1381,"{""recursive_calls"":2505,""memo_hits"":676,""branch_attempts"":705,""branch_successes"":0,""max_stack"":15}","{""recursive_calls"":731,""memo_hits"":84,""branch_attempts"":161,""branch_successes"":0,""max_stack"":15}",18137088,18137088,0,18137088,18137088,0,"","",canonical
freese,24,0,0,0,972,349,1321,"{""recursive_calls"":2475,""memo_hits"":691,""branch_attempts"":690,""branch_successes"":0,""max_stack"":15}","{""recursive_calls"":731,""memo_hits"":84,""branch_attempts"":161,""branch_successes"":0,""max_stack"":15}",18137088,18137088,0,18137088,18137088,0,"","",canonical
freese,25,0,0,0,1020,339,1359,"{""recursive_calls"":2505,""memo_hits"":676,""branch_attempts"":705,""branch_successes"":0,""max_stack"":15}","{""recursive_calls"":731,""memo_hits"":84,""branch_attempts"":161,""branch_successes"":0,""max_stack"":15}",18137088,18137088,0,18137088,18137088,0,"","",canonical
freese,26,0,0,0,971,343,1314,"{""recursive_calls"":2505,""memo_hits"":676,""branch_attempts"":705,""branch_successes"":0,""max_stack"":15}","{""recursive_calls"":731,""memo_hits"":84,""branch_attempts"":161,""branch_successes"":0,""max_stack"":15}",18137088,18137088,0,18137088,18137088,0,"","",canonical
freese,27,0,0,0,1001,347,1348,"{""recursive_calls"":2505,""memo_hits"":676,""branch_attempts"":705,""branch_successes"":0,""max_stack"":15}","{""recursive_calls"":731,""memo_hits"":84,""branch_attempts"":161,""branch_successes"":0,""max_stack"":15}",18137088,18137088,0,18137088,18137088,0,"","",canonical
freese,28,0,0,0,1011,352,1363,"{""recursive_calls"":2505,""memo_hits"":676,""branch_attempts"":705,""branch_successes"":0,""max_stack"":15}","{""recursive_calls"":731,""memo_hits"":84,""branch_attempts"":161,""branch_successes"":0,""max_stack"":15}",18137088,18137088,0,18137088,18137088,0,"","",canonical
freese,29,0,0,0,982,341,1323,"{""recursive_calls"":2505,""memo_hits"":676,""branch_attempts"":705,""branch_successes"":0,""max_stack"":15}","{""recursive_calls"":731,""memo_hits"":84,""branch_attempts"":161,""branch_successes"":0,""max_stack"":15}",18137088,18137088,0,18137088,18137088,0,"","",canonical
freese,30,0,0,0,1017,358,1375,"{""recursive_calls"":2461,""memo_hits"":677,""branch_attempts"":690,""branch_successes"":0,""max_stack"":15}","{""recursive_calls"":731,""memo_hits"":84,""branch_attempts"":161,""branch_successes"":0,""max_stack"":15}",18137088,18137088,0,18137088,18137088,0,"","",canonical
freese,31,0,0,0,970,347,1317,"{""recursive_calls"":2505,""memo_hits"":676,""branch_attempts"":705,""branch_successes"":0,""max_stack"":15}","{""recursive_calls"":731,""memo_hits"":84,""branch_attempts"":161,""branch_successes"":0,""max_stack"":15}",18137088,18137088,0,18137088,18137088,0,"","",canonical
