engine,pair_id,u_leq_v,v_leq_u,eq,uv_us,vu_us,total_us,uv_stats,vu_stats,uv_working_set,uv_peak_working_set,uv_private_bytes,vu_working_set,vu_peak_working_set,vu_private_bytes,uv_error,vu_error,representation
hunt,0,0,0,0,432,454,886,"{""RU"":31,""RV"":31,""cells"":961,""and_checks"":1240,""or_checks"":620,""max_hU"":4,""max_hV"":4}","{""RU"":31,""RV"":31,""cells"":961,""and_checks"":620,""or_checks"":1240,""max_hU"":4,""max_hV"":4}",17055744,17055744,0,17055744,17055744,0,"","",canonical
hunt,1,0,0,0,417,431,848,"{""RU"":31,""RV"":31,""cells"":961,""and_checks"":1240,""or_checks"":620,""max_hU"":4,""max_hV"":4}","{""RU"":31,""RV"":31,""cells"":961,""and_checks"":620,""or_checks"":1240,""max_hU"":4,""max_hV"":4}",17055744,17055744,0,17055744,17055744,0,"","",canonical
hunt,2,0,0,0,415,431,846,"{""RU"":31,""RV"":31,""cells"":961,""and_checks"":1240,""or_checks"":620,""max_hU"":4,""max_hV"":4}","{""RU"":31,""RV"":31,""cells"":961,""and_checks"":620,""or_checks"":1240,""max_hU"":4,""max_hV"":4}",17055744,17055744,0,17055744,17055744,0,"","",canonical
hunt,3,0,0,0,415,440,855,"{""RU"":31,""RV"":31,""cells"":961,""and_checks"":1240,""or_checks"":620,""max_hU"":4,""max_hV"":4}","{""RU"":31,""RV"":31,""cells"":961,""and_checks"":620,""or_checks"":1240,""max_hU"":4,""max_hV"":4}",17055744,17055744,0,17055744,17055744,0,"","",canonical
hunt,4,0,0,0,408,399,807,"{""RU"":31,""RV"":31,""cells"":961,""and_checks"":1240,""or_checks"":620,""max_hU"":4,""max_hV"":4}","{""RU"":31,""RV"":31,""cells"":961,""and_checks"":620,""or_checks"":1240,""max_hU"":4,""max_hV"":4}",17055744,17055744,0,17055744,17055744,0,"","",canonical
hunt,5,0,0,0,382,398,780,"{""RU"":31,""RV"":31,""cells"":961,""and_checks"":1240,""or_checks"":620,""max_hU"":4,""max_hV"":4}","{""RU"":31,""RV"":31,""cells"":961,""and_checks"":620,""or_checks"":1240,""max_hU"":4,""max_hV"":4}",17055744,17055744,0,17055744,17055744,0,"","",canonical
hunt,6,0,0,0,382,407,789,"{""RU"":31,""RV"":31,""cells"":961,""and_checks"":1240,""or_checks"":620,""max_hU"":4,""max_hV"":4}","{""RU"":31,""RV"":31,""cells"":961,""and_checks"":620,""or_checks"":1240,""max_hU"":4,""max_hV"":4}",17055744,17055744,0,17055744,17055744,0,"","",canonical
hunt,7,0,0,0,382,396,778,"{""RU"":31,""RV"":31,""cells"":961,""and_checks"":1240,""or_checks"":620,""max_hU"":4,""max_hV"":4}","{""RU"":31,""RV"":31,""cells"":961,""and_checks"":620,""or_checks"":1240,""max_hU"":4,""max_hV"":4}",17055744,17055744,0,17055744,17055744,0,"","",canonical
hunt,8,0,0,0,382,397,779,"{""RU"":31,""RV"":31,""cells"":961,""and_checks"":1240,""or_checks"":620,""max_hU"":4,""max_hV"":4}","{""RU"":31,""RV"":31,""cells"":961,""and_checks"":620,""or_checks"":1240,""max_hU"":4,""max_hV"":4}",17055744,17055744,0,17055744,17055744,0,"","",canonical
hunt,9,0,0,0,377,392,769,"{""RU"":30,""RV"":31,""cells"":930,""and_checks"":1220,""or_checks"":610,""max_hU"":4,""max_hV"":4}","{""RU"":31,""RV"":30,""cells"":930,""and_checks"":610,""or_checks"":1220,""max_hU"":4,""max_hV"":4}",17055744,17055744,0,17055744,17055744,0,"","",canonical
hunt,10,0,0,0,383,398,781,"{""RU"":31,""RV"":31,""cells"":961,""and_checks"":1240,""or_checks"":620,""max_hU"":4,""max_hV"":4}","{""RU"":31,""RV"":31,""cells"":961,""and_checks"":620,""or_checks"":1240,""max_hU"":4,""max_hV"":4}",17055744,17055744,0,17055744,17055744,0,"","",canonical
hunt,11,0,0,0,381,399,780,"{""RU"":31,""RV"":31,""cells"":961,""and_checks"":1240,""or_checks"":620,""max_hU"":4,""max_hV"":4}","{""RU"":31,""RV"":31,""cells"":961,""and_checks"":620,""or_checks"":1240,""max_hU"":4,""max_hV"":4}",17055744,17055744,0,17055744,17055744,0,"","",canonical
hunt,12,0,0,0,381,278,659,"{""RU"":31,""RV"":31,""cells"":961,""and_checks"":1240,""or_checks"":620,""max_hU"":4,""max_hV"":4}","{""RU"":31,""RV"":31,""cells"":961,""and_checks"":620,""or_checks"":1240,""max_hU"":4,""max_hV"":4}",17055744,17055744,0,17055744,17055744,0,"","",canonical
hunt,13,0,0,0,248,259,507,"{""RU"":31,""RV"":31,""cells"":961,""and_checks"":1240,""or_checks"":620,""max_hU"":4,""max_hV"":4}","{""RU"":31,""RV"":31,""cells"":961,""and_checks"":620,""or_checks"":1240,""max_hU"":4,""max_hV"":4}",17055744,17055744,0,17055744,17055744,0,"","",canonical
hunt,14,0,0,0,248,259,507,"{""RU"":31,""RV"":31,""cells"":961,""and_checks"":1240,""or_checks"":620,""max_hU"":4,""max_hV"":4}","{""RU"":31,""RV"":31,""cells"":961,""and_checks"":620,""or_checks"":1240,""max_hU"":4,""max_hV"":4}",17055744,17055744,0,17055744,17055744,0,"","",canonical
hunt,15,0,0,0,248,257,505,"{""RU"":31,""RV"":31,""cells"":961,""and_checks"":1240,""or_checks"":620,""max_hU"":4,""max_hV"":4}","{""RU"":31,""RV"":31,""cells"":961,""and_checks"":620,""or_checks"":1240,""max_hU"":4,""max_hV"":4}",17055744,17055744,0,17055744,17055744,0,"","",canonical
hunt,16,0,0,0,248,258,506,"{""RU"":31,""RV"":31,""cells"":961,""and_checks"":1240,""or_checks"":620,""max_hU"":4,""max_hV"":4}","{""RU"":31,""RV"":31,""cells"":961,""and_checks"":620,""or_checks"":1240,""max_hU"":4,""max_hV"":4}",17055744,17055744,0,17055744,17055744,0,"","",canonical
hunt,17,0,0,0,248,257,505,"{""RU"":31,""RV"":31,""cells"":961,""and_checks"":1240,""or_checks"":620,""max_hU"":4,""max_hV"":4}","{""RU"":31,""RV"":31,""cells"":961,""and_checks"":620,""or_checks"":1240,""max_hU"":4,""max_hV"":4}",17055744,17055744,0,17055744,17055744,0,"","",canonical
hunt,18,0,0,0,248,258,506,"{""RU"":31,""RV"":31,""cells"":961,""and_checks"":1240,""or_checks"":620,""max_hU"":4,""max_hV"":4}","{""RU"":31,""RV"":31,""cells"":961,""and_checks"":620,""or_checks"":1240,""max_hU"":4,""max_hV"":4}",17055744,17055744,0,17055744,17055744,0,"","",canonical
hunt,19,0,0,0,248,258,506,"{""RU"":31,""RV"":31,""cells"":961,""and_checks"":1240,""or_checks"":620,""max_hU"":4,""max_hV"":4}","{""RU"":31,""RV"":31,""cells"":961,""and_checks"":620,""or_checks"":1240,""max_hU"":4,""max_hV"":4}",17055744,17055744,0,17055744,17055744,0,"","",canonical
hunt,20,0,0,0,248,258,506,"{""RU"":31,""RV"":31,""cells"":961,""and_checks"":1240,""or_checks"":620,""max_hU"":4,""max_hV"":4}","{""RU"":31,""RV"":31,""cells"":961,""and_checks"":620,""or_checks"":1240,""max_hU"":4,""max_hV"":4}",17055744,17055744,0,17055744,17055744,0,"","",canonical
hunt,21,0,0,0,248,258,506,"{""RU"":31,""RV"":31,""cells"":961,""and_checks"":1240,""or_checks"":620,""max_hU"":4,""max_hV"":4}","{""RU"":31,""RV"":31,""cells"":961,""and_checks"":620,""or_checks"":1240,""max_hU"":4,""max_hV"":4}",17055744,17055744,0,17055744,17055744,0,"","",canonical
hunt,22,0,0,0,249,258,507,"{""RU"":31,""RV"":31,""cells"":961,""and_checks"":1240,""or_checks"":620,""max_hU"":4,""max_hV"":4}","{""RU"":31,""RV"":31,""cells"":961,""and_checks"":620,""or_checks"":1240,""max_hU"":4,""max_hV"":4}",17055744,17055744,0,17055744,17055744,0,"","",canonical
hunt,23,0,0,0,248,257,505,"{""RU"":31,""RV"":31,""cells"":961,""and_checks"":1240,""or_checks"":620,""max_hU"":4,""max_hV"":4}","{""RU"":31,""RV"":31,""cells"":961,""and_checks"":620,""or_checks"":1240,""max_hU"":4,""max_hV"":4}",17055744,17055744,0,17055744,17055744,0,"","",canonical
hunt,24,0,0,0,248,258,506,"{""RU"":31,""RV"":31,""cells"":961,""and_checks"":1240,""or_checks"":620,""max_hU"":4,""max_hV"":4}","{""RU"":31,""RV"":31,""cells"":961,""and_checks"":620,""or_checks"":1240,""max_hU"":4,""max_hV"":4}",17055744,17055744,0,17055744,17055744,0,"","",canonical
hunt,25,0,0,0,165,172,337,"{""RU"":31,""RV"":31,""cells"":961,""and_checks"":1240,""or_checks"":620,""max_hU"":4,""max_hV"":4}","{""RU"":31,""RV"":31,""cells"":961,""and_checks"":620,""or_checks"":1240,""max_hU"":4,""max_hV"":4}",17055744,17055744,0,17055744,17055744,0,"","",canonical
hunt,26,0,0,0,165,172,337,"{""RU"":31,""RV"":31,""cells"":961,""and_checks"":1240,""or_checks"":620,""max_hU"":4,""max_hV"":4}","{""RU"":31,""RV"":31,""cells"":961,""and_checks"":620,""or_checks"":1240,""max_hU"":4,""max_hV"":4}",17055744,17055744,0,17055744,17055744,0,"","",canonical
hunt,27,0,0,0,165,172,337,"{""RU"":31,""RV"":31,""cells"":961,""and_checks"":1240,""or_checks"":620,""max_hU"":4,""max_hV"":4}","{""RU"":31,""RV"":31,""cells"":961,""and_checks"":620,""or_checks"":1240,""max_hU"":4,""max_hV"":4}",17055744,17055744,0,17055744,17055744,0,"","",canonical
hunt,28,0,0,0,166,172,338,"{""RU"":31,""RV"":31,""cells"":961,""and_checks"":1240,""or_checks"":620,""max_hU"":4,""max_hV"":4}","{""RU"":31,""RV"":31,""cells"":961,""and_checks"":620,""or_checks"":1240,""max_hU"":4,""max_hV"":4}",17055744,17055744,0,17055744,17055744,0,"","",canonical
hunt,29,0,0,0,165,172,337,"{""RU"":31,""RV"":31,""cells"":961,""and_checks"":1240,""or_checks"":620,""max_hU"":4,""max_hV"":4}","{""RU"":31,""RV"":31,""cells"":961,""and_checks"":620,""or_checks"":1240,""max_hU"":4,""max_hV"":4}",17055744,17055744,0,17055744,17055744,0,"","",canonical
hunt,30,0,0,0,165,171,336,"{""RU"":31,""RV"":31,""cells"":961,""and_checks"":1240,""or_checks"":620,""max_hU"":4,""max_hV"":4}","{""RU"":31,""RV"":31,""cells"":961,""and_checks"":620,""or_checks"":1240,""max_hU"":4,""max_hV"":4}",17055744,17055744,0,17055744,17055744,0,"","",canonical
hunt,31,0,0,0,165,172,337,"{""RU"":31,""RV"":31,""cells"":961,""and_checks"":1240,""or_checks"":620,""max_hU"":4,""max_hV"":4}","{""RU"":31,""RV"":31,""cells"":961,""and_checks"":620,""or_checks"":1240,""max_hU"":4,""max_hV"":4}",17055744,17055744,0,17055744,17055744,0,"","",canonical
