engine,pair_id,u_leq_v,v_leq_u,eq,uv_us,vu_us,total_us,uv_stats,vu_stats,uv_working_set,uv_peak_working_set,uv_private_bytes,vu_working_set,vu_peak_working_set,vu_private_bytes,uv_error,vu_error,representation
hunt,0,0,0,0,46,33,79,"{""RU"":3,""RV"":3,""cells"":9,""and_checks"":0,""or_checks"":12,""max_hU"":1,""max_hV"":1}","{""RU"":3,""RV"":3,""cells"":9,""and_checks"":12,""or_checks"":0,""max_hU"":1,""max_hV"":1}",15974400,15974400,0,15974400,15974400,0,"","",canonical
hunt,1,0,0,0,36,31,67,"{""RU"":3,""RV"":3,""cells"":9,""and_checks"":0,""or_checks"":12,""max_hU"":1,""max_hV"":1}","{""RU"":3,""RV"":3,""cells"":9,""and_checks"":12,""or_checks"":0,""max_hU"":1,""max_hV"":1}",15974400,15974400,0,15974400,15974400,0,"","",canonical
hunt,2,0,0,0,33,30,63,"{""RU"":3,""RV"":3,""cells"":9,""and_checks"":0,""or_checks"":12,""max_hU"":1,""max_hV"":1}","{""RU"":3,""RV"":3,""cells"":9,""and_checks"":12,""or_checks"":0,""max_hU"":1,""max_hV"":1}",15974400,15974400,0,15974400,15974400,0,"","",canonical
hunt,3,0,0,0,32,30,62,"{""RU"":3,""RV"":3,""cells"":9,""and_checks"":0,""or_checks"":12,""max_hU"":1,""max_hV"":1}","{""RU"":3,""RV"":3,""cells"":9,""and_checks"":12,""or_checks"":0,""max_hU"":1,""max_hV"":1}",15974400,15974400,0,15974400,15974400,0,"","",canonical
hunt,4,0,0,0,32,30,62,"{""RU"":3,""RV"":3,""cells"":9,""and_checks"":0,""or_checks"":12,""max_hU"":1,""max_hV"":1}","{""RU"":3,""RV"":3,""cells"":9,""and_checks"":12,""or_checks"":0,""max_hU"":1,""max_hV"":1}",15974400,15974400,0,15974400,15974400,0,"","",canonical
hunt,5,0,0,0,32,30,62,"{""RU"":3,""RV"":3,""cells"":9,""and_checks"":0,""or_checks"":12,""max_hU"":1,""max_hV"":1}","{""RU"":3,""RV"":3,""cells"":9,""and_checks"":12,""or_checks"":0,""max_hU"":1,""max_hV"":1}",15974400,15974400,0,15974400,15974400,0,"","",canonical
hunt,6,0,0,0,32,30,62,"{""RU"":3,""RV"":3,""cells"":9,""and_checks"":0,""or_checks"":12,""max_hU"":1,""max_hV"":1}","{""RU"":3,""RV"":3,""cells"":9,""and_checks"":12,""or_checks"":0,""max_hU"":1,""max_hV"":1}",15974400,15974400,0,15974400,15974400,0,"","",canonical
hunt,7,0,0,0,32,30,62,"{""RU"":3,""RV"":3,""cells"":9,""and_checks"":0,""or_checks"":12,""max_hU"":1,""max_hV"":1}","{""RU"":3,""RV"":3,""cells"":9,""and_checks"":12,""or_checks"":0,""max_hU"":1,""max_hV"":1}",15974400,15974400,0,15974400,15974400,0,"","",canonical
hunt,8,0,0,0,32,30,62,"{""RU"":3,""RV"":3,""cells"":9,""and_checks"":0,""or_checks"":12,""max_hU"":1,""max_hV"":1}","{""RU"":3,""RV"":3,""cells"":9,""and_checks"":12,""or_checks"":0,""max_hU"":1,""max_hV"":1}",15974400,15974400,0,15974400,15974400,0,"","",canonical
hunt,9,0,0,0,32,30,62,"{""RU"":3,""RV"":3,""cells"":9,""and_checks"":0,""or_checks"":12,""max_hU"":1,""max_hV"":1}","{""RU"":3,""RV"":3,""cells"":9,""and_checks"":12,""or_checks"":0,""max_hU"":1,""max_hV"":1}",15974400,15974400,0,15974400,15974400,0,"","",canonical
hunt,10,0,0,0,32,30,62,"{""RU"":3,""RV"":3,""cells"":9,""and_checks"":0,""or_checks"":12,""max_hU"":1,""max_hV"":1}","{""RU"":3,""RV"":3,""cells"":9,""and_checks"":12,""or_checks"":0,""max_hU"":1,""max_hV"":1}",15974400,15974400,0,15974400,15974400,0,"","",canonical
hunt,11,0,0,0,32,30,62,"{""RU"":3,""RV"":3,""cells"":9,""and_checks"":0,""or_checks"":12,""max_hU"":1,""max_hV"":1}","{""RU"":3,""RV"":3,""cells"":9,""and_checks"":12,""or_checks"":0,""max_hU"":1,""max_hV"":1}",15974400,15974400,0,15974400,15974400,0,"","",canonical
hunt,12,0,0,0,32,30,62,"{""RU"":3,""RV"":3,""cells"":9,""and_checks"":0,""or_checks"":12,""max_hU"":1,""max_hV"":1}","{""RU"":3,""RV"":3,""cells"":9,""and_checks"":12,""or_checks"":0,""max_hU"":1,""max_hV"":1}",15974400,15974400,0,15974400,15974400,0,"","",canonical
hunt,13,0,0,0,32,30,62,"{""RU"":3,""RV"":3,""cells"":9,""and_checks"":0,""or_checks"":12,""max_hU"":1,""max_hV"":1}","{""RU"":3,""RV"":3,""cells"":9,""and_checks"":12,""or_checks"":0,""max_hU"":1,""max_hV"":1}",15974400,15974400,0,15974400,15974400,0,"","",canonical
hunt,14,0,0,0,33,30,63,"{""RU"":3,""RV"":3,""cells"":9,""and_checks"":0,""or_checks"":12,""max_hU"":1,""max_hV"":1}","{""RU"":3,""RV"":3,""cells"":9,""and_checks"":12,""or_checks"":0,""max_hU"":1,""max_hV"":1}",15974400,15974400,0,15974400,15974400,0,"","",canonical
hunt,15,0,0,0,32,30,62,"{""RU"":3,""RV"":3,""cells"":9,""and_checks"":0,""or_checks"":12,""max_hU"":1,""max_hV"":1}","{""RU"":3,""RV"":3,""cells"":9,""and_checks"":12,""or_checks"":0,""max_hU"":1,""max_hV"":1}",15974400,15974400,0,15974400,15974400,0,"","",canonical
hunt,16,0,0,0,32,30,62,"{""RU"":3,""RV"":3,""cells"":9,""and_checks"":0,""or_checks"":12,""max_hU"":1,""max_hV"":1}","{""RU"":3,""RV"":3,""cells"":9,""and_checks"":12,""or_checks"":0,""max_hU"":1,""max_hV"":1}",15974400,15974400,0,15974400,15974400,0,"","",canonical
hunt,17,0,0,0,32,30,62,"{""RU"":3,""RV"":3,""cells"":9,""and_checks"":0,""or_checks"":12,""max_hU"":1,""max_hV"":1}","{""RU"":3,""RV"":3,""cells"":9,""and_checks"":12,""or_checks"":0,""max_hU"":1,""max_hV"":1}",15974400,15974400,0,15974400,15974400,0,"","",canonical
hunt,18,0,0,0,32,30,62,"{""RU"":3,""RV"":3,""cells"":9,""and_checks"":0,""or_checks"":12,""max_hU"":1,""max_hV"":1}","{""RU"":3,""RV"":3,""cells"":9,""and_checks"":12,""or_checks"":0,""max_hU"":1,""max_hV"":1}",15974400,15974400,0,15974400,15974400,0,"","",canonical
hunt,19,0,0,0,32,30,62,"{""RU"":3,""RV"":3,""cells"":9,""and_checks"":0,""or_checks"":12,""max_hU"":1,""max_hV"":1}","{""RU"":3,""RV"":3,""cells"":9,""and_checks"":12,""or_checks"":0,""max_hU"":1,""max_hV"":1}",15974400,15974400,0,15974400,15974400,0,"","",canonical
hunt,20,0,0,0,32,30,62,"{""RU"":3,""RV"":3,""cells"":9,""and_checks"":0,""or_checks"":12,""max_hU"":1,""max_hV"":1}","{""RU"":3,""RV"":3,""cells"":9,""and_checks"":12,""or_checks"":0,""max_hU"":1,""max_hV"":1}",15974400,15974400,0,15974400,15974400,0,"","",canonical
hunt,21,0,0,0,32,30,62,"{""RU"":3,""RV"":3,""cells"":9,""and_checks"":0,""or_checks"":12,""max_hU"":1,""max_hV"":1}","{""RU"":3,""RV"":3,""cells"":9,""and_checks"":12,""or_checks"":0,""max_hU"":1,""max_hV"":1}",15974400,15974400,0,15974400,15974400,0,"","",canonical
hunt,22,0,0,0,32,30,62,"{""RU"":3,""RV"":3,""cells"":9,""and_checks"":0,""or_checks"":12,""max_hU"":1,""max_hV"":1}","{""RU"":3,""RV"":3,""cells"":9,""and_checks"":12,""or_checks"":0,""max_hU"":1,""max_hV"":1}",15974400,15974400,0,15974400,15974400,0,"","",canonical
hunt,23,0,0,0,32,30,62,"{""RU"":3,""RV"":3,""cells"":9,""and_checks"":0,""or_checks"":12,""max_hU"":1,""max_hV"":1}","{""RU"":3,""RV"":3,""cells"":9,""and_checks"":12,""or_checks"":0,""max_hU"":1,""max_hV"":1}",15974400,15974400,0,15974400,15974400,0,"","",canonical
hunt,24,0,0,0,32,30,62,"{""RU"":3,""RV"":3,""cells"":9,""and_checks"":0,""or_checks"":12,""max_hU"":1,""max_hV"":1}","{""RU"":3,""RV"":3,""cells"":9,""and_checks"":12,""or_checks"":0,""max_hU"":1,""max_hV"":1}",15974400,15974400,0,15974400,15974400,0,"","",canonical
hunt,25,0,0,0,32,30,62,"{""RU"":3,""RV"":3,""cells"":9,""and_checks"":0,""or_checks"":12,""max_hU"":1,""max_hV"":1}","{""RU"":3,""RV"":3,""cells"":9,""and_checks"":12,""or_checks"":0,""max_hU"":1,""max_hV"":1}",15974400,15974400,0,15974400,15974400,0,"","",canonical
hunt,26,0,0,0,32,30,62,"{""RU"":3,""RV"":3,""cells"":9,""and_checks"":0,""or_checks"":12,""max_hU"":1,""max_hV"":1}","{""RU"":3,""RV"":3,""cells"":9,""and_checks"":12,""or_checks"":0,""max_hU"":1,""max_hV"":1}",15974400,15974400,0,15974400,15974400,0,"","",canonical
hunt,27,0,0,0,32,30,62,"{""RU"":3,""RV"":3,""cells"":9,""and_checks"":0,""or_checks"":12,""max_hU"":1,""max_hV"":1}","{""RU"":3,""RV"":3,""cells"":9,""and_checks"":12,""or_checks"":0,""max_hU"":1,""max_hV"":1}",15974400,15974400,0,15974400,15974400,0,"","",canonical
hunt,28,0,0,0,32,30,62,"{""RU"":3,""RV"":3,""cells"":9,""and_checks"":0,""or_checks"":12,""max_hU"":1,""max_hV"":1}","{""RU"":3,""RV"":3,""cells"":9,""and_checks"":12,""or_checks"":0,""max_hU"":1,""max_hV"":1}",15974400,15974400,0,15974400,15974400,0,"","",canonical
hunt,29,0,0,0,33,41,74,"{""RU"":3,""RV"":3,""cells"":9,""and_checks"":0,""or_checks"":12,""max_hU"":1,""max_hV"":1}","{""RU"":3,""RV"":3,""cells"":9,""and_checks"":12,""or_checks"":0,""max_hU"":1,""max_hV"":1}",15974400,15974400,0,15974400,15974400,0,"","",canonical
hunt,30,0,0,0,33,30,63,"{""RU"":3,""RV"":3,""cells"":9,""and_checks"":0,""or_checks"":12,""max_hU"":1,""max_hV"":1}","{""RU"":3,""RV"":3,""cells"":9,""and_checks"":12,""or_checks"":0,""max_hU"":1,""max_hV"":1}",15974400,15974400,0,15974400,15974400,0,"","",canonical
hunt,31,0,0,0,32,30,62,"{""RU"":3,""RV"":3,""cells"":9,""and_checks"":0,""or_checks"":12,""max_hU"":1,""max_hV"":1}","{""RU"":3,""RV"":3,""cells"":9,""and_checks"":12,""or_checks"":0,""max_hU"":1,""max_hV"":1}",15974400,15974400,0,15974400,15974400,0,"","",canonical
