engine,pair_id,u_leq_v,v_leq_u,eq,uv_us,vu_us,total_us,uv_stats,vu_stats,uv_working_set,uv_peak_working_set,uv_private_bytes,vu_working_set,vu_peak_working_set,vu_private_bytes,uv_error,vu_error,representation
hunt,0,0,0,0,1251,1144,2395,"{""RU"":62,""RV"":63,""cells"":3906,""and_checks"":2500,""or_checks"":5250,""max_hU"":5,""max_hV"":5}","{""RU"":63,""RV"":62,""cells"":3906,""and_checks"":5250,""or_checks"":2500,""max_hU"":5,""max_hV"":5}",17596416,17596416,0,17596416,17596416,0,"","",canonical
hunt,1,0,0,0,1245,1145,2390,"{""RU"":63,""RV"":63,""cells"":3969,""and_checks"":2520,""or_checks"":5292,""max_hU"":5,""max_hV"":5}","{""RU"":63,""RV"":63,""cells"":3969,""and_checks"":5292,""or_checks"":2520,""max_hU"":5,""max_hV"":5}",17596416,17596416,0,17596416,17596416,0,"","",canonical
hunt,2,0,0,0,1242,1106,2348,"{""RU"":63,""RV"":63,""cells"":3969,""and_checks"":2520,""or_checks"":5292,""max_hU"":5,""max_hV"":5}","{""RU"":63,""RV"":63,""cells"":3969,""and_checks"":5292,""or_checks"":2520,""max_hU"":5,""max_hV"":5}",17596416,17596416,0,17596416,17596416,0,"","",canonical
hunt,3,0,0,0,877,807,1684,"{""RU"":63,""RV"":61,""cells"":3843,""and_checks"":2480,""or_checks"":5080,""max_hU"":5,""max_hV"":5}","{""RU"":61,""RV"":63,""cells"":3843,""and_checks"":5082,""or_checks"":2480,""max_hU"":5,""max_hV"":5}",17596416,17596416,0,17596416,17596416,0,"","",canonical
hunt,4,0,0,0,895,828,1723,"{""RU"":63,""RV"":63,""cells"":3969,""and_checks"":2520,""or_checks"":5292,""max_hU"":5,""max_hV"":5}","{""RU"":63,""RV"":63,""cells"":3969,""and_checks"":5292,""or_checks"":2520,""max_hU"":5,""max_hV"":5}",17596416,17596416,0,17596416,17596416,0,"","",canonical
hunt,5,0,0,0,913,829,1742,"{""RU"":63,""RV"":63,""cells"":3969,""and_checks"":2520,""or_checks"":5292,""max_hU"":5,""max_hV"":5}","{""RU"":63,""RV"":63,""cells"":3969,""and_checks"":5292,""or_checks"":2520,""max_hU"":5,""max_hV"":5}",17596416,17596416,0,17596416,17596416,0,"","",canonical
hunt,6,0,0,0,898,826,1724,"{""RU"":63,""RV"":63,""cells"":3969,""and_checks"":2520,""or_checks"":5292,""max_hU"":5,""max_hV"":5}","{""RU"":63,""RV"":63,""cells"":3969,""and_checks"":5292,""or_checks"":2520,""max_hU"":5,""max_hV"":5}",17596416,17596416,0,17596416,17596416,0,"","",canonical
hunt,7,0,0,0,599,551,1150,"{""RU"":63,""RV"":63,""cells"":3969,""and_checks"":2520,""or_checks"":5292,""max_hU"":5,""max_hV"":5}","{""RU"":63,""RV"":63,""cells"":3969,""and_checks"":5292,""or_checks"":2520,""max_hU"":5,""max_hV"":5}",17596416,17596416,0,17596416,17596416,0,"","",canonical
hunt,8,0,0,0,599,551,1150,"{""RU"":63,""RV"":63,""cells"":3969,""and_checks"":2520,""or_checks"":5290,""max_hU"":5,""max_hV"":5}","{""RU"":63,""RV"":63,""cells"":3969,""and_checks"":5292,""or_checks"":2520,""max_hU"":5,""max_hV"":5}",17596416,17596416,0,17596416,17596416,0,"","",canonical
hunt,9,0,0,0,597,555,1152,"{""RU"":63,""RV"":63,""cells"":3969,""and_checks"":2520,""or_checks"":5292,""max_hU"":5,""max_hV"":5}","{""RU"":63,""RV"":63,""cells"":3969,""and_checks"":5292,""or_checks"":2520,""max_hU"":5,""max_hV"":5}",17596416,17596416,0,17596416,17596416,0,"","",canonical
hunt,10,0,0,0,590,546,1136,"{""RU"":63,""RV"":62,""cells"":3906,""and_checks"":2500,""or_checks"":5248,""max_hU"":5,""max_hV"":5}","{""RU"":62,""RV"":63,""cells"":3906,""and_checks"":5250,""or_checks"":2500,""max_hU"":5,""max_hV"":5}",17596416,17596416,0,17596416,17596416,0,"","",canonical
hunt,11,0,0,0,598,552,1150,"{""RU"":63,""RV"":63,""cells"":3969,""and_checks"":2520,""or_checks"":5290,""max_hU"":5,""max_hV"":5}","{""RU"":63,""RV"":63,""cells"":3969,""and_checks"":5292,""or_checks"":2520,""max_hU"":5,""max_hV"":5}",17596416,17596416,0,17596416,17596416,0,"","",canonical
hunt,12,0,0,0,596,547,1143,"{""RU"":62,""RV"":63,""cells"":3906,""and_checks"":2500,""or_checks"":5250,""max_hU"":5,""max_hV"":5}","{""RU"":63,""RV"":62,""cells"":3906,""and_checks"":5250,""or_checks"":2500,""max_hU"":5,""max_hV"":5}",17596416,17596416,0,17596416,17596416,0,"","",canonical
hunt,13,0,0,0,601,369,970,"{""RU"":62,""RV"":63,""cells"":3906,""and_checks"":2500,""or_checks"":5248,""max_hU"":5,""max_hV"":5}","{""RU"":63,""RV"":62,""cells"":3906,""and_checks"":5250,""or_checks"":2500,""max_hU"":5,""max_hV"":5}",17596416,17596416,0,17596416,17596416,0,"","",canonical
hunt,14,0,0,0,403,371,774,"{""RU"":63,""RV"":63,""cells"":3969,""and_checks"":2520,""or_checks"":5292,""max_hU"":5,""max_hV"":5}","{""RU"":63,""RV"":63,""cells"":3969,""and_checks"":5292,""or_checks"":2520,""max_hU"":5,""max_hV"":5}",17596416,17596416,0,17596416,17596416,0,"","",canonical
hunt,15,0,0,0,407,368,775,"{""RU"":62,""RV"":63,""cells"":3906,""and_checks"":2500,""or_checks"":5250,""max_hU"":5,""max_hV"":5}","{""RU"":63,""RV"":62,""cells"":3906,""and_checks"":5250,""or_checks"":2500,""max_hU"":5,""max_hV"":5}",17596416,17596416,0,17596416,17596416,0,"","",canonical
hunt,16,0,0,0,403,372,775,"{""RU"":63,""RV"":63,""cells"":3969,""and_checks"":2520,""or_checks"":5292,""max_hU"":5,""max_hV"":5}","{""RU"":63,""RV"":63,""cells"":3969,""and_checks"":5292,""or_checks"":2520,""max_hU"":5,""max_hV"":5}",17596416,17596416,0,17596416,17596416,0,"","",canonical
hunt,17,0,0,0,403,371,774,"{""RU"":63,""RV"":63,""cells"":3969,""and_checks"":2520,""or_checks"":5290,""max_hU"":5,""max_hV"":5}","{""RU"":63,""RV"":63,""cells"":3969,""and_checks"":5292,""or_checks"":2520,""max_hU"":5,""max_hV"":5}",17596416,17596416,0,17596416,17596416,0,"","",canonical
hunt,18,0,0,0,400,368,768,"{""RU"":63,""RV"":62,""cells"":3906,""and_checks"":2500,""or_checks"":5248,""max_hU"":5,""max_hV"":5}","{""RU"":62,""RV"":63,""cells"":3906,""and_checks"":5250,""or_checks"":2500,""max_hU"":5,""max_hV"":5}",17596416,17596416,0,17596416,17596416,0,"","",canonical
hunt,19,0,0,0,402,368,770,"{""RU"":62,""RV"":63,""cells"":3906,""and_checks"":2500,""or_checks"":5250,""max_hU"":5,""max_hV"":5}","{""RU"":63,""RV"":62,""cells"":3906,""and_checks"":5250,""or_checks"":2500,""max_hU"":5,""max_hV"":5}",17596416,17596416,0,17596416,17596416,0,"","",canonical
hunt,20,0,0,0,402,372,774,"{""RU"":63,""RV"":63,""cells"":3969,""and_checks"":2520,""or_checks"":5292,""max_hU"":5,""max_hV"":5}","{""RU"":63,""RV"":63,""cells"":3969,""and_checks"":5292,""or_checks"":2520,""max_hU"":5,""max_hV"":5}",17596416,17596416,0,17596416,17596416,0,"","",canonical
hunt,21,0,0,0,403,371,774,"{""RU"":63,""RV"":63,""cells"":3969,""and_checks"":2520,""or_checks"":5292,""max_hU"":5,""max_hV"":5}","{""RU"":63,""RV"":63,""cells"":3969,""and_checks"":5292,""or_checks"":2520,""max_hU"":5,""max_hV"":5}",17596416,17596416,0,17596416,17596416,0,"","",canonical
hunt,22,0,0,0,402,372,774,"{""RU"":63,""RV"":63,""cells"":3969,""and_checks"":2520,""or_checks"":5290,""max_hU"":5,""max_hV"":5}","{""RU"":63,""RV"":63,""cells"":3969,""and_checks"":5292,""or_checks"":2520,""max_hU"":5,""max_hV"":5}",17596416,17596416,0,17596416,17596416,0,"","",canonical
hunt,23,0,0,0,412,346,758,"{""RU"":63,""RV"":63,""cells"":3969,""and_checks"":2520,""or_checks"":5292,""max_hU"":5,""max_hV"":5}","{""RU"":63,""RV"":63,""cells"":3969,""and_checks"":5292,""or_checks"":2520,""max_hU"":5,""max_hV"":5}",17596416,17596416,0,17596416,17596416,0,"","",canonical
hunt,24,0,0,0,374,336,710,"{""RU"":63,""RV"":63,""cells"":3969,""and_checks"":2520,""or_checks"":5292,""max_hU"":5,""max_hV"":5}","{""RU"":63,""RV"":63,""cells"":3969,""and_checks"":5292,""or_checks"":2520,""max_hU"":5,""max_hV"":5}",17596416,17596416,0,17596416,17596416,0,"","",canonical
hunt,25,0,0,0,350,324,674,"{""RU"":63,""RV"":63,""cells"":3969,""and_checks"":2520,""or_checks"":5292,""max_hU"":5,""max_hV"":5}","{""RU"":63,""RV"":63,""cells"":3969,""and_checks"":5292,""or_checks"":2520,""max_hU"":5,""max_hV"":5}",17596416,17596416,0,17596416,17596416,0,"","",canonical
hunt,26,0,0,0,350,323,673,"{""RU"":63,""RV"":63,""cells"":3969,""and_checks"":2520,""or_checks"":5292,""max_hU"":5,""max_hV"":5}","{""RU"":63,""RV"":63,""cells"":3969,""and_checks"":5292,""or_checks"":2520,""max_hU"":5,""max_hV"":5}",17596416,17596416,0,17596416,17596416,0,"","",canonical
hunt,27,0,0,0,353,352,705,"{""RU"":63,""RV"":63,""cells"":3969,""and_checks"":2520,""or_checks"":5292,""max_hU"":5,""max_hV"":5}","{""RU"":63,""RV"":63,""cells"":3969,""and_checks"":5292,""or_checks"":2520,""max_hU"":5,""max_hV"":5}",17596416,17596416,0,17596416,17596416,0,"","",canonical
hunt,28,0,0,0,362,344,706,"{""RU"":62,""RV"":63,""cells"":3906,""and_checks"":2500,""or_checks"":5250,""max_hU"":5,""max_hV"":5}","{""RU"":63,""RV"":62,""cells"":3906,""and_checks"":5250,""or_checks"":2500,""max_hU"":5,""max_hV"":5}",17596416,17596416,0,17596416,17596416,0,"","",canonical
hunt,29,0,0,0,347,319,666,"{""RU"":62,""RV"":63,""cells"":3906,""and_checks"":2500,""or_checks"":5250,""max_hU"":5,""max_hV"":5}","{""RU"":63,""RV"":62,""cells"":3906,""and_checks"":5250,""or_checks"":2500,""max_hU"":5,""max_hV"":5}",17596416,17596416,0,17596416,17596416,0,"","",canonical
hunt,30,0,0,0,351,323,674,"{""RU"":63,""RV"":63,""cells"":3969,""and_checks"":2520,""or_checks"":5292,""max_hU"":5,""max_hV"":5}","{""RU"":63,""RV"":63,""cells"":3969,""and_checks"":5292,""or_checks"":2520,""max_hU"":5,""max_hV"":5}",17596416,17596416,0,17596416,17596416,0,"","",canonical
hunt,31,0,0,0,347,323,670,"{""RU"":63,""RV"":62,""cells"":3906,""and_checks"":2500,""or_checks"":5250,""max_hU"":5,""max_hV"":5}","{""RU"":62,""RV"":63,""cells"":3906,""and_checks"":5250,""or_checks"":2500,""max_hU"":5,""max_hV"":5}",17596416,17596416,0,17596416,17596416,0,"","",canonical
