engine,pair_id,u_leq_v,v_leq_u,eq,uv_us,vu_us,total_us,uv_stats,vu_stats,uv_working_set,uv_peak_working_set,uv_private_bytes,vu_working_set,vu_peak_working_set,vu_private_bytes,uv_error,vu_error,representation
hunt,0,0,0,0,91,79,170,"{""RU"":15,""RV"":15,""cells"":225,""and_checks"":120,""or_checks"":300,""max_hU"":3,""max_hV"":3}","{""RU"":15,""RV"":15,""cells"":225,""and_checks"":300,""or_checks"":120,""max_hU"":3,""max_hV"":3}",16785408,16785408,0,16785408,16785408,0,"","",canonical
hunt,1,0,0,0,84,77,161,"{""RU"":15,""RV"":15,""cells"":225,""and_checks"":120,""or_checks"":300,""max_hU"":3,""max_hV"":3}","{""RU"":15,""RV"":15,""cells"":225,""and_checks"":300,""or_checks"":120,""max_hU"":3,""max_hV"":3}",16785408,16785408,0,16785408,16785408,0,"","",canonical
hunt,2,0,0,0,83,77,160,"{""RU"":15,""RV"":15,""cells"":225,""and_checks"":120,""or_checks"":300,""max_hU"":3,""max_hV"":3}","{""RU"":15,""RV"":15,""cells"":225,""and_checks"":300,""or_checks"":120,""max_hU"":3,""max_hV"":3}",16785408,16785408,0,16785408,16785408,0,"","",canonical
hunt,3,0,0,0,82,77,159,"{""RU"":15,""RV"":15,""cells"":225,""and_checks"":120,""or_checks"":300,""max_hU"":3,""max_hV"":3}","{""RU"":15,""RV"":15,""cells"":225,""and_checks"":300,""or_checks"":120,""max_hU"":3,""max_hV"":3}",16785408,16785408,0,16785408,16785408,0,"","",canonical
hunt,4,0,0,0,82,77,159,"{""RU"":15,""RV"":15,""cells"":225,""and_checks"":120,""or_checks"":300,""max_hU"":3,""max_hV"":3}","{""RU"":15,""RV"":15,""cells"":225,""and_checks"":300,""or_checks"":120,""max_hU"":3,""max_hV"":3}",16785408,16785408,0,16785408,16785408,0,"","",canonical
hunt,5,0,0,0,83,101,184,"{""RU"":15,""RV"":15,""cells"":225,""and_checks"":120,""or_checks"":300,""max_hU"":3,""max_hV"":3}","{""RU"":15,""RV"":15,""cells"":225,""and_checks"":300,""or_checks"":120,""max_hU"":3,""max_hV"":3}",16785408,16785408,0,16785408,16785408,0,"","",canonical
hunt,6,0,0,0,83,77,160,"{""RU"":15,""RV"":15,""cells"":225,""and_checks"":120,""or_checks"":300,""max_hU"":3,""max_hV"":3}","{""RU"":15,""RV"":15,""cells"":225,""and_checks"":300,""or_checks"":120,""max_hU"":3,""max_hV"":3}",16785408,16785408,0,16785408,16785408,0,"","",canonical
hunt,7,0,0,0,82,77,159,"{""RU"":15,""RV"":15,""cells"":225,""and_checks"":120,""or_checks"":300,""max_hU"":3,""max_hV"":3}","{""RU"":15,""RV"":15,""cells"":225,""and_checks"":300,""or_checks"":120,""max_hU"":3,""max_hV"":3}",16785408,16785408,0,16785408,16785408,0,"","",canonical
hunt,8,0,0,0,82,77,159,"{""RU"":15,""RV"":15,""cells"":225,""and_checks"":120,""or_checks"":300,""max_hU"":3,""max_hV"":3}","{""RU"":15,""RV"":15,""cells"":225,""and_checks"":300,""or_checks"":120,""max_hU"":3,""max_hV"":3}",16785408,16785408,0,16785408,16785408,0,"","",canonical
hunt,9,0,0,0,83,77,160,"{""RU"":15,""RV"":15,""cells"":225,""and_checks"":120,""or_checks"":300,""max_hU"":3,""max_hV"":3}","{""RU"":15,""RV"":15,""cells"":225,""and_checks"":300,""or_checks"":120,""max_hU"":3,""max_hV"":3}",16785408,16785408,0,16785408,16785408,0,"","",canonical
hunt,10,0,0,0,82,77,159,"{""RU"":15,""RV"":15,""cells"":225,""and_checks"":120,""or_checks"":300,""max_hU"":3,""max_hV"":3}","{""RU"":15,""RV"":15,""cells"":225,""and_checks"":300,""or_checks"":120,""max_hU"":3,""max_hV"":3}",16785408,16785408,0,16785408,16785408,0,"","",canonical
hunt,11,0,0,0,83,76,159,"{""RU"":15,""RV"":15,""cells"":225,""and_checks"":120,""or_checks"":300,""max_hU"":3,""max_hV"":3}","{""RU"":15,""RV"":15,""cells"":225,""and_checks"":300,""or_checks"":120,""max_hU"":3,""max_hV"":3}",16785408,16785408,0,16785408,16785408,0,"","",canonical
hunt,12,0,0,0,83,77,160,"{""RU"":15,""RV"":15,""cells"":225,""and_checks"":120,""or_checks"":300,""max_hU"":3,""max_hV"":3}","{""RU"":15,""RV"":15,""cells"":225,""and_checks"":300,""or_checks"":120,""max_hU"":3,""max_hV"":3}",16785408,16785408,0,16785408,16785408,0,"","",canonical
hunt,13,0,0,0,82,77,159,"{""RU"":15,""RV"":15,""cells"":225,""and_checks"":120,""or_checks"":300,""max_hU"":3,""max_hV"":3}","{""RU"":15,""RV"":15,""cells"":225,""and_checks"":300,""or_checks"":120,""max_hU"":3,""max_hV"":3}",16785408,16785408,0,16785408,16785408,0,"","",canonical
hunt,14,0,0,0,82,77,159,"{""RU"":15,""RV"":15,""cells"":225,""and_checks"":120,""or_checks"":300,""max_hU"":3,""max_hV"":3}","{""RU"":15,""RV"":15,""cells"":225,""and_checks"":300,""or_checks"":120,""max_hU"":3,""max_hV"":3}",16785408,16785408,0,16785408,16785408,0,"","",canonical
hunt,15,0,0,0,82,76,158,"{""RU"":15,""RV"":15,""cells"":225,""and_checks"":120,""or_checks"":300,""max_hU"":3,""max_hV"":3}","{""RU"":15,""RV"":15,""cells"":225,""and_checks"":300,""or_checks"":120,""max_hU"":3,""max_hV"":3}",16785408,16785408,0,16785408,16785408,0,"","",canonical
hunt,16,0,0,0,74,68,142,"{""RU"":15,""RV"":15,""cells"":225,""and_checks"":120,""or_checks"":300,""max_hU"":3,""max_hV"":3}","{""RU"":15,""RV"":15,""cells"":225,""and_checks"":300,""or_checks"":120,""max_hU"":3,""max_hV"":3}",16785408,16785408,0,16785408,16785408,0,"","",canonical
hunt,17,0,0,0,73,68,141,"{""RU"":15,""RV"":15,""cells"":225,""and_checks"":120,""or_checks"":300,""max_hU"":3,""max_hV"":3}","{""RU"":15,""RV"":15,""cells"":225,""and_checks"":300,""or_checks"":120,""max_hU"":3,""max_hV"":3}",16785408,16785408,0,16785408,16785408,0,"","",canonical
hunt,18,0,0,0,73,68,141,"{""RU"":15,""RV"":15,""cells"":225,""and_checks"":120,""or_checks"":300,""max_hU"":3,""max_hV"":3}","{""RU"":15,""RV"":15,""cells"":225,""and_checks"":300,""or_checks"":120,""max_hU"":3,""max_hV"":3}",16785408,16785408,0,16785408,16785408,0,"","",canonical
hunt,19,0,0,0,73,68,141,"{""RU"":15,""RV"":15,""cells"":225,""and_checks"":120,""or_checks"":300,""max_hU"":3,""max_hV"":3}","{""RU"":15,""RV"":15,""cells"":225,""and_checks"":300,""or_checks"":120,""max_hU"":3,""max_hV"":3}",16785408,16785408,0,16785408,16785408,0,"","",canonical
hunt,20,0,0,0,80,68,148,"{""RU"":15,""RV"":15,""cells"":225,""and_checks"":120,""or_checks"":300,""max_hU"":3,""max_hV"":3}","{""RU"":15,""RV"":15,""cells"":225,""and_checks"":300,""or_checks"":120,""max_hU"":3,""max_hV"":3}",16785408,16785408,0,16785408,16785408,0,"","",canonical
hunt,21,0,0,0,73,68,141,"{""RU"":15,""RV"":15,""cells"":225,""and_checks"":120,""or_checks"":300,""max_hU"":3,""max_hV"":3}","{""RU"":15,""RV"":15,""cells"":225,""and_checks"":300,""or_checks"":120,""max_hU"":3,""max_hV"":3}",16785408,16785408,0,16785408,16785408,0,"","",canonical
hunt,22,0,0,0,73,68,141,"{""RU"":15,""RV"":15,""cells"":225,""and_checks"":120,""or_checks"":300,""max_hU"":3,""max_hV"":3}","{""RU"":15,""RV"":15,""cells"":225,""and_checks"":300,""or_checks"":120,""max_hU"":3,""max_hV"":3}",16785408,16785408,0,16785408,16785408,0,"","",canonical
hunt,23,0,0,0,73,68,141,"{""RU"":15,""RV"":15,""cells"":225,""and_checks"":120,""or_checks"":300,""max_hU"":3,""max_hV"":3}","{""RU"":15,""RV"":15,""cells"":225,""and_checks"":300,""or_checks"":120,""max_hU"":3,""max_hV"":3}",16785408,16785408,0,16785408,16785408,0,"","",canonical
hunt,24,0,0,0,73,68,141,"{""RU"":15,""RV"":15,""cells"":225,""and_checks"":120,""or_checks"":300,""max_hU"":3,""max_hV"":3}","{""RU"":15,""RV"":15,""cells"":225,""and_checks"":300,""or_checks"":120,""max_hU"":3,""max_hV"":3}",16785408,16785408,0,16785408,16785408,0,"","",canonical
hunt,25,0,0,0,73,68,141,"{""RU"":15,""RV"":15,""cells"":225,""and_checks"":120,""or_checks"":300,""max_hU"":3,""max_hV"":3}","{""RU"":15,""RV"":15,""cells"":225,""and_checks"":300,""or_checks"":120,""max_hU"":3,""max_hV"":3}",16785408,16785408,0,16785408,16785408,0,"","",canonical
hunt,26,0,0,0,73,68,141,"{""RU"":15,""RV"":15,""cells"":225,""and_checks"":120,""or_checks"":300,""max_hU"":3,""max_hV"":3}","{""RU"":15,""RV"":15,""cells"":225,""and_checks"":300,""or_checks"":120,""max_hU"":3,""max_hV"":3}",16785408,16785408,0,16785408,16785408,0,"","",canonical
hunt,27,0,0,0,73,68,141,"{""RU"":15,""RV"":15,""cells"":225,""and_checks"":120,""or_checks"":300,""max_hU"":3,""max_hV"":3}","{""RU"":15,""RV"":15,""cells"":225,""and_checks"":300,""or_checks"":120,""max_hU"":3,""max_hV"":3}",16785408,16785408,0,16785408,16785408,0,"","",canonical
hunt,28,0,0,0,74,68,142,"{""RU"":15,""RV"":15,""cells"":225,""and_checks"":120,""or_checks"":300,""max_hU"":3,""max_hV"":3}","{""RU"":15,""RV"":15,""cells"":225,""and_checks"":300,""or_checks"":120,""max_hU"":3,""max_hV"":3}",16785408,16785408,0,16785408,16785408,0,"","",canonical
hunt,29,0,0,0,74,68,142,"{""RU"":15,""RV"":15,""cells"":225,""and_checks"":120,""or_checks"":300,""max_hU"":3,""max_hV"":3}","{""RU"":15,""RV"":15,""cells"":225,""and_checks"":300,""or_checks"":120,""max_hU"":3,""max_hV"":3}",16785408,16785408,0,16785408,16785408,0,"","",canonical
hunt,30,0,0,0,73,68,141,"{""RU"":15,""RV"":15,""cells"":225,""and_checks"":120,""or_checks"":300,""max_hU"":3,""max_hV"":3}","{""RU"":15,""RV"":15,""cells"":225,""and_checks"":300,""or_checks"":120,""max_hU"":3,""max_hV"":3}",16785408,16785408,0,16785408,16785408,0,"","",canonical
hunt,31,0,0,0,73,68,141,"{""RU"":15,""RV"":15,""cells"":225,""and_checks"":120,""or_checks"":300,""max_hU"":3,""max_hV"":3}","{""RU"":15,""RV"":15,""cells"":225,""and_checks"":300,""or_checks"":120,""max_hU"":3,""max_hV"":3}",16785408,16785408,0,16785408,16785408,0,"","",canonical
