experiment,shape,budget,engine,median_pairDepth,p25_us,median_us,p75_us,mean_us,n_pairs,median_alt_index,median_share,csv_path,json_path
C1_altfull,altfull,1,cosma,1.0,99.0,99.0,99.0,100.25,32,0.0,1.0,cosma_B1.csv,pairs_B1.jsonl
C1_altfull,altfull,2,cosma,2.0,126.0,151.0,151.0,143.125,32,1.0,1.0,cosma_B2.csv,pairs_B2.jsonl
C1_altfull,altfull,3,cosma,3.0,361.0,362.0,482.0,397.531,32,1.0,1.0,cosma_B3.csv,pairs_B3.jsonl
C1_altfull,altfull,4,cosma,4.0,442.0,660.0,665.0,648.781,32,1.0,1.0,cosma_B4.csv,pairs_B4.jsonl
C1_altfull,altfull,5,cosma,5.0,550.0,585.0,630.0,591.219,32,1.0,1.0,cosma_B5.csv,pairs_B5.jsonl
C1_altfull,altfull,6,cosma,6.0,1226.0,1326.0,2005.0,1851.812,32,1.0,0.996063,cosma_B6.csv,pairs_B6.jsonl
C1_altfull,altfull,7,cosma,7.0,2975.0,3048.0,3093.0,3060.469,32,1.0,0.992157,cosma_B7.csv,pairs_B7.jsonl
C1_altfull,altfull,8,cosma,8.0,8632.0,8674.0,8796.0,9282.219,32,1.0,0.984344,cosma_B8.csv,pairs_B8.jsonl
C1_altfull,altfull,9,cosma,9.0,27107.0,27175.0,27308.0,28361.062,32,1.0,0.968719,cosma_B9.csv,pairs_B9.jsonl
C1_altfull,altfull,10,cosma,10.0,105401.0,106178.0,109714.0,109207.906,32,1.0,0.942599,cosma_B10.csv,pairs_B10.jsonl
C1_altfull,altfull,11,cosma,11.0,429197.0,445631.0,448260.0,441211.469,32,1.0,0.892918,cosma_B11.csv,pairs_B11.jsonl
C1_altfull,altfull,12,cosma,12.0,1790460.0,1790460.0,1790460.0,1806104.0,2,1.0,0.813881,cosma_B12.csv,pairs_B12.jsonl
C1_altfull,altfull,13,cosma,13.0,8984658.0,8984658.0,8984658.0,9293238.5,2,1.0,0.815479,cosma_B13.csv,pairs_B13.jsonl
C1_altfull,altfull,14,cosma,14.0,35707725.0,35707725.0,35707725.0,37709102.5,2,1.0,0.816065,cosma_B14.csv,pairs_B14.jsonl
C1_altfull,altfull,15,cosma,15.0,174797912.0,174797912.0,174797912.0,179772193.0,2,1.0,0.815969,cosma_B15.csv,pairs_B15.jsonl
C1_altfull,altfull,16,cosma,16.0,706797559.0,706797559.0,706797559.0,731561550.5,2,1.0,0.815608,cosma_B16.csv,pairs_B16.jsonl
C1_altfull,altfull,1,freese,1.0,16.0,16.0,16.0,16.25,32,0.0,1.0,freese_B1.csv,pairs_B1.jsonl
C1_altfull,altfull,2,freese,2.0,45.0,45.0,45.0,45.781,32,1.0,1.0,freese_B2.csv,pairs_B2.jsonl
C1_altfull,altfull,3,freese,3.0,158.0,165.0,185.0,173.562,32,1.0,1.0,freese_B3.csv,pairs_B3.jsonl
C1_altfull,altfull,4,freese,4.0,146.0,213.0,213.0,195.031,32,1.0,1.0,freese_B4.csv,pairs_B4.jsonl
C1_altfull,altfull,5,freese,5.0,357.0,517.0,762.0,659.656,32,1.0,1.0,freese_B5.csv,pairs_B5.jsonl
C1_altfull,altfull,6,freese,6.0,578.0,656.0,984.0,877.188,32,1.0,0.996063,freese_B6.csv,pairs_B6.jsonl
C1_altfull,altfull,7,freese,7.0,1323.0,1358.0,1381.0,1355.938,32,1.0,0.992157,freese_B7.csv,pairs_B7.jsonl
C1_altfull,altfull,8,freese,8.0,2330.0,2347.0,2415.0,2960.219,32,1.0,0.984344,freese_B8.csv,pairs_B8.jsonl
C1_altfull,altfull,9,freese,9.0,5490.0,5518.0,5554.0,6322.344,32,1.0,0.968719,freese_B9.csv,pairs_B9.jsonl
C1_altfull,altfull,10,freese,10.0,9870.0,9915.0,9966.0,10145.812,32,1.0,0.942599,freese_B10.csv,pairs_B10.jsonl
C1_altfull,altfull,11,freese,11.0,22975.0,23071.0,23150.0,23153.344,32,1.0,0.892918,freese_B11.csv,pairs_B11.jsonl
C1_altfull,altfull,12,freese,12.0,42068.0,42068.0,42068.0,53997.0,2,1.0,0.813881,freese_B12.csv,pairs_B12.jsonl
C1_altfull,altfull,13,freese,13.0,99785.0,99785.0,99785.0,108677.0,2,1.0,0.815479,freese_B13.csv,pairs_B13.jsonl
C1_altfull,altfull,14,freese,14.0,179063.0,179063.0,179063.0,181535.5,2,1.0,0.816065,freese_B14.csv,pairs_B14.jsonl
C1_altfull,altfull,15,freese,15.0,438692.0,438692.0,438692.0,449497.0,2,1.0,0.815969,freese_B15.csv,pairs_B15.jsonl
C1_altfull,altfull,16,freese,16.0,813346.0,813346.0,813346.0,836991.5,2,1.0,0.815608,freese_B16.csv,pairs_B16.jsonl
C1_altfull,altfull,1,hunt,1.0,62.0,62.0,62.0,63.156,32,0.0,1.0,hunt_B1.csv,pairs_B1.jsonl
C1_altfull,altfull,2,hunt,2.0,134.0,134.0,134.0,135.406,32,1.0,1.0,hunt_B2.csv,pairs_B2.jsonl
C1_altfull,altfull,3,hunt,3.0,141.0,148.0,159.0,151.594,32,1.0,1.0,hunt_B3.csv,pairs_B3.jsonl
C1_altfull,altfull,4,hunt,4.0,505.0,506.0,780.0,587.125,32,1.0,1.0,hunt_B4.csv,pairs_B4.jsonl
C1_altfull,altfull,5,hunt,5.0,710.0,774.0,1150.0,1095.344,32,1.0,1.0,hunt_B5.csv,pairs_B5.jsonl
C1_altfull,altfull,6,hunt,6.0,2301.0,2355.0,2424.0,2861.406,32,1.0,0.996063,hunt_B6.csv,pairs_B6.jsonl
C1_altfull,altfull,7,hunt,7.0,8345.0,8376.0,8412.0,9570.031,32,1.0,0.992157,hunt_B7.csv,pairs_B7.jsonl
C1_altfull,altfull,8,hunt,8.0,31523.0,31711.0,31808.0,32442.719,32,1.0,0.984344,hunt_B8.csv,pairs_B8.jsonl
C1_altfull,altfull,9,hunt,9.0,121349.0,121738.0,122059.0,122058.938,32,1.0,0.968719,hunt_B9.csv,pairs_B9.jsonl
C1_altfull,altfull,10,hunt,10.0,462351.0,463957.0,465641.0,464148.469,32,1.0,0.942599,hunt_B10.csv,pairs_B10.jsonl
C1_altfull,altfull,11,hunt,11.0,1708495.0,1711209.0,1720388.0,1714388.062,32,1.0,0.892918,hunt_B11.csv,pairs_B11.jsonl
C1_altfull,altfull,12,hunt,12.0,6005260.0,6005260.0,6005260.0,6029855.5,2,1.0,0.813881,hunt_B12.csv,pairs_B12.jsonl
C1_altfull,altfull,13,hunt,13.0,24073272.0,24073272.0,24073272.0,24128726.5,2,1.0,0.815479,hunt_B13.csv,pairs_B13.jsonl
C1_altfull,altfull,14,hunt,14.0,97720567.0,97720567.0,97720567.0,97880135.5,2,1.0,0.816065,hunt_B14.csv,pairs_B14.jsonl
C1_altfull,altfull,15,hunt,15.0,404096566.0,404096566.0,404096566.0,404347140.0,2,1.0,0.815969,hunt_B15.csv,pairs_B15.jsonl
C1_altfull,altfull,16,hunt,16.0,1643902014.0,1643902014.0,1643902014.0,1644145073.0,2,1.0,0.815608,hunt_B16.csv,pairs_B16.jsonl
C1_altfull,altfull,1,whitman,1.0,3.0,3.0,3.0,3.594,32,0.0,1.0,whitman_B1.csv,pairs_B1.jsonl
C1_altfull,altfull,2,whitman,2.0,5.0,5.0,5.0,5.188,32,1.0,1.0,whitman_B2.csv,pairs_B2.jsonl
C1_altfull,altfull,3,whitman,3.0,25.0,25.0,25.0,29.938,32,1.0,1.0,whitman_B3.csv,pairs_B3.jsonl
C1_altfull,altfull,4,whitman,4.0,71.0,98.0,127.0,95.969,32,1.0,1.0,whitman_B4.csv,pairs_B4.jsonl
C1_altfull,altfull,5,whitman,5.0,399.0,416.0,611.0,499.875,32,1.0,1.0,whitman_B5.csv,pairs_B5.jsonl
C1_altfull,altfull,6,whitman,6.0,493.0,496.0,852.0,763.531,32,1.0,0.996063,whitman_B6.csv,pairs_B6.jsonl
C1_altfull,altfull,7,whitman,7.0,3023.0,3037.0,3102.0,3860.312,32,1.0,0.992157,whitman_B7.csv,pairs_B7.jsonl
C1_altfull,altfull,8,whitman,8.0,5823.0,5830.0,5858.0,6750.875,32,1.0,0.984344,whitman_B8.csv,pairs_B8.jsonl
C1_altfull,altfull,9,whitman,9.0,42479.0,42541.0,42658.0,43694.656,32,1.0,0.968719,whitman_B9.csv,pairs_B9.jsonl
C1_altfull,altfull,10,whitman,10.0,81950.0,82029.0,82165.0,82319.719,32,1.0,0.942599,whitman_B10.csv,pairs_B10.jsonl
C1_altfull,altfull,11,whitman,11.0,615275.0,615669.0,616252.0,616726.562,32,1.0,0.892918,whitman_B11.csv,pairs_B11.jsonl
C1_altfull,altfull,12,whitman,12.0,1183095.0,1183095.0,1183095.0,1184055.5,2,1.0,0.813881,whitman_B12.csv,pairs_B12.jsonl
C1_altfull,altfull,13,whitman,13.0,9000788.0,9000788.0,9000788.0,9013462.5,2,1.0,0.815479,whitman_B13.csv,pairs_B13.jsonl
C1_altfull,altfull,14,whitman,14.0,17400115.0,17400115.0,17400115.0,17425647.5,2,1.0,0.816065,whitman_B14.csv,pairs_B14.jsonl
C1_altfull,altfull,15,whitman,15.0,133903151.0,133903151.0,133903151.0,133984106.5,2,1.0,0.815969,whitman_B15.csv,pairs_B15.jsonl
C1_altfull,altfull,16,whitman,16.0,258775543.0,258775543.0,258775543.0,258778734.5,2,1.0,0.815608,whitman_B16.csv,pairs_B16.jsonl
