engine,pair_id,u_leq_v,v_leq_u,eq,uv_us,vu_us,total_us,uv_stats,vu_stats,uv_working_set,uv_peak_working_set,uv_private_bytes,vu_working_set,vu_peak_working_set,vu_private_bytes,uv_error,vu_error,representation
whitman,0,0,0,0,41,35,76,"{""pairs"":185,""max_stack"":8,""branch_attempts"":53,""branch_right"":66,""branch_left"":66,""branch_successes"":0,""join_decomp"":52,""meet_decomp"":52}","{""pairs"":147,""max_stack"":9,""branch_attempts"":53,""branch_right"":66,""branch_left"":66,""branch_successes"":0,""join_decomp"":14,""meet_decomp"":14}",17055744,17055744,0,17055744,17055744,0,"","",canonical
whitman,1,0,0,0,38,34,72,"{""pairs"":185,""max_stack"":8,""branch_attempts"":53,""branch_right"":66,""branch_left"":66,""branch_successes"":0,""join_decomp"":52,""meet_decomp"":52}","{""pairs"":147,""max_stack"":9,""branch_attempts"":53,""branch_right"":66,""branch_left"":66,""branch_successes"":0,""join_decomp"":14,""meet_decomp"":14}",17055744,17055744,0,17055744,17055744,0,"","",canonical
whitman,2,0,0,0,38,34,72,"{""pairs"":185,""max_stack"":8,""branch_attempts"":53,""branch_right"":66,""branch_left"":66,""branch_successes"":0,""join_decomp"":52,""meet_decomp"":52}","{""pairs"":147,""max_stack"":9,""branch_attempts"":53,""branch_right"":66,""branch_left"":66,""branch_successes"":0,""join_decomp"":14,""meet_decomp"":14}",17055744,17055744,0,17055744,17055744,0,"","",canonical
whitman,3,0,0,0,37,35,72,"{""pairs"":185,""max_stack"":8,""branch_attempts"":53,""branch_right"":66,""branch_left"":66,""branch_successes"":0,""join_decomp"":52,""meet_decomp"":52}","{""pairs"":147,""max_stack"":9,""branch_attempts"":53,""branch_right"":66,""branch_left"":66,""branch_successes"":0,""join_decomp"":14,""meet_decomp"":14}",17055744,17055744,0,17055744,17055744,0,"","",canonical
whitman,4,0,0,0,38,34,72,"{""pairs"":185,""max_stack"":8,""branch_attempts"":53,""branch_right"":66,""branch_left"":66,""branch_successes"":0,""join_decomp"":52,""meet_decomp"":52}","{""pairs"":147,""max_stack"":9,""branch_attempts"":53,""branch_right"":66,""branch_left"":66,""branch_successes"":0,""join_decomp"":14,""meet_decomp"":14}",17055744,17055744,0,17055744,17055744,0,"","",canonical
whitman,5,0,0,0,37,34,71,"{""pairs"":185,""max_stack"":8,""branch_attempts"":53,""branch_right"":66,""branch_left"":66,""branch_successes"":0,""join_decomp"":52,""meet_decomp"":52}","{""pairs"":147,""max_stack"":9,""branch_attempts"":53,""branch_right"":66,""branch_left"":66,""branch_successes"":0,""join_decomp"":14,""meet_decomp"":14}",17055744,17055744,0,17055744,17055744,0,"","",canonical
whitman,6,0,0,0,37,34,71,"{""pairs"":185,""max_stack"":8,""branch_attempts"":53,""branch_right"":66,""branch_left"":66,""branch_successes"":0,""join_decomp"":52,""meet_decomp"":52}","{""pairs"":147,""max_stack"":9,""branch_attempts"":53,""branch_right"":66,""branch_left"":66,""branch_successes"":0,""join_decomp"":14,""meet_decomp"":14}",17055744,17055744,0,17055744,17055744,0,"","",canonical
whitman,7,0,0,0,37,34,71,"{""pairs"":185,""max_stack"":8,""branch_attempts"":53,""branch_right"":66,""branch_left"":66,""branch_successes"":0,""join_decomp"":52,""meet_decomp"":52}","{""pairs"":147,""max_stack"":9,""branch_attempts"":53,""branch_right"":66,""branch_left"":66,""branch_successes"":0,""join_decomp"":14,""meet_decomp"":14}",17055744,17055744,0,17055744,17055744,0,"","",canonical
whitman,8,0,0,0,37,34,71,"{""pairs"":185,""max_stack"":8,""branch_attempts"":53,""branch_right"":66,""branch_left"":66,""branch_successes"":0,""join_decomp"":52,""meet_decomp"":52}","{""pairs"":147,""max_stack"":9,""branch_attempts"":53,""branch_right"":66,""branch_left"":66,""branch_successes"":0,""join_decomp"":14,""meet_decomp"":14}",17055744,17055744,0,17055744,17055744,0,"","",canonical
whitman,9,0,0,0,37,34,71,"{""pairs"":185,""max_stack"":8,""branch_attempts"":53,""branch_right"":66,""branch_left"":66,""branch_successes"":0,""join_decomp"":52,""meet_decomp"":52}","{""pairs"":147,""max_stack"":9,""branch_attempts"":53,""branch_right"":66,""branch_left"":66,""branch_successes"":0,""join_decomp"":14,""meet_decomp"":14}",17055744,17055744,0,17055744,17055744,0,"","",canonical
whitman,10,0,0,0,37,34,71,"{""pairs"":185,""max_stack"":8,""branch_attempts"":53,""branch_right"":66,""branch_left"":66,""branch_successes"":0,""join_decomp"":52,""meet_decomp"":52}","{""pairs"":147,""max_stack"":9,""branch_attempts"":53,""branch_right"":66,""branch_left"":66,""branch_successes"":0,""join_decomp"":14,""meet_decomp"":14}",17055744,17055744,0,17055744,17055744,0,"","",canonical
whitman,11,0,0,0,37,34,71,"{""pairs"":185,""max_stack"":8,""branch_attempts"":53,""branch_right"":66,""branch_left"":66,""branch_successes"":0,""join_decomp"":52,""meet_decomp"":52}","{""pairs"":147,""max_stack"":9,""branch_attempts"":53,""branch_right"":66,""branch_left"":66,""branch_successes"":0,""join_decomp"":14,""meet_decomp"":14}",17055744,17055744,0,17055744,17055744,0,"","",canonical
whitman,12,0,0,0,38,34,72,"{""pairs"":185,""max_stack"":8,""branch_attempts"":53,""branch_right"":66,""branch_left"":66,""branch_successes"":0,""join_decomp"":52,""meet_decomp"":52}","{""pairs"":147,""max_stack"":9,""branch_attempts"":53,""branch_right"":66,""branch_left"":66,""branch_successes"":0,""join_decomp"":14,""meet_decomp"":14}",17055744,17055744,0,17055744,17055744,0,"","",canonical
whitman,13,0,0,0,37,34,71,"{""pairs"":185,""max_stack"":8,""branch_attempts"":53,""branch_right"":66,""branch_left"":66,""branch_successes"":0,""join_decomp"":52,""meet_decomp"":52}","{""pairs"":147,""max_stack"":9,""branch_attempts"":53,""branch_right"":66,""branch_left"":66,""branch_successes"":0,""join_decomp"":14,""meet_decomp"":14}",17055744,17055744,0,17055744,17055744,0,"","",canonical
whitman,14,0,0,0,68,63,131,"{""pairs"":185,""max_stack"":8,""branch_attempts"":53,""branch_right"":66,""branch_left"":66,""branch_successes"":0,""join_decomp"":52,""meet_decomp"":52}","{""pairs"":147,""max_stack"":9,""branch_attempts"":53,""branch_right"":66,""branch_left"":66,""branch_successes"":0,""join_decomp"":14,""meet_decomp"":14}",17055744,17055744,0,17055744,17055744,0,"","",canonical
whitman,15,0,0,0,69,64,133,"{""pairs"":185,""max_stack"":8,""branch_attempts"":53,""branch_right"":66,""branch_left"":66,""branch_successes"":0,""join_decomp"":52,""meet_decomp"":52}","{""pairs"":147,""max_stack"":9,""branch_attempts"":53,""branch_right"":66,""branch_left"":66,""branch_successes"":0,""join_decomp"":14,""meet_decomp"":14}",17055744,17055744,0,17055744,17055744,0,"","",canonical
whitman,16,0,0,0,68,64,132,"{""pairs"":185,""max_stack"":8,""branch_attempts"":53,""branch_right"":66,""branch_left"":66,""branch_successes"":0,""join_decomp"":52,""meet_decomp"":52}","{""pairs"":147,""max_stack"":9,""branch_attempts"":53,""branch_right"":66,""branch_left"":66,""branch_successes"":0,""join_decomp"":14,""meet_decomp"":14}",17055744,17055744,0,17055744,17055744,0,"","",canonical
whitman,17,0,0,0,68,64,132,"{""pairs"":185,""max_stack"":8,""branch_attempts"":53,""branch_right"":66,""branch_left"":66,""branch_successes"":0,""join_decomp"":52,""meet_decomp"":52}","{""pairs"":147,""max_stack"":9,""branch_attempts"":53,""branch_right"":66,""branch_left"":66,""branch_successes"":0,""join_decomp"":14,""meet_decomp"":14}",17055744,17055744,0,17055744,17055744,0,"","",canonical
whitman,18,0,0,0,69,63,132,"{""pairs"":185,""max_stack"":8,""branch_attempts"":53,""branch_right"":66,""branch_left"":66,""branch_successes"":0,""join_decomp"":52,""meet_decomp"":52}","{""pairs"":147,""max_stack"":9,""branch_attempts"":53,""branch_right"":66,""branch_left"":66,""branch_successes"":0,""join_decomp"":14,""meet_decomp"":14}",17055744,17055744,0,17055744,17055744,0,"","",canonical
whitman,19,0,0,0,68,63,131,"{""pairs"":185,""max_stack"":8,""branch_attempts"":53,""branch_right"":66,""branch_left"":66,""branch_successes"":0,""join_decomp"":52,""meet_decomp"":52}","{""pairs"":147,""max_stack"":9,""branch_attempts"":53,""branch_right"":66,""branch_left"":66,""branch_successes"":0,""join_decomp"":14,""meet_decomp"":14}",17055744,17055744,0,17055744,17055744,0,"","",canonical
whitman,20,0,0,0,68,63,131,"{""pairs"":185,""max_stack"":8,""branch_attempts"":53,""branch_right"":66,""branch_left"":66,""branch_successes"":0,""join_decomp"":52,""meet_decomp"":52}","{""pairs"":147,""max_stack"":9,""branch_attempts"":53,""branch_right"":66,""branch_left"":66,""branch_successes"":0,""join_decomp"":14,""meet_decomp"":14}",17055744,17055744,0,17055744,17055744,0,"","",canonical
whitman,21,0,0,0,69,63,132,"{""pairs"":185,""max_stack"":8,""branch_attempts"":53,""branch_right"":66,""branch_left"":66,""branch_successes"":0,""join_decomp"":52,""meet_decomp"":52}","{""pairs"":147,""max_stack"":9,""branch_attempts"":53,""branch_right"":66,""branch_left"":66,""branch_successes"":0,""join_decomp"":14,""meet_decomp"":14}",17055744,17055744,0,17055744,17055744,0,"","",canonical
whitman,22,0,0,0,79,48,127,"{""pairs"":185,""max_stack"":8,""branch_attempts"":53,""branch_right"":66,""branch_left"":66,""branch_successes"":0,""join_decomp"":52,""meet_decomp"":52}","{""pairs"":147,""max_stack"":9,""branch_attempts"":53,""branch_right"":66,""branch_left"":66,""branch_successes"":0,""join_decomp"":14,""meet_decomp"":14}",17055744,17055744,0,17055744,17055744,0,"","",canonical
whitman,23,0,0,0,51,47,98,"{""pairs"":185,""max_stack"":8,""branch_attempts"":53,""branch_right"":66,""branch_left"":66,""branch_successes"":0,""join_decomp"":52,""meet_decomp"":52}","{""pairs"":147,""max_stack"":9,""branch_attempts"":53,""branch_right"":66,""branch_left"":66,""branch_successes"":0,""join_decomp"":14,""meet_decomp"":14}",17055744,17055744,0,17055744,17055744,0,"","",canonical
whitman,24,0,0,0,51,48,99,"{""pairs"":185,""max_stack"":8,""branch_attempts"":53,""branch_right"":66,""branch_left"":66,""branch_successes"":0,""join_decomp"":52,""meet_decomp"":52}","{""pairs"":147,""max_stack"":9,""branch_attempts"":53,""branch_right"":66,""branch_left"":66,""branch_successes"":0,""join_decomp"":14,""meet_decomp"":14}",17055744,17055744,0,17055744,17055744,0,"","",canonical
whitman,25,0,0,0,51,47,98,"{""pairs"":185,""max_stack"":8,""branch_attempts"":53,""branch_right"":66,""branch_left"":66,""branch_successes"":0,""join_decomp"":52,""meet_decomp"":52}","{""pairs"":147,""max_stack"":9,""branch_attempts"":53,""branch_right"":66,""branch_left"":66,""branch_successes"":0,""join_decomp"":14,""meet_decomp"":14}",17055744,17055744,0,17055744,17055744,0,"","",canonical
whitman,26,0,0,0,51,48,99,"{""pairs"":185,""max_stack"":8,""branch_attempts"":53,""branch_right"":66,""branch_left"":66,""branch_successes"":0,""join_decomp"":52,""meet_decomp"":52}","{""pairs"":147,""max_stack"":9,""branch_attempts"":53,""branch_right"":66,""branch_left"":66,""branch_successes"":0,""join_decomp"":14,""meet_decomp"":14}",17055744,17055744,0,17055744,17055744,0,"","",canonical
whitman,27,0,0,0,51,48,99,"{""pairs"":185,""max_stack"":8,""branch_attempts"":53,""branch_right"":66,""branch_left"":66,""branch_successes"":0,""join_decomp"":52,""meet_decomp"":52}","{""pairs"":147,""max_stack"":9,""branch_attempts"":53,""branch_right"":66,""branch_left"":66,""branch_successes"":0,""join_decomp"":14,""meet_decomp"":14}",17055744,17055744,0,17055744,17055744,0,"","",canonical
whitman,28,0,0,0,51,47,98,"{""pairs"":185,""max_stack"":8,""branch_attempts"":53,""branch_right"":66,""branch_left"":66,""branch_successes"":0,""join_decomp"":52,""meet_decomp"":52}","{""pairs"":147,""max_stack"":9,""branch_attempts"":53,""branch_right"":66,""branch_left"":66,""branch_successes"":0,""join_decomp"":14,""meet_decomp"":14}",17055744,17055744,0,17055744,17055744,0,"","",canonical
whitman,29,0,0,0,51,47,98,"{""pairs"":185,""max_stack"":8,""branch_attempts"":53,""branch_right"":66,""branch_left"":66,""branch_successes"":0,""join_decomp"":52,""meet_decomp"":52}","{""pairs"":147,""max_stack"":9,""branch_attempts"":53,""branch_right"":66,""branch_left"":66,""branch_successes"":0,""join_decomp"":14,""meet_decomp"":14}",17055744,17055744,0,17055744,17055744,0,"","",canonical
whitman,30,0,0,0,51,48,99,"{""pairs"":185,""max_stack"":8,""branch_attempts"":53,""branch_right"":66,""branch_left"":66,""branch_successes"":0,""join_decomp"":52,""meet_decomp"":52}","{""pairs"":147,""max_stack"":9,""branch_attempts"":53,""branch_right"":66,""branch_left"":66,""branch_successes"":0,""join_decomp"":14,""meet_decomp"":14}",17055744,17055744,0,17055744,17055744,0,"","",canonical
whitman,31,0,0,0,51,47,98,"{""pairs"":185,""max_stack"":8,""branch_attempts"":53,""branch_right"":66,""branch_left"":66,""branch_successes"":0,""join_decomp"":52,""meet_decomp"":52}","{""pairs"":147,""max_stack"":9,""branch_attempts"":53,""branch_right"":66,""branch_left"":66,""branch_successes"":0,""join_decomp"":14,""meet_decomp"":14}",17055744,17055744,0,17055744,17055744,0,"","",canonical
