engine,pair_id,u_leq_v,v_leq_u,eq,uv_us,vu_us,total_us,uv_stats,vu_stats,uv_working_set,uv_peak_working_set,uv_private_bytes,vu_working_set,vu_peak_working_set,vu_private_bytes,uv_error,vu_error,representation
whitman,0,0,0,0,594947,42747,637694,"{""pairs"":4986665,""max_stack"":23,""branch_attempts"":1813333,""branch_right"":2266666,""branch_left"":2266666,""branch_successes"":0,""join_decomp"":453332,""meet_decomp"":453332}","{""pairs"":439339,""max_stack"":22,""branch_attempts"":125525,""branch_right"":156906,""branch_left"":156906,""branch_successes"":0,""join_decomp"":125526,""meet_decomp"":125526}",21405696,21405696,0,21405696,21405696,0,"","",canonical
whitman,1,0,0,0,572458,42368,614826,"{""pairs"":4986665,""max_stack"":23,""branch_attempts"":1813333,""branch_right"":2266666,""branch_left"":2266666,""branch_successes"":0,""join_decomp"":453332,""meet_decomp"":453332}","{""pairs"":439339,""max_stack"":22,""branch_attempts"":125525,""branch_right"":156906,""branch_left"":156906,""branch_successes"":0,""join_decomp"":125526,""meet_decomp"":125526}",21405696,21405696,0,21405696,21405696,0,"","",canonical
whitman,2,0,0,0,572653,42569,615222,"{""pairs"":4987421,""max_stack"":23,""branch_attempts"":1813837,""branch_right"":2266918,""branch_left"":2266918,""branch_successes"":504,""join_decomp"":453332,""meet_decomp"":453332}","{""pairs"":439339,""max_stack"":22,""branch_attempts"":125525,""branch_right"":156906,""branch_left"":156906,""branch_successes"":0,""join_decomp"":125526,""meet_decomp"":125526}",21405696,21405696,0,21405696,21405696,0,"","",canonical
whitman,3,0,0,0,572758,42670,615428,"{""pairs"":4988681,""max_stack"":23,""branch_attempts"":1814341,""branch_right"":2267170,""branch_left"":2267674,""branch_successes"":1008,""join_decomp"":453332,""meet_decomp"":453332}","{""pairs"":439339,""max_stack"":22,""branch_attempts"":125525,""branch_right"":156906,""branch_left"":156906,""branch_successes"":0,""join_decomp"":125526,""meet_decomp"":125526}",21405696,21405696,0,21405696,21405696,0,"","",canonical
whitman,4,0,0,0,573214,42579,615793,"{""pairs"":4987421,""max_stack"":23,""branch_attempts"":1813837,""branch_right"":2266918,""branch_left"":2266918,""branch_successes"":504,""join_decomp"":453332,""meet_decomp"":453332}","{""pairs"":439339,""max_stack"":22,""branch_attempts"":125525,""branch_right"":156906,""branch_left"":156906,""branch_successes"":0,""join_decomp"":125526,""meet_decomp"":125526}",21405696,21405696,0,21405696,21405696,0,"","",canonical
whitman,5,0,0,0,573791,42384,616175,"{""pairs"":4990193,""max_stack"":23,""branch_attempts"":1815097,""branch_right"":2267674,""branch_left"":2268430,""branch_successes"":1512,""join_decomp"":453332,""meet_decomp"":453332}","{""pairs"":439339,""max_stack"":22,""branch_attempts"":125525,""branch_right"":156906,""branch_left"":156906,""branch_successes"":0,""join_decomp"":125526,""meet_decomp"":125526}",21405696,21405696,0,21405696,21405696,0,"","",canonical
whitman,6,0,0,0,572996,42315,615311,"{""pairs"":4986665,""max_stack"":23,""branch_attempts"":1813333,""branch_right"":2266666,""branch_left"":2266666,""branch_successes"":0,""join_decomp"":453332,""meet_decomp"":453332}","{""pairs"":439339,""max_stack"":22,""branch_attempts"":125525,""branch_right"":156906,""branch_left"":156906,""branch_successes"":0,""join_decomp"":125526,""meet_decomp"":125526}",21405696,21405696,0,21405696,21405696,0,"","",canonical
whitman,7,0,0,0,573552,42700,616252,"{""pairs"":4988681,""max_stack"":23,""branch_attempts"":1814341,""branch_right"":2267170,""branch_left"":2267674,""branch_successes"":1008,""join_decomp"":453332,""meet_decomp"":453332}","{""pairs"":439339,""max_stack"":22,""branch_attempts"":125525,""branch_right"":156906,""branch_left"":156906,""branch_successes"":0,""join_decomp"":125526,""meet_decomp"":125526}",21405696,21405696,0,21405696,21405696,0,"","",canonical
whitman,8,0,0,0,574529,42648,617177,"{""pairs"":4988933,""max_stack"":23,""branch_attempts"":1814845,""branch_right"":2267422,""branch_left"":2267422,""branch_successes"":1512,""join_decomp"":453332,""meet_decomp"":453332}","{""pairs"":439339,""max_stack"":22,""branch_attempts"":125525,""branch_right"":156906,""branch_left"":156906,""branch_successes"":0,""join_decomp"":125526,""meet_decomp"":125526}",21405696,21405696,0,21405696,21405696,0,"","",canonical
whitman,9,0,0,0,573898,42291,616189,"{""pairs"":4989185,""max_stack"":23,""branch_attempts"":1814845,""branch_right"":2267422,""branch_left"":2267674,""branch_successes"":1512,""join_decomp"":453332,""meet_decomp"":453332}","{""pairs"":439339,""max_stack"":22,""branch_attempts"":125525,""branch_right"":156906,""branch_left"":156906,""branch_successes"":0,""join_decomp"":125526,""meet_decomp"":125526}",21405696,21405696,0,21405696,21405696,0,"","",canonical
whitman,10,0,0,0,573785,42290,616075,"{""pairs"":4989185,""max_stack"":23,""branch_attempts"":1814845,""branch_right"":2267422,""branch_left"":2267674,""branch_successes"":1512,""join_decomp"":453332,""meet_decomp"":453332}","{""pairs"":439339,""max_stack"":22,""branch_attempts"":125525,""branch_right"":156906,""branch_left"":156906,""branch_successes"":0,""join_decomp"":125526,""meet_decomp"":125526}",21405696,21405696,0,21405696,21405696,0,"","",canonical
whitman,11,0,0,0,572803,42399,615202,"{""pairs"":4986665,""max_stack"":23,""branch_attempts"":1813333,""branch_right"":2266666,""branch_left"":2266666,""branch_successes"":0,""join_decomp"":453332,""meet_decomp"":453332}","{""pairs"":439339,""max_stack"":22,""branch_attempts"":125525,""branch_right"":156906,""branch_left"":156906,""branch_successes"":0,""join_decomp"":125526,""meet_decomp"":125526}",21405696,21405696,0,21405696,21405696,0,"","",canonical
whitman,12,0,0,0,573451,42490,615941,"{""pairs"":4988429,""max_stack"":23,""branch_attempts"":1814341,""branch_right"":2267170,""branch_left"":2267422,""branch_successes"":1008,""join_decomp"":453332,""meet_decomp"":453332}","{""pairs"":439339,""max_stack"":22,""branch_attempts"":125525,""branch_right"":156906,""branch_left"":156906,""branch_successes"":0,""join_decomp"":125526,""meet_decomp"":125526}",21405696,21405696,0,21405696,21405696,0,"","",canonical
whitman,13,0,0,0,572386,42325,614711,"{""pairs"":4987673,""max_stack"":23,""branch_attempts"":1813837,""branch_right"":2266918,""branch_left"":2267170,""branch_successes"":504,""join_decomp"":453332,""meet_decomp"":453332}","{""pairs"":439339,""max_stack"":22,""branch_attempts"":125525,""branch_right"":156906,""branch_left"":156906,""branch_successes"":0,""join_decomp"":125526,""meet_decomp"":125526}",21405696,21405696,0,21405696,21405696,0,"","",canonical
whitman,14,0,0,0,573846,42483,616329,"{""pairs"":4986665,""max_stack"":23,""branch_attempts"":1813333,""branch_right"":2266666,""branch_left"":2266666,""branch_successes"":0,""join_decomp"":453332,""meet_decomp"":453332}","{""pairs"":439339,""max_stack"":22,""branch_attempts"":125525,""branch_right"":156906,""branch_left"":156906,""branch_successes"":0,""join_decomp"":125526,""meet_decomp"":125526}",21405696,21405696,0,21405696,21405696,0,"","",canonical
whitman,15,0,0,0,573633,42297,615930,"{""pairs"":4988177,""max_stack"":23,""branch_attempts"":1814089,""branch_right"":2267170,""branch_left"":2267422,""branch_successes"":504,""join_decomp"":453332,""meet_decomp"":453332}","{""pairs"":439339,""max_stack"":22,""branch_attempts"":125525,""branch_right"":156906,""branch_left"":156906,""branch_successes"":0,""join_decomp"":125526,""meet_decomp"":125526}",21405696,21405696,0,21405696,21405696,0,"","",canonical
whitman,16,0,0,0,572648,42449,615097,"{""pairs"":4987673,""max_stack"":23,""branch_attempts"":1813837,""branch_right"":2266918,""branch_left"":2267170,""branch_successes"":504,""join_decomp"":453332,""meet_decomp"":453332}","{""pairs"":439339,""max_stack"":22,""branch_attempts"":125525,""branch_right"":156906,""branch_left"":156906,""branch_successes"":0,""join_decomp"":125526,""meet_decomp"":125526}",21405696,21405696,0,21405696,21405696,0,"","",canonical
whitman,17,0,0,0,582095,42301,624396,"{""pairs"":4989185,""max_stack"":23,""branch_attempts"":1814593,""branch_right"":2267422,""branch_left"":2267926,""branch_successes"":1008,""join_decomp"":453332,""meet_decomp"":453332}","{""pairs"":439339,""max_stack"":22,""branch_attempts"":125525,""branch_right"":156906,""branch_left"":156906,""branch_successes"":0,""join_decomp"":125526,""meet_decomp"":125526}",21405696,21405696,0,21405696,21405696,0,"","",canonical
whitman,18,0,0,0,573171,42460,615631,"{""pairs"":4987673,""max_stack"":23,""branch_attempts"":1813837,""branch_right"":2266918,""branch_left"":2267170,""branch_successes"":504,""join_decomp"":453332,""meet_decomp"":453332}","{""pairs"":439339,""max_stack"":22,""branch_attempts"":125525,""branch_right"":156906,""branch_left"":156906,""branch_successes"":0,""join_decomp"":125526,""meet_decomp"":125526}",21405696,21405696,0,21405696,21405696,0,"","",canonical
whitman,19,0,0,0,572962,42383,615345,"{""pairs"":4987421,""max_stack"":23,""branch_attempts"":1813837,""branch_right"":2266918,""branch_left"":2266918,""branch_successes"":504,""join_decomp"":453332,""meet_decomp"":453332}","{""pairs"":439339,""max_stack"":22,""branch_attempts"":125525,""branch_right"":156906,""branch_left"":156906,""branch_successes"":0,""join_decomp"":125526,""meet_decomp"":125526}",21405696,21405696,0,21405696,21405696,0,"","",canonical
whitman,20,0,0,0,573374,42295,615669,"{""pairs"":4986665,""max_stack"":23,""branch_attempts"":1813333,""branch_right"":2266666,""branch_left"":2266666,""branch_successes"":0,""join_decomp"":453332,""meet_decomp"":453332}","{""pairs"":439339,""max_stack"":22,""branch_attempts"":125525,""branch_right"":156906,""branch_left"":156906,""branch_successes"":0,""join_decomp"":125526,""meet_decomp"":125526}",21405696,21405696,0,21405696,21405696,0,"","",canonical
whitman,21,0,0,0,573181,42295,615476,"{""pairs"":4988429,""max_stack"":23,""branch_attempts"":1814089,""branch_right"":2267170,""branch_left"":2267674,""branch_successes"":504,""join_decomp"":453332,""meet_decomp"":453332}","{""pairs"":439339,""max_stack"":22,""branch_attempts"":125525,""branch_right"":156906,""branch_left"":156906,""branch_successes"":0,""join_decomp"":125526,""meet_decomp"":125526}",21405696,21405696,0,21405696,21405696,0,"","",canonical
whitman,22,0,0,0,572882,42389,615271,"{""pairs"":4987673,""max_stack"":23,""branch_attempts"":1813837,""branch_right"":2266918,""branch_left"":2267170,""branch_successes"":504,""join_decomp"":453332,""meet_decomp"":453332}","{""pairs"":437868,""max_stack"":22,""branch_attempts"":125525,""branch_right"":156906,""branch_left"":156906,""branch_successes"":0,""join_decomp"":125526,""meet_decomp"":122584}",21405696,21405696,0,21405696,21405696,0,"","",canonical
whitman,23,0,0,0,572703,42572,615275,"{""pairs"":4986665,""max_stack"":23,""branch_attempts"":1813333,""branch_right"":2266666,""branch_left"":2266666,""branch_successes"":0,""join_decomp"":453332,""meet_decomp"":453332}","{""pairs"":439339,""max_stack"":22,""branch_attempts"":125525,""branch_right"":156906,""branch_left"":156906,""branch_successes"":0,""join_decomp"":125526,""meet_decomp"":125526}",21405696,21405696,0,21405696,21405696,0,"","",canonical
whitman,24,0,0,0,573809,42705,616514,"{""pairs"":4987673,""max_stack"":23,""branch_attempts"":1813837,""branch_right"":2266918,""branch_left"":2267170,""branch_successes"":504,""join_decomp"":453332,""meet_decomp"":453332}","{""pairs"":439339,""max_stack"":22,""branch_attempts"":125525,""branch_right"":156906,""branch_left"":156906,""branch_successes"":0,""join_decomp"":125526,""meet_decomp"":125526}",21405696,21405696,0,21405696,21405696,0,"","",canonical
whitman,25,0,0,0,574101,42428,616529,"{""pairs"":4989437,""max_stack"":23,""branch_attempts"":1814845,""branch_right"":2267422,""branch_left"":2267926,""branch_successes"":1512,""join_decomp"":453332,""meet_decomp"":453332}","{""pairs"":439339,""max_stack"":22,""branch_attempts"":125525,""branch_right"":156906,""branch_left"":156906,""branch_successes"":0,""join_decomp"":125526,""meet_decomp"":125526}",21405696,21405696,0,21405696,21405696,0,"","",canonical
whitman,26,0,0,0,573213,42418,615631,"{""pairs"":4988177,""max_stack"":23,""branch_attempts"":1814089,""branch_right"":2267170,""branch_left"":2267422,""branch_successes"":504,""join_decomp"":453332,""meet_decomp"":453332}","{""pairs"":439339,""max_stack"":22,""branch_attempts"":125525,""branch_right"":156906,""branch_left"":156906,""branch_successes"":0,""join_decomp"":125526,""meet_decomp"":125526}",21405696,21405696,0,21405696,21405696,0,"","",canonical
whitman,27,0,0,0,572462,42381,614843,"{""pairs"":4986665,""max_stack"":23,""branch_attempts"":1813333,""branch_right"":2266666,""branch_left"":2266666,""branch_successes"":0,""join_decomp"":453332,""meet_decomp"":453332}","{""pairs"":439339,""max_stack"":22,""branch_attempts"":125525,""branch_right"":156906,""branch_left"":156906,""branch_successes"":0,""join_decomp"":125526,""meet_decomp"":125526}",21405696,21405696,0,21405696,21405696,0,"","",canonical
whitman,28,0,0,0,574145,42601,616746,"{""pairs"":4987421,""max_stack"":23,""branch_attempts"":1813837,""branch_right"":2266918,""branch_left"":2266918,""branch_successes"":504,""join_decomp"":453332,""meet_decomp"":453332}","{""pairs"":439339,""max_stack"":22,""branch_attempts"":125525,""branch_right"":156906,""branch_left"":156906,""branch_successes"":0,""join_decomp"":125526,""meet_decomp"":125526}",21405696,21405696,0,21405696,21405696,0,"","",canonical
whitman,29,0,0,0,573013,42490,615503,"{""pairs"":4987673,""max_stack"":23,""branch_attempts"":1813837,""branch_right"":2266918,""branch_left"":2267170,""branch_successes"":504,""join_decomp"":453332,""meet_decomp"":453332}","{""pairs"":439339,""max_stack"":22,""branch_attempts"":125525,""branch_right"":156906,""branch_left"":156906,""branch_successes"":0,""join_decomp"":125526,""meet_decomp"":125526}",21405696,21405696,0,21405696,21405696,0,"","",canonical
whitman,30,0,0,0,574701,42438,617139,"{""pairs"":4989941,""max_stack"":23,""branch_attempts"":1815349,""branch_right"":2267674,""branch_left"":2267926,""branch_successes"":2016,""join_decomp"":453332,""meet_decomp"":453332}","{""pairs"":439339,""max_stack"":22,""branch_attempts"":125525,""branch_right"":156906,""branch_left"":156906,""branch_successes"":0,""join_decomp"":125526,""meet_decomp"":125526}",21405696,21405696,0,21405696,21405696,0,"","",canonical
whitman,31,0,0,0,573553,42377,615930,"{""pairs"":4987673,""max_stack"":23,""branch_attempts"":1813837,""branch_right"":2266918,""branch_left"":2267170,""branch_successes"":504,""join_decomp"":453332,""meet_decomp"":453332}","{""pairs"":439339,""max_stack"":22,""branch_attempts"":125525,""branch_right"":156906,""branch_left"":156906,""branch_successes"":0,""join_decomp"":125526,""meet_decomp"":125526}",21405696,21405696,0,21405696,21405696,0,"","",canonical
