engine,pair_id,u_leq_v,v_leq_u,eq,uv_us,vu_us,total_us,uv_stats,vu_stats,uv_working_set,uv_peak_working_set,uv_private_bytes,vu_working_set,vu_peak_working_set,vu_private_bytes,uv_error,vu_error,representation
whitman,0,0,0,0,71736,5631,77367,"{""pairs"":345193,""max_stack"":19,""branch_attempts"":125525,""branch_right"":156906,""branch_left"":156906,""branch_successes"":0,""join_decomp"":31380,""meet_decomp"":31380}","{""pairs"":31211,""max_stack"":18,""branch_attempts"":8917,""branch_right"":11146,""branch_left"":11146,""branch_successes"":0,""join_decomp"":8918,""meet_decomp"":8918}",19218432,19218432,0,19218432,19218432,0,"","",canonical
whitman,1,0,0,0,40556,3007,43563,"{""pairs"":345193,""max_stack"":19,""branch_attempts"":125525,""branch_right"":156906,""branch_left"":156906,""branch_successes"":0,""join_decomp"":31380,""meet_decomp"":31380}","{""pairs"":31211,""max_stack"":18,""branch_attempts"":8917,""branch_right"":11146,""branch_left"":11146,""branch_successes"":0,""join_decomp"":8918,""meet_decomp"":8918}",19218432,19218432,0,19218432,19218432,0,"","",canonical
whitman,2,0,0,0,39455,3006,42461,"{""pairs"":345193,""max_stack"":19,""branch_attempts"":125525,""branch_right"":156906,""branch_left"":156906,""branch_successes"":0,""join_decomp"":31380,""meet_decomp"":31380}","{""pairs"":31211,""max_stack"":18,""branch_attempts"":8917,""branch_right"":11146,""branch_left"":11146,""branch_successes"":0,""join_decomp"":8918,""meet_decomp"":8918}",19218432,19218432,0,19218432,19218432,0,"","",canonical
whitman,3,0,0,0,39519,3004,42523,"{""pairs"":345193,""max_stack"":19,""branch_attempts"":125525,""branch_right"":156906,""branch_left"":156906,""branch_successes"":0,""join_decomp"":31380,""meet_decomp"":31380}","{""pairs"":31211,""max_stack"":18,""branch_attempts"":8917,""branch_right"":11146,""branch_left"":11146,""branch_successes"":0,""join_decomp"":8918,""meet_decomp"":8918}",19218432,19218432,0,19218432,19218432,0,"","",canonical
whitman,4,0,0,0,39679,3082,42761,"{""pairs"":345403,""max_stack"":19,""branch_attempts"":125665,""branch_right"":156976,""branch_left"":156976,""branch_successes"":140,""join_decomp"":31380,""meet_decomp"":31380}","{""pairs"":31211,""max_stack"":18,""branch_attempts"":8917,""branch_right"":11146,""branch_left"":11146,""branch_successes"":0,""join_decomp"":8918,""meet_decomp"":8918}",19218432,19218432,0,19218432,19218432,0,"","",canonical
whitman,5,0,0,0,39550,3003,42553,"{""pairs"":345403,""max_stack"":19,""branch_attempts"":125665,""branch_right"":156976,""branch_left"":156976,""branch_successes"":140,""join_decomp"":31380,""meet_decomp"":31380}","{""pairs"":31211,""max_stack"":18,""branch_attempts"":8917,""branch_right"":11146,""branch_left"":11146,""branch_successes"":0,""join_decomp"":8918,""meet_decomp"":8918}",19218432,19218432,0,19218432,19218432,0,"","",canonical
whitman,6,0,0,0,39490,3008,42498,"{""pairs"":345193,""max_stack"":19,""branch_attempts"":125525,""branch_right"":156906,""branch_left"":156906,""branch_successes"":0,""join_decomp"":31380,""meet_decomp"":31380}","{""pairs"":31211,""max_stack"":18,""branch_attempts"":8917,""branch_right"":11146,""branch_left"":11146,""branch_successes"":0,""join_decomp"":8918,""meet_decomp"":8918}",19218432,19218432,0,19218432,19218432,0,"","",canonical
whitman,7,0,0,0,39455,3006,42461,"{""pairs"":345193,""max_stack"":19,""branch_attempts"":125525,""branch_right"":156906,""branch_left"":156906,""branch_successes"":0,""join_decomp"":31380,""meet_decomp"":31380}","{""pairs"":31211,""max_stack"":18,""branch_attempts"":8917,""branch_right"":11146,""branch_left"":11146,""branch_successes"":0,""join_decomp"":8918,""meet_decomp"":8918}",19218432,19218432,0,19218432,19218432,0,"","",canonical
whitman,8,0,0,0,39540,3071,42611,"{""pairs"":345403,""max_stack"":19,""branch_attempts"":125665,""branch_right"":156976,""branch_left"":156976,""branch_successes"":140,""join_decomp"":31380,""meet_decomp"":31380}","{""pairs"":31211,""max_stack"":18,""branch_attempts"":8917,""branch_right"":11146,""branch_left"":11146,""branch_successes"":0,""join_decomp"":8918,""meet_decomp"":8918}",19218432,19218432,0,19218432,19218432,0,"","",canonical
whitman,9,0,0,0,39539,3001,42540,"{""pairs"":345193,""max_stack"":19,""branch_attempts"":125525,""branch_right"":156906,""branch_left"":156906,""branch_successes"":0,""join_decomp"":31380,""meet_decomp"":31380}","{""pairs"":31211,""max_stack"":18,""branch_attempts"":8917,""branch_right"":11146,""branch_left"":11146,""branch_successes"":0,""join_decomp"":8918,""meet_decomp"":8918}",19218432,19218432,0,19218432,19218432,0,"","",canonical
whitman,10,0,0,0,39536,3005,42541,"{""pairs"":345193,""max_stack"":19,""branch_attempts"":125525,""branch_right"":156906,""branch_left"":156906,""branch_successes"":0,""join_decomp"":31380,""meet_decomp"":31380}","{""pairs"":31211,""max_stack"":18,""branch_attempts"":8917,""branch_right"":11146,""branch_left"":11146,""branch_successes"":0,""join_decomp"":8918,""meet_decomp"":8918}",19218432,19218432,0,19218432,19218432,0,"","",canonical
whitman,11,0,0,0,39539,3006,42545,"{""pairs"":345403,""max_stack"":19,""branch_attempts"":125665,""branch_right"":156976,""branch_left"":156976,""branch_successes"":140,""join_decomp"":31380,""meet_decomp"":31380}","{""pairs"":31211,""max_stack"":18,""branch_attempts"":8917,""branch_right"":11146,""branch_left"":11146,""branch_successes"":0,""join_decomp"":8918,""meet_decomp"":8918}",19218432,19218432,0,19218432,19218432,0,"","",canonical
whitman,12,0,0,0,39474,3005,42479,"{""pairs"":345193,""max_stack"":19,""branch_attempts"":125525,""branch_right"":156906,""branch_left"":156906,""branch_successes"":0,""join_decomp"":31380,""meet_decomp"":31380}","{""pairs"":31211,""max_stack"":18,""branch_attempts"":8917,""branch_right"":11146,""branch_left"":11146,""branch_successes"":0,""join_decomp"":8918,""meet_decomp"":8918}",19218432,19218432,0,19218432,19218432,0,"","",canonical
whitman,13,0,0,0,39850,3005,42855,"{""pairs"":345403,""max_stack"":19,""branch_attempts"":125665,""branch_right"":156976,""branch_left"":156976,""branch_successes"":140,""join_decomp"":31380,""meet_decomp"":31380}","{""pairs"":31211,""max_stack"":18,""branch_attempts"":8917,""branch_right"":11146,""branch_left"":11146,""branch_successes"":0,""join_decomp"":8918,""meet_decomp"":8918}",19218432,19218432,0,19218432,19218432,0,"","",canonical
whitman,14,0,0,0,39650,3005,42655,"{""pairs"":345963,""max_stack"":19,""branch_attempts"":125875,""branch_right"":157116,""branch_left"":157326,""branch_successes"":280,""join_decomp"":31380,""meet_decomp"":31380}","{""pairs"":31211,""max_stack"":18,""branch_attempts"":8917,""branch_right"":11146,""branch_left"":11146,""branch_successes"":0,""join_decomp"":8918,""meet_decomp"":8918}",19218432,19218432,0,19218432,19218432,0,"","",canonical
whitman,15,0,0,0,39558,3006,42564,"{""pairs"":345193,""max_stack"":19,""branch_attempts"":125525,""branch_right"":156906,""branch_left"":156906,""branch_successes"":0,""join_decomp"":31380,""meet_decomp"":31380}","{""pairs"":31211,""max_stack"":18,""branch_attempts"":8917,""branch_right"":11146,""branch_left"":11146,""branch_successes"":0,""join_decomp"":8918,""meet_decomp"":8918}",19218432,19218432,0,19218432,19218432,0,"","",canonical
whitman,16,0,0,0,39476,3006,42482,"{""pairs"":345193,""max_stack"":19,""branch_attempts"":125525,""branch_right"":156906,""branch_left"":156906,""branch_successes"":0,""join_decomp"":31380,""meet_decomp"":31380}","{""pairs"":31211,""max_stack"":18,""branch_attempts"":8917,""branch_right"":11146,""branch_left"":11146,""branch_successes"":0,""join_decomp"":8918,""meet_decomp"":8918}",19218432,19218432,0,19218432,19218432,0,"","",canonical
whitman,17,0,0,0,39705,3006,42711,"{""pairs"":345193,""max_stack"":19,""branch_attempts"":125525,""branch_right"":156906,""branch_left"":156906,""branch_successes"":0,""join_decomp"":31380,""meet_decomp"":31380}","{""pairs"":31211,""max_stack"":18,""branch_attempts"":8917,""branch_right"":11146,""branch_left"":11146,""branch_successes"":0,""join_decomp"":8918,""meet_decomp"":8918}",19218432,19218432,0,19218432,19218432,0,"","",canonical
whitman,18,0,0,0,39710,3004,42714,"{""pairs"":345193,""max_stack"":19,""branch_attempts"":125525,""branch_right"":156906,""branch_left"":156906,""branch_successes"":0,""join_decomp"":31380,""meet_decomp"":31380}","{""pairs"":31211,""max_stack"":18,""branch_attempts"":8917,""branch_right"":11146,""branch_left"":11146,""branch_successes"":0,""join_decomp"":8918,""meet_decomp"":8918}",19218432,19218432,0,19218432,19218432,0,"","",canonical
whitman,19,0,0,0,39450,3082,42532,"{""pairs"":345193,""max_stack"":19,""branch_attempts"":125525,""branch_right"":156906,""branch_left"":156906,""branch_successes"":0,""join_decomp"":31380,""meet_decomp"":31380}","{""pairs"":31211,""max_stack"":18,""branch_attempts"":8917,""branch_right"":11146,""branch_left"":11146,""branch_successes"":0,""join_decomp"":8918,""meet_decomp"":8918}",19218432,19218432,0,19218432,19218432,0,"","",canonical
whitman,20,0,0,0,39567,3007,42574,"{""pairs"":345193,""max_stack"":19,""branch_attempts"":125525,""branch_right"":156906,""branch_left"":156906,""branch_successes"":0,""join_decomp"":31380,""meet_decomp"":31380}","{""pairs"":31211,""max_stack"":18,""branch_attempts"":8917,""branch_right"":11146,""branch_left"":11146,""branch_successes"":0,""join_decomp"":8918,""meet_decomp"":8918}",19218432,19218432,0,19218432,19218432,0,"","",canonical
whitman,21,0,0,0,39765,3084,42849,"{""pairs"":345193,""max_stack"":19,""branch_attempts"":125525,""branch_right"":156906,""branch_left"":156906,""branch_successes"":0,""join_decomp"":31380,""meet_decomp"":31380}","{""pairs"":31211,""max_stack"":18,""branch_attempts"":8917,""branch_right"":11146,""branch_left"":11146,""branch_successes"":0,""join_decomp"":8918,""meet_decomp"":8918}",19218432,19218432,0,19218432,19218432,0,"","",canonical
whitman,22,0,0,0,39594,3005,42599,"{""pairs"":345473,""max_stack"":19,""branch_attempts"":125665,""branch_right"":156976,""branch_left"":157046,""branch_successes"":140,""join_decomp"":31380,""meet_decomp"":31380}","{""pairs"":31211,""max_stack"":18,""branch_attempts"":8917,""branch_right"":11146,""branch_left"":11146,""branch_successes"":0,""join_decomp"":8918,""meet_decomp"":8918}",19218432,19218432,0,19218432,19218432,0,"","",canonical
whitman,23,0,0,0,39444,3003,42447,"{""pairs"":345193,""max_stack"":19,""branch_attempts"":125525,""branch_right"":156906,""branch_left"":156906,""branch_successes"":0,""join_decomp"":31380,""meet_decomp"":31380}","{""pairs"":31211,""max_stack"":18,""branch_attempts"":8917,""branch_right"":11146,""branch_left"":11146,""branch_successes"":0,""join_decomp"":8918,""meet_decomp"":8918}",19218432,19218432,0,19218432,19218432,0,"","",canonical
whitman,24,0,0,0,39464,3007,42471,"{""pairs"":345193,""max_stack"":19,""branch_attempts"":125525,""branch_right"":156906,""branch_left"":156906,""branch_successes"":0,""join_decomp"":31380,""meet_decomp"":31380}","{""pairs"":31002,""max_stack"":18,""branch_attempts"":8917,""branch_right"":11146,""branch_left"":11146,""branch_successes"":0,""join_decomp"":8918,""meet_decomp"":8500}",19218432,19218432,0,19218432,19218432,0,"","",canonical
whitman,25,0,0,0,39527,3004,42531,"{""pairs"":345473,""max_stack"":19,""branch_attempts"":125665,""branch_right"":156976,""branch_left"":157046,""branch_successes"":140,""join_decomp"":31380,""meet_decomp"":31380}","{""pairs"":31211,""max_stack"":18,""branch_attempts"":8917,""branch_right"":11146,""branch_left"":11146,""branch_successes"":0,""join_decomp"":8918,""meet_decomp"":8918}",19218432,19218432,0,19218432,19218432,0,"","",canonical
whitman,26,0,0,0,39484,3012,42496,"{""pairs"":345193,""max_stack"":19,""branch_attempts"":125525,""branch_right"":156906,""branch_left"":156906,""branch_successes"":0,""join_decomp"":31380,""meet_decomp"":31380}","{""pairs"":31211,""max_stack"":18,""branch_attempts"":8917,""branch_right"":11146,""branch_left"":11146,""branch_successes"":0,""join_decomp"":8918,""meet_decomp"":8918}",19218432,19218432,0,19218432,19218432,0,"","",canonical
whitman,27,0,0,0,39804,3005,42809,"{""pairs"":345403,""max_stack"":19,""branch_attempts"":125665,""branch_right"":156976,""branch_left"":156976,""branch_successes"":140,""join_decomp"":31380,""meet_decomp"":31380}","{""pairs"":31211,""max_stack"":18,""branch_attempts"":8917,""branch_right"":11146,""branch_left"":11146,""branch_successes"":0,""join_decomp"":8918,""meet_decomp"":8918}",19218432,19218432,0,19218432,19218432,0,"","",canonical
whitman,28,0,0,0,39464,3007,42471,"{""pairs"":345193,""max_stack"":19,""branch_attempts"":125525,""branch_right"":156906,""branch_left"":156906,""branch_successes"":0,""join_decomp"":31380,""meet_decomp"":31380}","{""pairs"":31211,""max_stack"":18,""branch_attempts"":8917,""branch_right"":11146,""branch_left"":11146,""branch_successes"":0,""join_decomp"":8918,""meet_decomp"":8918}",19218432,19218432,0,19218432,19218432,0,"","",canonical
whitman,29,0,0,0,39437,3008,42445,"{""pairs"":345193,""max_stack"":19,""branch_attempts"":125525,""branch_right"":156906,""branch_left"":156906,""branch_successes"":0,""join_decomp"":31380,""meet_decomp"":31380}","{""pairs"":31211,""max_stack"":18,""branch_attempts"":8917,""branch_right"":11146,""branch_left"":11146,""branch_successes"":0,""join_decomp"":8918,""meet_decomp"":8918}",19218432,19218432,0,19218432,19218432,0,"","",canonical
whitman,30,0,0,0,39456,3007,42463,"{""pairs"":345193,""max_stack"":19,""branch_attempts"":125525,""branch_right"":156906,""branch_left"":156906,""branch_successes"":0,""join_decomp"":31380,""meet_decomp"":31380}","{""pairs"":31211,""max_stack"":18,""branch_attempts"":8917,""branch_right"":11146,""branch_left"":11146,""branch_successes"":0,""join_decomp"":8918,""meet_decomp"":8918}",19218432,19218432,0,19218432,19218432,0,"","",canonical
whitman,31,0,0,0,39654,3004,42658,"{""pairs"":345193,""max_stack"":19,""branch_attempts"":125525,""branch_right"":156906,""branch_left"":156906,""branch_successes"":0,""join_decomp"":31380,""meet_decomp"":31380}","{""pairs"":31211,""max_stack"":18,""branch_attempts"":8917,""branch_right"":11146,""branch_left"":11146,""branch_successes"":0,""join_decomp"":8918,""meet_decomp"":8918}",19218432,19218432,0,19218432,19218432,0,"","",canonical
