engine,pair_id,u_leq_v,v_leq_u,eq,uv_us,vu_us,total_us,uv_stats,vu_stats,uv_working_set,uv_peak_working_set,uv_private_bytes,vu_working_set,vu_peak_working_set,vu_private_bytes,uv_error,vu_error,representation
whitman,0,0,0,0,9730,6300,16030,"{""pairs"":31209,""max_stack"":16,""branch_attempts"":8917,""branch_right"":11146,""branch_left"":11146,""branch_successes"":0,""join_decomp"":8916,""meet_decomp"":8916}","{""pairs"":24523,""max_stack"":17,""branch_attempts"":8917,""branch_right"":11146,""branch_left"":11146,""branch_successes"":0,""join_decomp"":2230,""meet_decomp"":2230}",18677760,18677760,0,18677760,18677760,0,"","",canonical
whitman,1,0,0,0,5069,3690,8759,"{""pairs"":31209,""max_stack"":16,""branch_attempts"":8917,""branch_right"":11146,""branch_left"":11146,""branch_successes"":0,""join_decomp"":8916,""meet_decomp"":8916}","{""pairs"":24523,""max_stack"":17,""branch_attempts"":8917,""branch_right"":11146,""branch_left"":11146,""branch_successes"":0,""join_decomp"":2230,""meet_decomp"":2230}",18677760,18677760,0,18677760,18677760,0,"","",canonical
whitman,2,0,0,0,3531,2876,6407,"{""pairs"":31209,""max_stack"":16,""branch_attempts"":8917,""branch_right"":11146,""branch_left"":11146,""branch_successes"":0,""join_decomp"":8916,""meet_decomp"":8916}","{""pairs"":24523,""max_stack"":17,""branch_attempts"":8917,""branch_right"":11146,""branch_left"":11146,""branch_successes"":0,""join_decomp"":2230,""meet_decomp"":2230}",18677760,18677760,0,18677760,18677760,0,"","",canonical
whitman,3,0,0,0,3604,10699,14303,"{""pairs"":31209,""max_stack"":16,""branch_attempts"":8917,""branch_right"":11146,""branch_left"":11146,""branch_successes"":0,""join_decomp"":8916,""meet_decomp"":8916}","{""pairs"":24523,""max_stack"":17,""branch_attempts"":8917,""branch_right"":11146,""branch_left"":11146,""branch_successes"":0,""join_decomp"":2230,""meet_decomp"":2230}",18677760,18677760,0,18677760,18677760,0,"","",canonical
whitman,4,0,0,0,6937,4799,11736,"{""pairs"":31209,""max_stack"":16,""branch_attempts"":8917,""branch_right"":11146,""branch_left"":11146,""branch_successes"":0,""join_decomp"":8916,""meet_decomp"":8916}","{""pairs"":24523,""max_stack"":17,""branch_attempts"":8917,""branch_right"":11146,""branch_left"":11146,""branch_successes"":0,""join_decomp"":2230,""meet_decomp"":2230}",18677760,18677760,0,18677760,18677760,0,"","",canonical
whitman,5,0,0,0,3655,3255,6910,"{""pairs"":31209,""max_stack"":16,""branch_attempts"":8917,""branch_right"":11146,""branch_left"":11146,""branch_successes"":0,""join_decomp"":8916,""meet_decomp"":8916}","{""pairs"":24643,""max_stack"":17,""branch_attempts"":8977,""branch_right"":11186,""branch_left"":11206,""branch_successes"":40,""join_decomp"":2230,""meet_decomp"":2230}",18677760,18677760,0,18677760,18677760,0,"","",canonical
whitman,6,0,0,0,3251,2824,6075,"{""pairs"":31209,""max_stack"":16,""branch_attempts"":8917,""branch_right"":11146,""branch_left"":11146,""branch_successes"":0,""join_decomp"":8916,""meet_decomp"":8916}","{""pairs"":24523,""max_stack"":17,""branch_attempts"":8917,""branch_right"":11146,""branch_left"":11146,""branch_successes"":0,""join_decomp"":2230,""meet_decomp"":2230}",18677760,18677760,0,18677760,18677760,0,"","",canonical
whitman,7,0,0,0,3021,2807,5828,"{""pairs"":31209,""max_stack"":16,""branch_attempts"":8917,""branch_right"":11146,""branch_left"":11146,""branch_successes"":0,""join_decomp"":8916,""meet_decomp"":8916}","{""pairs"":24523,""max_stack"":17,""branch_attempts"":8917,""branch_right"":11146,""branch_left"":11146,""branch_successes"":0,""join_decomp"":2230,""meet_decomp"":2230}",18677760,18677760,0,18677760,18677760,0,"","",canonical
whitman,8,0,0,0,3030,2807,5837,"{""pairs"":31209,""max_stack"":16,""branch_attempts"":8917,""branch_right"":11146,""branch_left"":11146,""branch_successes"":0,""join_decomp"":8916,""meet_decomp"":8916}","{""pairs"":24523,""max_stack"":17,""branch_attempts"":8917,""branch_right"":11146,""branch_left"":11146,""branch_successes"":0,""join_decomp"":2230,""meet_decomp"":2230}",18677760,18677760,0,18677760,18677760,0,"","",canonical
whitman,9,0,0,0,3036,2808,5844,"{""pairs"":31209,""max_stack"":16,""branch_attempts"":8917,""branch_right"":11146,""branch_left"":11146,""branch_successes"":0,""join_decomp"":8916,""meet_decomp"":8916}","{""pairs"":24523,""max_stack"":17,""branch_attempts"":8917,""branch_right"":11146,""branch_left"":11146,""branch_successes"":0,""join_decomp"":2230,""meet_decomp"":2230}",18677760,18677760,0,18677760,18677760,0,"","",canonical
whitman,10,0,0,0,3035,2823,5858,"{""pairs"":31209,""max_stack"":16,""branch_attempts"":8917,""branch_right"":11146,""branch_left"":11146,""branch_successes"":0,""join_decomp"":8916,""meet_decomp"":8916}","{""pairs"":24523,""max_stack"":17,""branch_attempts"":8917,""branch_right"":11146,""branch_left"":11146,""branch_successes"":0,""join_decomp"":2230,""meet_decomp"":2230}",18677760,18677760,0,18677760,18677760,0,"","",canonical
whitman,11,0,0,0,3016,2807,5823,"{""pairs"":31209,""max_stack"":16,""branch_attempts"":8917,""branch_right"":11146,""branch_left"":11146,""branch_successes"":0,""join_decomp"":8916,""meet_decomp"":8916}","{""pairs"":24523,""max_stack"":17,""branch_attempts"":8917,""branch_right"":11146,""branch_left"":11146,""branch_successes"":0,""join_decomp"":2230,""meet_decomp"":2230}",18677760,18677760,0,18677760,18677760,0,"","",canonical
whitman,12,0,0,0,3015,2806,5821,"{""pairs"":31209,""max_stack"":16,""branch_attempts"":8917,""branch_right"":11146,""branch_left"":11146,""branch_successes"":0,""join_decomp"":8916,""meet_decomp"":8916}","{""pairs"":24523,""max_stack"":17,""branch_attempts"":8917,""branch_right"":11146,""branch_left"":11146,""branch_successes"":0,""join_decomp"":2230,""meet_decomp"":2230}",18677760,18677760,0,18677760,18677760,0,"","",canonical
whitman,13,0,0,0,3034,2808,5842,"{""pairs"":31209,""max_stack"":16,""branch_attempts"":8917,""branch_right"":11146,""branch_left"":11146,""branch_successes"":0,""join_decomp"":8916,""meet_decomp"":8916}","{""pairs"":24523,""max_stack"":17,""branch_attempts"":8917,""branch_right"":11146,""branch_left"":11146,""branch_successes"":0,""join_decomp"":2230,""meet_decomp"":2230}",18677760,18677760,0,18677760,18677760,0,"","",canonical
whitman,14,0,0,0,3019,2825,5844,"{""pairs"":31209,""max_stack"":16,""branch_attempts"":8917,""branch_right"":11146,""branch_left"":11146,""branch_successes"":0,""join_decomp"":8916,""meet_decomp"":8916}","{""pairs"":24523,""max_stack"":17,""branch_attempts"":8917,""branch_right"":11146,""branch_left"":11146,""branch_successes"":0,""join_decomp"":2230,""meet_decomp"":2230}",18677760,18677760,0,18677760,18677760,0,"","",canonical
whitman,15,0,0,0,3014,2809,5823,"{""pairs"":31209,""max_stack"":16,""branch_attempts"":8917,""branch_right"":11146,""branch_left"":11146,""branch_successes"":0,""join_decomp"":8916,""meet_decomp"":8916}","{""pairs"":24523,""max_stack"":17,""branch_attempts"":8917,""branch_right"":11146,""branch_left"":11146,""branch_successes"":0,""join_decomp"":2230,""meet_decomp"":2230}",18677760,18677760,0,18677760,18677760,0,"","",canonical
whitman,16,0,0,0,3018,2805,5823,"{""pairs"":31209,""max_stack"":16,""branch_attempts"":8917,""branch_right"":11146,""branch_left"":11146,""branch_successes"":0,""join_decomp"":8916,""meet_decomp"":8916}","{""pairs"":24523,""max_stack"":17,""branch_attempts"":8917,""branch_right"":11146,""branch_left"":11146,""branch_successes"":0,""join_decomp"":2230,""meet_decomp"":2230}",18677760,18677760,0,18677760,18677760,0,"","",canonical
whitman,17,0,0,0,3021,2809,5830,"{""pairs"":31209,""max_stack"":16,""branch_attempts"":8917,""branch_right"":11146,""branch_left"":11146,""branch_successes"":0,""join_decomp"":8916,""meet_decomp"":8916}","{""pairs"":24523,""max_stack"":17,""branch_attempts"":8917,""branch_right"":11146,""branch_left"":11146,""branch_successes"":0,""join_decomp"":2230,""meet_decomp"":2230}",18677760,18677760,0,18677760,18677760,0,"","",canonical
whitman,18,0,0,0,3018,2805,5823,"{""pairs"":31209,""max_stack"":16,""branch_attempts"":8917,""branch_right"":11146,""branch_left"":11146,""branch_successes"":0,""join_decomp"":8916,""meet_decomp"":8916}","{""pairs"":24523,""max_stack"":17,""branch_attempts"":8917,""branch_right"":11146,""branch_left"":11146,""branch_successes"":0,""join_decomp"":2230,""meet_decomp"":2230}",18677760,18677760,0,18677760,18677760,0,"","",canonical
whitman,19,0,0,0,3093,2808,5901,"{""pairs"":31209,""max_stack"":16,""branch_attempts"":8917,""branch_right"":11146,""branch_left"":11146,""branch_successes"":0,""join_decomp"":8916,""meet_decomp"":8916}","{""pairs"":24523,""max_stack"":17,""branch_attempts"":8917,""branch_right"":11146,""branch_left"":11146,""branch_successes"":0,""join_decomp"":2230,""meet_decomp"":2230}",18677760,18677760,0,18677760,18677760,0,"","",canonical
whitman,20,0,0,0,3021,2806,5827,"{""pairs"":31209,""max_stack"":16,""branch_attempts"":8917,""branch_right"":11146,""branch_left"":11146,""branch_successes"":0,""join_decomp"":8916,""meet_decomp"":8916}","{""pairs"":24523,""max_stack"":17,""branch_attempts"":8917,""branch_right"":11146,""branch_left"":11146,""branch_successes"":0,""join_decomp"":2230,""meet_decomp"":2230}",18677760,18677760,0,18677760,18677760,0,"","",canonical
whitman,21,0,0,0,3028,2805,5833,"{""pairs"":31209,""max_stack"":16,""branch_attempts"":8917,""branch_right"":11146,""branch_left"":11146,""branch_successes"":0,""join_decomp"":8916,""meet_decomp"":8916}","{""pairs"":24523,""max_stack"":17,""branch_attempts"":8917,""branch_right"":11146,""branch_left"":11146,""branch_successes"":0,""join_decomp"":2230,""meet_decomp"":2230}",18677760,18677760,0,18677760,18677760,0,"","",canonical
whitman,22,0,0,0,3018,2808,5826,"{""pairs"":31209,""max_stack"":16,""branch_attempts"":8917,""branch_right"":11146,""branch_left"":11146,""branch_successes"":0,""join_decomp"":8916,""meet_decomp"":8916}","{""pairs"":24523,""max_stack"":17,""branch_attempts"":8917,""branch_right"":11146,""branch_left"":11146,""branch_successes"":0,""join_decomp"":2230,""meet_decomp"":2230}",18677760,18677760,0,18677760,18677760,0,"","",canonical
whitman,23,0,0,0,3012,2806,5818,"{""pairs"":31209,""max_stack"":16,""branch_attempts"":8917,""branch_right"":11146,""branch_left"":11146,""branch_successes"":0,""join_decomp"":8916,""meet_decomp"":8916}","{""pairs"":24523,""max_stack"":17,""branch_attempts"":8917,""branch_right"":11146,""branch_left"":11146,""branch_successes"":0,""join_decomp"":2230,""meet_decomp"":2230}",18677760,18677760,0,18677760,18677760,0,"","",canonical
whitman,24,0,0,0,3016,2805,5821,"{""pairs"":31209,""max_stack"":16,""branch_attempts"":8917,""branch_right"":11146,""branch_left"":11146,""branch_successes"":0,""join_decomp"":8916,""meet_decomp"":8916}","{""pairs"":24523,""max_stack"":17,""branch_attempts"":8917,""branch_right"":11146,""branch_left"":11146,""branch_successes"":0,""join_decomp"":2230,""meet_decomp"":2230}",18677760,18677760,0,18677760,18677760,0,"","",canonical
whitman,25,0,0,0,3023,2808,5831,"{""pairs"":31209,""max_stack"":16,""branch_attempts"":8917,""branch_right"":11146,""branch_left"":11146,""branch_successes"":0,""join_decomp"":8916,""meet_decomp"":8916}","{""pairs"":24523,""max_stack"":17,""branch_attempts"":8917,""branch_right"":11146,""branch_left"":11146,""branch_successes"":0,""join_decomp"":2230,""meet_decomp"":2230}",18677760,18677760,0,18677760,18677760,0,"","",canonical
whitman,26,0,0,0,3019,2809,5828,"{""pairs"":31209,""max_stack"":16,""branch_attempts"":8917,""branch_right"":11146,""branch_left"":11146,""branch_successes"":0,""join_decomp"":8916,""meet_decomp"":8916}","{""pairs"":24523,""max_stack"":17,""branch_attempts"":8917,""branch_right"":11146,""branch_left"":11146,""branch_successes"":0,""join_decomp"":2230,""meet_decomp"":2230}",18677760,18677760,0,18677760,18677760,0,"","",canonical
whitman,27,0,0,0,3016,2805,5821,"{""pairs"":31209,""max_stack"":16,""branch_attempts"":8917,""branch_right"":11146,""branch_left"":11146,""branch_successes"":0,""join_decomp"":8916,""meet_decomp"":8916}","{""pairs"":24523,""max_stack"":17,""branch_attempts"":8917,""branch_right"":11146,""branch_left"":11146,""branch_successes"":0,""join_decomp"":2230,""meet_decomp"":2230}",18677760,18677760,0,18677760,18677760,0,"","",canonical
whitman,28,0,0,0,3023,2809,5832,"{""pairs"":31209,""max_stack"":16,""branch_attempts"":8917,""branch_right"":11146,""branch_left"":11146,""branch_successes"":0,""join_decomp"":8916,""meet_decomp"":8916}","{""pairs"":24523,""max_stack"":17,""branch_attempts"":8917,""branch_right"":11146,""branch_left"":11146,""branch_successes"":0,""join_decomp"":2230,""meet_decomp"":2230}",18677760,18677760,0,18677760,18677760,0,"","",canonical
whitman,29,0,0,0,3020,2805,5825,"{""pairs"":31209,""max_stack"":16,""branch_attempts"":8917,""branch_right"":11146,""branch_left"":11146,""branch_successes"":0,""join_decomp"":8916,""meet_decomp"":8916}","{""pairs"":24523,""max_stack"":17,""branch_attempts"":8917,""branch_right"":11146,""branch_left"":11146,""branch_successes"":0,""join_decomp"":2230,""meet_decomp"":2230}",18677760,18677760,0,18677760,18677760,0,"","",canonical
whitman,30,0,0,0,3018,2806,5824,"{""pairs"":31209,""max_stack"":16,""branch_attempts"":8917,""branch_right"":11146,""branch_left"":11146,""branch_successes"":0,""join_decomp"":8916,""meet_decomp"":8916}","{""pairs"":24523,""max_stack"":17,""branch_attempts"":8917,""branch_right"":11146,""branch_left"":11146,""branch_successes"":0,""join_decomp"":2230,""meet_decomp"":2230}",18677760,18677760,0,18677760,18677760,0,"","",canonical
whitman,31,0,0,0,3018,2807,5825,"{""pairs"":31209,""max_stack"":16,""branch_attempts"":8917,""branch_right"":11146,""branch_left"":11146,""branch_successes"":0,""join_decomp"":8916,""meet_decomp"":8916}","{""pairs"":24523,""max_stack"":17,""branch_attempts"":8917,""branch_right"":11146,""branch_left"":11146,""branch_successes"":0,""join_decomp"":2230,""meet_decomp"":2230}",18677760,18677760,0,18677760,18677760,0,"","",canonical
