engine,pair_id,u_leq_v,v_leq_u,eq,uv_us,vu_us,total_us,uv_stats,vu_stats,uv_working_set,uv_peak_working_set,uv_private_bytes,vu_working_set,vu_peak_working_set,vu_private_bytes,uv_error,vu_error,representation
whitman,0,0,0,0,50163,39459,89622,"{""pairs"":439337,""max_stack"":20,""branch_attempts"":125525,""branch_right"":156906,""branch_left"":156906,""branch_successes"":0,""join_decomp"":125524,""meet_decomp"":125524}","{""pairs"":345195,""max_stack"":21,""branch_attempts"":125525,""branch_right"":156906,""branch_left"":156906,""branch_successes"":0,""join_decomp"":31382,""meet_decomp"":31382}",20111360,20111360,0,20111360,20111360,0,"","",canonical
whitman,1,0,0,0,42758,39566,82324,"{""pairs"":439337,""max_stack"":20,""branch_attempts"":125525,""branch_right"":156906,""branch_left"":156906,""branch_successes"":0,""join_decomp"":125524,""meet_decomp"":125524}","{""pairs"":345195,""max_stack"":21,""branch_attempts"":125525,""branch_right"":156906,""branch_left"":156906,""branch_successes"":0,""join_decomp"":31382,""meet_decomp"":31382}",20111360,20111360,0,20111360,20111360,0,"","",canonical
whitman,2,0,0,0,42528,39465,81993,"{""pairs"":439337,""max_stack"":20,""branch_attempts"":125525,""branch_right"":156906,""branch_left"":156906,""branch_successes"":0,""join_decomp"":125524,""meet_decomp"":125524}","{""pairs"":345195,""max_stack"":21,""branch_attempts"":125525,""branch_right"":156906,""branch_left"":156906,""branch_successes"":0,""join_decomp"":31382,""meet_decomp"":31382}",20111360,20111360,0,20111360,20111360,0,"","",canonical
whitman,3,0,0,0,42595,39557,82152,"{""pairs"":439337,""max_stack"":20,""branch_attempts"":125525,""branch_right"":156906,""branch_left"":156906,""branch_successes"":0,""join_decomp"":125524,""meet_decomp"":125524}","{""pairs"":345195,""max_stack"":21,""branch_attempts"":125525,""branch_right"":156906,""branch_left"":156906,""branch_successes"":0,""join_decomp"":31382,""meet_decomp"":31382}",20111360,20111360,0,20111360,20111360,0,"","",canonical
whitman,4,0,0,0,42585,39819,82404,"{""pairs"":439337,""max_stack"":20,""branch_attempts"":125525,""branch_right"":156906,""branch_left"":156906,""branch_successes"":0,""join_decomp"":125524,""meet_decomp"":125524}","{""pairs"":345195,""max_stack"":21,""branch_attempts"":125525,""branch_right"":156906,""branch_left"":156906,""branch_successes"":0,""join_decomp"":31382,""meet_decomp"":31382}",20111360,20111360,0,20111360,20111360,0,"","",canonical
whitman,5,0,0,0,42412,39605,82017,"{""pairs"":439337,""max_stack"":20,""branch_attempts"":125525,""branch_right"":156906,""branch_left"":156906,""branch_successes"":0,""join_decomp"":125524,""meet_decomp"":125524}","{""pairs"":345195,""max_stack"":21,""branch_attempts"":125525,""branch_right"":156906,""branch_left"":156906,""branch_successes"":0,""join_decomp"":31382,""meet_decomp"":31382}",20111360,20111360,0,20111360,20111360,0,"","",canonical
whitman,6,0,0,0,42558,39607,82165,"{""pairs"":439337,""max_stack"":20,""branch_attempts"":125525,""branch_right"":156906,""branch_left"":156906,""branch_successes"":0,""join_decomp"":125524,""meet_decomp"":125524}","{""pairs"":345195,""max_stack"":21,""branch_attempts"":125525,""branch_right"":156906,""branch_left"":156906,""branch_successes"":0,""join_decomp"":31382,""meet_decomp"":31382}",20111360,20111360,0,20111360,20111360,0,"","",canonical
whitman,7,0,0,0,42500,39613,82113,"{""pairs"":439337,""max_stack"":20,""branch_attempts"":125525,""branch_right"":156906,""branch_left"":156906,""branch_successes"":0,""join_decomp"":125524,""meet_decomp"":125524}","{""pairs"":345195,""max_stack"":21,""branch_attempts"":125525,""branch_right"":156906,""branch_left"":156906,""branch_successes"":0,""join_decomp"":31382,""meet_decomp"":31382}",20111360,20111360,0,20111360,20111360,0,"","",canonical
whitman,8,0,0,0,42482,39547,82029,"{""pairs"":439337,""max_stack"":20,""branch_attempts"":125525,""branch_right"":156906,""branch_left"":156906,""branch_successes"":0,""join_decomp"":125524,""meet_decomp"":125524}","{""pairs"":345405,""max_stack"":21,""branch_attempts"":125665,""branch_right"":156976,""branch_left"":156976,""branch_successes"":140,""join_decomp"":31382,""meet_decomp"":31382}",20111360,20111360,0,20111360,20111360,0,"","",canonical
whitman,9,0,0,0,42916,39496,82412,"{""pairs"":439337,""max_stack"":20,""branch_attempts"":125525,""branch_right"":156906,""branch_left"":156906,""branch_successes"":0,""join_decomp"":125524,""meet_decomp"":125524}","{""pairs"":345195,""max_stack"":21,""branch_attempts"":125525,""branch_right"":156906,""branch_left"":156906,""branch_successes"":0,""join_decomp"":31382,""meet_decomp"":31382}",20111360,20111360,0,20111360,20111360,0,"","",canonical
whitman,10,0,0,0,42410,39534,81944,"{""pairs"":439337,""max_stack"":20,""branch_attempts"":125525,""branch_right"":156906,""branch_left"":156906,""branch_successes"":0,""join_decomp"":125524,""meet_decomp"":125524}","{""pairs"":345615,""max_stack"":21,""branch_attempts"":125735,""branch_right"":157046,""branch_left"":157116,""branch_successes"":140,""join_decomp"":31382,""meet_decomp"":31382}",20111360,20111360,0,20111360,20111360,0,"","",canonical
whitman,11,0,0,0,42517,39554,82071,"{""pairs"":439337,""max_stack"":20,""branch_attempts"":125525,""branch_right"":156906,""branch_left"":156906,""branch_successes"":0,""join_decomp"":125524,""meet_decomp"":125524}","{""pairs"":345405,""max_stack"":21,""branch_attempts"":125665,""branch_right"":156976,""branch_left"":156976,""branch_successes"":140,""join_decomp"":31382,""meet_decomp"":31382}",20111360,20111360,0,20111360,20111360,0,"","",canonical
whitman,12,0,0,0,42393,39598,81991,"{""pairs"":439337,""max_stack"":20,""branch_attempts"":125525,""branch_right"":156906,""branch_left"":156906,""branch_successes"":0,""join_decomp"":125524,""meet_decomp"":125524}","{""pairs"":345195,""max_stack"":21,""branch_attempts"":125525,""branch_right"":156906,""branch_left"":156906,""branch_successes"":0,""join_decomp"":31382,""meet_decomp"":31382}",20111360,20111360,0,20111360,20111360,0,"","",canonical
whitman,13,0,0,0,42411,39566,81977,"{""pairs"":439337,""max_stack"":20,""branch_attempts"":125525,""branch_right"":156906,""branch_left"":156906,""branch_successes"":0,""join_decomp"":125524,""meet_decomp"":125524}","{""pairs"":345195,""max_stack"":21,""branch_attempts"":125525,""branch_right"":156906,""branch_left"":156906,""branch_successes"":0,""join_decomp"":31382,""meet_decomp"":31382}",20111360,20111360,0,20111360,20111360,0,"","",canonical
whitman,14,0,0,0,42400,39482,81882,"{""pairs"":439337,""max_stack"":20,""branch_attempts"":125525,""branch_right"":156906,""branch_left"":156906,""branch_successes"":0,""join_decomp"":125524,""meet_decomp"":125524}","{""pairs"":345195,""max_stack"":21,""branch_attempts"":125525,""branch_right"":156906,""branch_left"":156906,""branch_successes"":0,""join_decomp"":31382,""meet_decomp"":31382}",20111360,20111360,0,20111360,20111360,0,"","",canonical
whitman,15,0,0,0,42572,39687,82259,"{""pairs"":439337,""max_stack"":20,""branch_attempts"":125525,""branch_right"":156906,""branch_left"":156906,""branch_successes"":0,""join_decomp"":125524,""meet_decomp"":125524}","{""pairs"":345615,""max_stack"":21,""branch_attempts"":125735,""branch_right"":157046,""branch_left"":157116,""branch_successes"":140,""join_decomp"":31382,""meet_decomp"":31382}",20111360,20111360,0,20111360,20111360,0,"","",canonical
whitman,16,0,0,0,42507,39558,82065,"{""pairs"":439337,""max_stack"":20,""branch_attempts"":125525,""branch_right"":156906,""branch_left"":156906,""branch_successes"":0,""join_decomp"":125524,""meet_decomp"":125524}","{""pairs"":345195,""max_stack"":21,""branch_attempts"":125525,""branch_right"":156906,""branch_left"":156906,""branch_successes"":0,""join_decomp"":31382,""meet_decomp"":31382}",20111360,20111360,0,20111360,20111360,0,"","",canonical
whitman,17,0,0,0,42431,39496,81927,"{""pairs"":439337,""max_stack"":20,""branch_attempts"":125525,""branch_right"":156906,""branch_left"":156906,""branch_successes"":0,""join_decomp"":125524,""meet_decomp"":125524}","{""pairs"":345195,""max_stack"":21,""branch_attempts"":125525,""branch_right"":156906,""branch_left"":156906,""branch_successes"":0,""join_decomp"":31382,""meet_decomp"":31382}",20111360,20111360,0,20111360,20111360,0,"","",canonical
whitman,18,0,0,0,42504,39489,81993,"{""pairs"":439337,""max_stack"":20,""branch_attempts"":125525,""branch_right"":156906,""branch_left"":156906,""branch_successes"":0,""join_decomp"":125524,""meet_decomp"":125524}","{""pairs"":345195,""max_stack"":21,""branch_attempts"":125525,""branch_right"":156906,""branch_left"":156906,""branch_successes"":0,""join_decomp"":31382,""meet_decomp"":31382}",20111360,20111360,0,20111360,20111360,0,"","",canonical
whitman,19,0,0,0,42394,39556,81950,"{""pairs"":439337,""max_stack"":20,""branch_attempts"":125525,""branch_right"":156906,""branch_left"":156906,""branch_successes"":0,""join_decomp"":125524,""meet_decomp"":125524}","{""pairs"":345195,""max_stack"":21,""branch_attempts"":125525,""branch_right"":156906,""branch_left"":156906,""branch_successes"":0,""join_decomp"":31382,""meet_decomp"":31382}",20111360,20111360,0,20111360,20111360,0,"","",canonical
whitman,20,0,0,0,42384,40307,82691,"{""pairs"":439337,""max_stack"":20,""branch_attempts"":125525,""branch_right"":156906,""branch_left"":156906,""branch_successes"":0,""join_decomp"":125524,""meet_decomp"":125524}","{""pairs"":345195,""max_stack"":21,""branch_attempts"":125525,""branch_right"":156906,""branch_left"":156906,""branch_successes"":0,""join_decomp"":31382,""meet_decomp"":31382}",20111360,20111360,0,20111360,20111360,0,"","",canonical
whitman,21,0,0,0,42453,39509,81962,"{""pairs"":439337,""max_stack"":20,""branch_attempts"":125525,""branch_right"":156906,""branch_left"":156906,""branch_successes"":0,""join_decomp"":125524,""meet_decomp"":125524}","{""pairs"":345195,""max_stack"":21,""branch_attempts"":125525,""branch_right"":156906,""branch_left"":156906,""branch_successes"":0,""join_decomp"":31382,""meet_decomp"":31382}",20111360,20111360,0,20111360,20111360,0,"","",canonical
whitman,22,0,0,0,42388,39498,81886,"{""pairs"":439337,""max_stack"":20,""branch_attempts"":125525,""branch_right"":156906,""branch_left"":156906,""branch_successes"":0,""join_decomp"":125524,""meet_decomp"":125524}","{""pairs"":345195,""max_stack"":21,""branch_attempts"":125525,""branch_right"":156906,""branch_left"":156906,""branch_successes"":0,""join_decomp"":31382,""meet_decomp"":31382}",20111360,20111360,0,20111360,20111360,0,"","",canonical
whitman,23,0,0,0,42391,39484,81875,"{""pairs"":439337,""max_stack"":20,""branch_attempts"":125525,""branch_right"":156906,""branch_left"":156906,""branch_successes"":0,""join_decomp"":125524,""meet_decomp"":125524}","{""pairs"":345195,""max_stack"":21,""branch_attempts"":125525,""branch_right"":156906,""branch_left"":156906,""branch_successes"":0,""join_decomp"":31382,""meet_decomp"":31382}",20111360,20111360,0,20111360,20111360,0,"","",canonical
whitman,24,0,0,0,42663,39496,82159,"{""pairs"":439337,""max_stack"":20,""branch_attempts"":125525,""branch_right"":156906,""branch_left"":156906,""branch_successes"":0,""join_decomp"":125524,""meet_decomp"":125524}","{""pairs"":345195,""max_stack"":21,""branch_attempts"":125525,""branch_right"":156906,""branch_left"":156906,""branch_successes"":0,""join_decomp"":31382,""meet_decomp"":31382}",20111360,20111360,0,20111360,20111360,0,"","",canonical
whitman,25,0,0,0,42636,39568,82204,"{""pairs"":439337,""max_stack"":20,""branch_attempts"":125525,""branch_right"":156906,""branch_left"":156906,""branch_successes"":0,""join_decomp"":125524,""meet_decomp"":125524}","{""pairs"":345405,""max_stack"":21,""branch_attempts"":125665,""branch_right"":156976,""branch_left"":156976,""branch_successes"":140,""join_decomp"":31382,""meet_decomp"":31382}",20111360,20111360,0,20111360,20111360,0,"","",canonical
whitman,26,0,0,0,42440,39491,81931,"{""pairs"":439337,""max_stack"":20,""branch_attempts"":125525,""branch_right"":156906,""branch_left"":156906,""branch_successes"":0,""join_decomp"":125524,""meet_decomp"":125524}","{""pairs"":345195,""max_stack"":21,""branch_attempts"":125525,""branch_right"":156906,""branch_left"":156906,""branch_successes"":0,""join_decomp"":31382,""meet_decomp"":31382}",20111360,20111360,0,20111360,20111360,0,"","",canonical
whitman,27,0,0,0,42654,39514,82168,"{""pairs"":439337,""max_stack"":20,""branch_attempts"":125525,""branch_right"":156906,""branch_left"":156906,""branch_successes"":0,""join_decomp"":125524,""meet_decomp"":125524}","{""pairs"":345195,""max_stack"":21,""branch_attempts"":125525,""branch_right"":156906,""branch_left"":156906,""branch_successes"":0,""join_decomp"":31382,""meet_decomp"":31382}",20111360,20111360,0,20111360,20111360,0,"","",canonical
whitman,28,0,0,0,42374,39618,81992,"{""pairs"":439337,""max_stack"":20,""branch_attempts"":125525,""branch_right"":156906,""branch_left"":156906,""branch_successes"":0,""join_decomp"":125524,""meet_decomp"":125524}","{""pairs"":345195,""max_stack"":21,""branch_attempts"":125525,""branch_right"":156906,""branch_left"":156906,""branch_successes"":0,""join_decomp"":31382,""meet_decomp"":31382}",20111360,20111360,0,20111360,20111360,0,"","",canonical
whitman,29,0,0,0,42452,39631,82083,"{""pairs"":439337,""max_stack"":20,""branch_attempts"":125525,""branch_right"":156906,""branch_left"":156906,""branch_successes"":0,""join_decomp"":125524,""meet_decomp"":125524}","{""pairs"":345195,""max_stack"":21,""branch_attempts"":125525,""branch_right"":156906,""branch_left"":156906,""branch_successes"":0,""join_decomp"":31382,""meet_decomp"":31382}",20111360,20111360,0,20111360,20111360,0,"","",canonical
whitman,30,0,0,0,42522,39520,82042,"{""pairs"":437866,""max_stack"":20,""branch_attempts"":125525,""branch_right"":156906,""branch_left"":156906,""branch_successes"":0,""join_decomp"":122582,""meet_decomp"":125524}","{""pairs"":345195,""max_stack"":21,""branch_attempts"":125525,""branch_right"":156906,""branch_left"":156906,""branch_successes"":0,""join_decomp"":31382,""meet_decomp"":31382}",20111360,20111360,0,20111360,20111360,0,"","",canonical
whitman,31,0,0,0,42372,39576,81948,"{""pairs"":439337,""max_stack"":20,""branch_attempts"":125525,""branch_right"":156906,""branch_left"":156906,""branch_successes"":0,""join_decomp"":125524,""meet_decomp"":125524}","{""pairs"":345195,""max_stack"":21,""branch_attempts"":125525,""branch_right"":156906,""branch_left"":156906,""branch_successes"":0,""join_decomp"":31382,""meet_decomp"":31382}",20111360,20111360,0,20111360,20111360,0,"","",canonical
