engine,pair_id,u_leq_v,v_leq_u,eq,uv_us,vu_us,total_us,uv_stats,vu_stats,uv_working_set,uv_peak_working_set,uv_private_bytes,vu_working_set,vu_peak_working_set,vu_private_bytes,uv_error,vu_error,representation
whitman,0,0,0,0,862,815,1677,"{""pairs"":2313,""max_stack"":12,""branch_attempts"":661,""branch_right"":826,""branch_left"":826,""branch_successes"":0,""join_decomp"":660,""meet_decomp"":660}","{""pairs"":1819,""max_stack"":13,""branch_attempts"":661,""branch_right"":826,""branch_left"":826,""branch_successes"":0,""join_decomp"":166,""meet_decomp"":166}",17866752,17866752,0,17866752,17866752,0,"","",canonical
whitman,1,0,0,0,855,796,1651,"{""pairs"":2313,""max_stack"":12,""branch_attempts"":661,""branch_right"":826,""branch_left"":826,""branch_successes"":0,""join_decomp"":660,""meet_decomp"":660}","{""pairs"":1819,""max_stack"":13,""branch_attempts"":661,""branch_right"":826,""branch_left"":826,""branch_successes"":0,""join_decomp"":166,""meet_decomp"":166}",17866752,17866752,0,17866752,17866752,0,"","",canonical
whitman,2,0,0,0,857,797,1654,"{""pairs"":2313,""max_stack"":12,""branch_attempts"":661,""branch_right"":826,""branch_left"":826,""branch_successes"":0,""join_decomp"":660,""meet_decomp"":660}","{""pairs"":1819,""max_stack"":13,""branch_attempts"":661,""branch_right"":826,""branch_left"":826,""branch_successes"":0,""join_decomp"":166,""meet_decomp"":166}",17866752,17866752,0,17866752,17866752,0,"","",canonical
whitman,3,0,0,0,863,814,1677,"{""pairs"":2313,""max_stack"":12,""branch_attempts"":661,""branch_right"":826,""branch_left"":826,""branch_successes"":0,""join_decomp"":660,""meet_decomp"":660}","{""pairs"":1819,""max_stack"":13,""branch_attempts"":661,""branch_right"":826,""branch_left"":826,""branch_successes"":0,""join_decomp"":166,""meet_decomp"":166}",17866752,17866752,0,17866752,17866752,0,"","",canonical
whitman,4,0,0,0,571,531,1102,"{""pairs"":2313,""max_stack"":12,""branch_attempts"":661,""branch_right"":826,""branch_left"":826,""branch_successes"":0,""join_decomp"":660,""meet_decomp"":660}","{""pairs"":1819,""max_stack"":13,""branch_attempts"":661,""branch_right"":826,""branch_left"":826,""branch_successes"":0,""join_decomp"":166,""meet_decomp"":166}",17866752,17866752,0,17866752,17866752,0,"","",canonical
whitman,5,0,0,0,571,530,1101,"{""pairs"":2313,""max_stack"":12,""branch_attempts"":661,""branch_right"":826,""branch_left"":826,""branch_successes"":0,""join_decomp"":660,""meet_decomp"":660}","{""pairs"":1819,""max_stack"":13,""branch_attempts"":661,""branch_right"":826,""branch_left"":826,""branch_successes"":0,""join_decomp"":166,""meet_decomp"":166}",17866752,17866752,0,17866752,17866752,0,"","",canonical
whitman,6,0,0,0,572,535,1107,"{""pairs"":2313,""max_stack"":12,""branch_attempts"":661,""branch_right"":826,""branch_left"":826,""branch_successes"":0,""join_decomp"":660,""meet_decomp"":660}","{""pairs"":1819,""max_stack"":13,""branch_attempts"":661,""branch_right"":826,""branch_left"":826,""branch_successes"":0,""join_decomp"":166,""meet_decomp"":166}",17866752,17866752,0,17866752,17866752,0,"","",canonical
whitman,7,0,0,0,572,529,1101,"{""pairs"":2313,""max_stack"":12,""branch_attempts"":661,""branch_right"":826,""branch_left"":826,""branch_successes"":0,""join_decomp"":660,""meet_decomp"":660}","{""pairs"":1819,""max_stack"":13,""branch_attempts"":661,""branch_right"":826,""branch_left"":826,""branch_successes"":0,""join_decomp"":166,""meet_decomp"":166}",17866752,17866752,0,17866752,17866752,0,"","",canonical
whitman,8,0,0,0,500,352,852,"{""pairs"":2313,""max_stack"":12,""branch_attempts"":661,""branch_right"":826,""branch_left"":826,""branch_successes"":0,""join_decomp"":660,""meet_decomp"":660}","{""pairs"":1819,""max_stack"":13,""branch_attempts"":661,""branch_right"":826,""branch_left"":826,""branch_successes"":0,""join_decomp"":166,""meet_decomp"":166}",17866752,17866752,0,17866752,17866752,0,"","",canonical
whitman,9,0,0,0,398,353,751,"{""pairs"":2313,""max_stack"":12,""branch_attempts"":661,""branch_right"":826,""branch_left"":826,""branch_successes"":0,""join_decomp"":660,""meet_decomp"":660}","{""pairs"":1819,""max_stack"":13,""branch_attempts"":661,""branch_right"":826,""branch_left"":826,""branch_successes"":0,""join_decomp"":166,""meet_decomp"":166}",17866752,17866752,0,17866752,17866752,0,"","",canonical
whitman,10,0,0,0,380,353,733,"{""pairs"":2313,""max_stack"":12,""branch_attempts"":661,""branch_right"":826,""branch_left"":826,""branch_successes"":0,""join_decomp"":660,""meet_decomp"":660}","{""pairs"":1819,""max_stack"":13,""branch_attempts"":661,""branch_right"":826,""branch_left"":826,""branch_successes"":0,""join_decomp"":166,""meet_decomp"":166}",17866752,17866752,0,17866752,17866752,0,"","",canonical
whitman,11,0,0,0,382,353,735,"{""pairs"":2313,""max_stack"":12,""branch_attempts"":661,""branch_right"":826,""branch_left"":826,""branch_successes"":0,""join_decomp"":660,""meet_decomp"":660}","{""pairs"":1819,""max_stack"":13,""branch_attempts"":661,""branch_right"":826,""branch_left"":826,""branch_successes"":0,""join_decomp"":166,""meet_decomp"":166}",17866752,17866752,0,17866752,17866752,0,"","",canonical
whitman,12,0,0,0,381,355,736,"{""pairs"":2313,""max_stack"":12,""branch_attempts"":661,""branch_right"":826,""branch_left"":826,""branch_successes"":0,""join_decomp"":660,""meet_decomp"":660}","{""pairs"":1819,""max_stack"":13,""branch_attempts"":661,""branch_right"":826,""branch_left"":826,""branch_successes"":0,""join_decomp"":166,""meet_decomp"":166}",17866752,17866752,0,17866752,17866752,0,"","",canonical
whitman,13,0,0,0,379,354,733,"{""pairs"":2313,""max_stack"":12,""branch_attempts"":661,""branch_right"":826,""branch_left"":826,""branch_successes"":0,""join_decomp"":660,""meet_decomp"":660}","{""pairs"":1819,""max_stack"":13,""branch_attempts"":661,""branch_right"":826,""branch_left"":826,""branch_successes"":0,""join_decomp"":166,""meet_decomp"":166}",17866752,17866752,0,17866752,17866752,0,"","",canonical
whitman,14,0,0,0,381,354,735,"{""pairs"":2313,""max_stack"":12,""branch_attempts"":661,""branch_right"":826,""branch_left"":826,""branch_successes"":0,""join_decomp"":660,""meet_decomp"":660}","{""pairs"":1819,""max_stack"":13,""branch_attempts"":661,""branch_right"":826,""branch_left"":826,""branch_successes"":0,""join_decomp"":166,""meet_decomp"":166}",17866752,17866752,0,17866752,17866752,0,"","",canonical
whitman,15,0,0,0,257,238,495,"{""pairs"":2313,""max_stack"":12,""branch_attempts"":661,""branch_right"":826,""branch_left"":826,""branch_successes"":0,""join_decomp"":660,""meet_decomp"":660}","{""pairs"":1819,""max_stack"":13,""branch_attempts"":661,""branch_right"":826,""branch_left"":826,""branch_successes"":0,""join_decomp"":166,""meet_decomp"":166}",17866752,17866752,0,17866752,17866752,0,"","",canonical
whitman,16,0,0,0,273,239,512,"{""pairs"":2313,""max_stack"":12,""branch_attempts"":661,""branch_right"":826,""branch_left"":826,""branch_successes"":0,""join_decomp"":660,""meet_decomp"":660}","{""pairs"":1819,""max_stack"":13,""branch_attempts"":661,""branch_right"":826,""branch_left"":826,""branch_successes"":0,""join_decomp"":166,""meet_decomp"":166}",17866752,17866752,0,17866752,17866752,0,"","",canonical
whitman,17,0,0,0,257,238,495,"{""pairs"":2313,""max_stack"":12,""branch_attempts"":661,""branch_right"":826,""branch_left"":826,""branch_successes"":0,""join_decomp"":660,""meet_decomp"":660}","{""pairs"":1819,""max_stack"":13,""branch_attempts"":661,""branch_right"":826,""branch_left"":826,""branch_successes"":0,""join_decomp"":166,""meet_decomp"":166}",17866752,17866752,0,17866752,17866752,0,"","",canonical
whitman,18,0,0,0,257,238,495,"{""pairs"":2313,""max_stack"":12,""branch_attempts"":661,""branch_right"":826,""branch_left"":826,""branch_successes"":0,""join_decomp"":660,""meet_decomp"":660}","{""pairs"":1819,""max_stack"":13,""branch_attempts"":661,""branch_right"":826,""branch_left"":826,""branch_successes"":0,""join_decomp"":166,""meet_decomp"":166}",17866752,17866752,0,17866752,17866752,0,"","",canonical
whitman,19,0,0,0,256,238,494,"{""pairs"":2313,""max_stack"":12,""branch_attempts"":661,""branch_right"":826,""branch_left"":826,""branch_successes"":0,""join_decomp"":660,""meet_decomp"":660}","{""pairs"":1819,""max_stack"":13,""branch_attempts"":661,""branch_right"":826,""branch_left"":826,""branch_successes"":0,""join_decomp"":166,""meet_decomp"":166}",17866752,17866752,0,17866752,17866752,0,"","",canonical
whitman,20,0,0,0,257,239,496,"{""pairs"":2313,""max_stack"":12,""branch_attempts"":661,""branch_right"":826,""branch_left"":826,""branch_successes"":0,""join_decomp"":660,""meet_decomp"":660}","{""pairs"":1819,""max_stack"":13,""branch_attempts"":661,""branch_right"":826,""branch_left"":826,""branch_successes"":0,""join_decomp"":166,""meet_decomp"":166}",17866752,17866752,0,17866752,17866752,0,"","",canonical
whitman,21,0,0,0,255,238,493,"{""pairs"":2313,""max_stack"":12,""branch_attempts"":661,""branch_right"":826,""branch_left"":826,""branch_successes"":0,""join_decomp"":660,""meet_decomp"":660}","{""pairs"":1819,""max_stack"":13,""branch_attempts"":661,""branch_right"":826,""branch_left"":826,""branch_successes"":0,""join_decomp"":166,""meet_decomp"":166}",17866752,17866752,0,17866752,17866752,0,"","",canonical
whitman,22,0,0,0,256,238,494,"{""pairs"":2313,""max_stack"":12,""branch_attempts"":661,""branch_right"":826,""branch_left"":826,""branch_successes"":0,""join_decomp"":660,""meet_decomp"":660}","{""pairs"":1819,""max_stack"":13,""branch_attempts"":661,""branch_right"":826,""branch_left"":826,""branch_successes"":0,""join_decomp"":166,""meet_decomp"":166}",17866752,17866752,0,17866752,17866752,0,"","",canonical
whitman,23,0,0,0,257,238,495,"{""pairs"":2313,""max_stack"":12,""branch_attempts"":661,""branch_right"":826,""branch_left"":826,""branch_successes"":0,""join_decomp"":660,""meet_decomp"":660}","{""pairs"":1819,""max_stack"":13,""branch_attempts"":661,""branch_right"":826,""branch_left"":826,""branch_successes"":0,""join_decomp"":166,""meet_decomp"":166}",17866752,17866752,0,17866752,17866752,0,"","",canonical
whitman,24,0,0,0,256,238,494,"{""pairs"":2313,""max_stack"":12,""branch_attempts"":661,""branch_right"":826,""branch_left"":826,""branch_successes"":0,""join_decomp"":660,""meet_decomp"":660}","{""pairs"":1819,""max_stack"":13,""branch_attempts"":661,""branch_right"":826,""branch_left"":826,""branch_successes"":0,""join_decomp"":166,""meet_decomp"":166}",17866752,17866752,0,17866752,17866752,0,"","",canonical
whitman,25,0,0,0,250,221,471,"{""pairs"":2313,""max_stack"":12,""branch_attempts"":661,""branch_right"":826,""branch_left"":826,""branch_successes"":0,""join_decomp"":660,""meet_decomp"":660}","{""pairs"":1819,""max_stack"":13,""branch_attempts"":661,""branch_right"":826,""branch_left"":826,""branch_successes"":0,""join_decomp"":166,""meet_decomp"":166}",17866752,17866752,0,17866752,17866752,0,"","",canonical
whitman,26,0,0,0,239,233,472,"{""pairs"":2313,""max_stack"":12,""branch_attempts"":661,""branch_right"":826,""branch_left"":826,""branch_successes"":0,""join_decomp"":660,""meet_decomp"":660}","{""pairs"":1819,""max_stack"":13,""branch_attempts"":661,""branch_right"":826,""branch_left"":826,""branch_successes"":0,""join_decomp"":166,""meet_decomp"":166}",17866752,17866752,0,17866752,17866752,0,"","",canonical
whitman,27,0,0,0,223,207,430,"{""pairs"":2313,""max_stack"":12,""branch_attempts"":661,""branch_right"":826,""branch_left"":826,""branch_successes"":0,""join_decomp"":660,""meet_decomp"":660}","{""pairs"":1819,""max_stack"":13,""branch_attempts"":661,""branch_right"":826,""branch_left"":826,""branch_successes"":0,""join_decomp"":166,""meet_decomp"":166}",17866752,17866752,0,17866752,17866752,0,"","",canonical
whitman,28,0,0,0,223,207,430,"{""pairs"":2313,""max_stack"":12,""branch_attempts"":661,""branch_right"":826,""branch_left"":826,""branch_successes"":0,""join_decomp"":660,""meet_decomp"":660}","{""pairs"":1819,""max_stack"":13,""branch_attempts"":661,""branch_right"":826,""branch_left"":826,""branch_successes"":0,""join_decomp"":166,""meet_decomp"":166}",17866752,17866752,0,17866752,17866752,0,"","",canonical
whitman,29,0,0,0,225,207,432,"{""pairs"":2313,""max_stack"":12,""branch_attempts"":661,""branch_right"":826,""branch_left"":826,""branch_successes"":0,""join_decomp"":660,""meet_decomp"":660}","{""pairs"":1819,""max_stack"":13,""branch_attempts"":661,""branch_right"":826,""branch_left"":826,""branch_successes"":0,""join_decomp"":166,""meet_decomp"":166}",17866752,17866752,0,17866752,17866752,0,"","",canonical
whitman,30,0,0,0,239,221,460,"{""pairs"":2313,""max_stack"":12,""branch_attempts"":661,""branch_right"":826,""branch_left"":826,""branch_successes"":0,""join_decomp"":660,""meet_decomp"":660}","{""pairs"":1819,""max_stack"":13,""branch_attempts"":661,""branch_right"":826,""branch_left"":826,""branch_successes"":0,""join_decomp"":166,""meet_decomp"":166}",17866752,17866752,0,17866752,17866752,0,"","",canonical
whitman,31,0,0,0,223,207,430,"{""pairs"":2313,""max_stack"":12,""branch_attempts"":661,""branch_right"":826,""branch_left"":826,""branch_successes"":0,""join_decomp"":660,""meet_decomp"":660}","{""pairs"":1819,""max_stack"":13,""branch_attempts"":661,""branch_right"":826,""branch_left"":826,""branch_successes"":0,""join_decomp"":166,""meet_decomp"":166}",17866752,17866752,0,17866752,17866752,0,"","",canonical
