engine,pair_id,u_leq_v,v_leq_u,eq,uv_us,vu_us,total_us,uv_stats,vu_stats,uv_working_set,uv_peak_working_set,uv_private_bytes,vu_working_set,vu_peak_working_set,vu_private_bytes,uv_error,vu_error,representation
whitman,0,0,0,0,438,38,476,"{""pairs"":1817,""max_stack"":11,""branch_attempts"":661,""branch_right"":826,""branch_left"":826,""branch_successes"":0,""join_decomp"":164,""meet_decomp"":164}","{""pairs"":187,""max_stack"":10,""branch_attempts"":53,""branch_right"":66,""branch_left"":66,""branch_successes"":0,""join_decomp"":54,""meet_decomp"":54}",17596416,17596416,0,17596416,17596416,0,"","",canonical
whitman,1,0,0,0,435,38,473,"{""pairs"":1817,""max_stack"":11,""branch_attempts"":661,""branch_right"":826,""branch_left"":826,""branch_successes"":0,""join_decomp"":164,""meet_decomp"":164}","{""pairs"":187,""max_stack"":10,""branch_attempts"":53,""branch_right"":66,""branch_left"":66,""branch_successes"":0,""join_decomp"":54,""meet_decomp"":54}",17596416,17596416,0,17596416,17596416,0,"","",canonical
whitman,2,0,0,0,434,37,471,"{""pairs"":1817,""max_stack"":11,""branch_attempts"":661,""branch_right"":826,""branch_left"":826,""branch_successes"":0,""join_decomp"":164,""meet_decomp"":164}","{""pairs"":187,""max_stack"":10,""branch_attempts"":53,""branch_right"":66,""branch_left"":66,""branch_successes"":0,""join_decomp"":54,""meet_decomp"":54}",17596416,17596416,0,17596416,17596416,0,"","",canonical
whitman,3,0,0,0,435,38,473,"{""pairs"":1817,""max_stack"":11,""branch_attempts"":661,""branch_right"":826,""branch_left"":826,""branch_successes"":0,""join_decomp"":164,""meet_decomp"":164}","{""pairs"":187,""max_stack"":10,""branch_attempts"":53,""branch_right"":66,""branch_left"":66,""branch_successes"":0,""join_decomp"":54,""meet_decomp"":54}",17596416,17596416,0,17596416,17596416,0,"","",canonical
whitman,4,0,0,0,702,70,772,"{""pairs"":1817,""max_stack"":11,""branch_attempts"":661,""branch_right"":826,""branch_left"":826,""branch_successes"":0,""join_decomp"":164,""meet_decomp"":164}","{""pairs"":187,""max_stack"":10,""branch_attempts"":53,""branch_right"":66,""branch_left"":66,""branch_successes"":0,""join_decomp"":54,""meet_decomp"":54}",17596416,17596416,0,17596416,17596416,0,"","",canonical
whitman,5,0,0,0,797,69,866,"{""pairs"":1817,""max_stack"":11,""branch_attempts"":661,""branch_right"":826,""branch_left"":826,""branch_successes"":0,""join_decomp"":164,""meet_decomp"":164}","{""pairs"":187,""max_stack"":10,""branch_attempts"":53,""branch_right"":66,""branch_left"":66,""branch_successes"":0,""join_decomp"":54,""meet_decomp"":54}",17596416,17596416,0,17596416,17596416,0,"","",canonical
whitman,6,0,0,0,807,69,876,"{""pairs"":1817,""max_stack"":11,""branch_attempts"":661,""branch_right"":826,""branch_left"":826,""branch_successes"":0,""join_decomp"":164,""meet_decomp"":164}","{""pairs"":187,""max_stack"":10,""branch_attempts"":53,""branch_right"":66,""branch_left"":66,""branch_successes"":0,""join_decomp"":54,""meet_decomp"":54}",17596416,17596416,0,17596416,17596416,0,"","",canonical
whitman,7,0,0,0,722,48,770,"{""pairs"":1817,""max_stack"":11,""branch_attempts"":661,""branch_right"":826,""branch_left"":826,""branch_successes"":0,""join_decomp"":164,""meet_decomp"":164}","{""pairs"":187,""max_stack"":10,""branch_attempts"":53,""branch_right"":66,""branch_left"":66,""branch_successes"":0,""join_decomp"":54,""meet_decomp"":54}",17596416,17596416,0,17596416,17596416,0,"","",canonical
whitman,8,0,0,0,563,48,611,"{""pairs"":1817,""max_stack"":11,""branch_attempts"":661,""branch_right"":826,""branch_left"":826,""branch_successes"":0,""join_decomp"":164,""meet_decomp"":164}","{""pairs"":187,""max_stack"":10,""branch_attempts"":53,""branch_right"":66,""branch_left"":66,""branch_successes"":0,""join_decomp"":54,""meet_decomp"":54}",17596416,17596416,0,17596416,17596416,0,"","",canonical
whitman,9,0,0,0,563,48,611,"{""pairs"":1817,""max_stack"":11,""branch_attempts"":661,""branch_right"":826,""branch_left"":826,""branch_successes"":0,""join_decomp"":164,""meet_decomp"":164}","{""pairs"":187,""max_stack"":10,""branch_attempts"":53,""branch_right"":66,""branch_left"":66,""branch_successes"":0,""join_decomp"":54,""meet_decomp"":54}",17596416,17596416,0,17596416,17596416,0,"","",canonical
whitman,10,0,0,0,562,48,610,"{""pairs"":1817,""max_stack"":11,""branch_attempts"":661,""branch_right"":826,""branch_left"":826,""branch_successes"":0,""join_decomp"":164,""meet_decomp"":164}","{""pairs"":187,""max_stack"":10,""branch_attempts"":53,""branch_right"":66,""branch_left"":66,""branch_successes"":0,""join_decomp"":54,""meet_decomp"":54}",17596416,17596416,0,17596416,17596416,0,"","",canonical
whitman,11,0,0,0,561,48,609,"{""pairs"":1817,""max_stack"":11,""branch_attempts"":661,""branch_right"":826,""branch_left"":826,""branch_successes"":0,""join_decomp"":164,""meet_decomp"":164}","{""pairs"":187,""max_stack"":10,""branch_attempts"":53,""branch_right"":66,""branch_left"":66,""branch_successes"":0,""join_decomp"":54,""meet_decomp"":54}",17596416,17596416,0,17596416,17596416,0,"","",canonical
whitman,12,0,0,0,570,49,619,"{""pairs"":1817,""max_stack"":11,""branch_attempts"":661,""branch_right"":826,""branch_left"":826,""branch_successes"":0,""join_decomp"":164,""meet_decomp"":164}","{""pairs"":187,""max_stack"":10,""branch_attempts"":53,""branch_right"":66,""branch_left"":66,""branch_successes"":0,""join_decomp"":54,""meet_decomp"":54}",17596416,17596416,0,17596416,17596416,0,"","",canonical
whitman,13,0,0,0,564,48,612,"{""pairs"":1817,""max_stack"":11,""branch_attempts"":661,""branch_right"":826,""branch_left"":826,""branch_successes"":0,""join_decomp"":164,""meet_decomp"":164}","{""pairs"":187,""max_stack"":10,""branch_attempts"":53,""branch_right"":66,""branch_left"":66,""branch_successes"":0,""join_decomp"":54,""meet_decomp"":54}",17596416,17596416,0,17596416,17596416,0,"","",canonical
whitman,14,0,0,0,563,49,612,"{""pairs"":1817,""max_stack"":11,""branch_attempts"":661,""branch_right"":826,""branch_left"":826,""branch_successes"":0,""join_decomp"":164,""meet_decomp"":164}","{""pairs"":187,""max_stack"":10,""branch_attempts"":53,""branch_right"":66,""branch_left"":66,""branch_successes"":0,""join_decomp"":54,""meet_decomp"":54}",17596416,17596416,0,17596416,17596416,0,"","",canonical
whitman,15,0,0,0,537,32,569,"{""pairs"":1817,""max_stack"":11,""branch_attempts"":661,""branch_right"":826,""branch_left"":826,""branch_successes"":0,""join_decomp"":164,""meet_decomp"":164}","{""pairs"":187,""max_stack"":10,""branch_attempts"":53,""branch_right"":66,""branch_left"":66,""branch_successes"":0,""join_decomp"":54,""meet_decomp"":54}",17596416,17596416,0,17596416,17596416,0,"","",canonical
whitman,16,0,0,0,368,32,400,"{""pairs"":1817,""max_stack"":11,""branch_attempts"":661,""branch_right"":826,""branch_left"":826,""branch_successes"":0,""join_decomp"":164,""meet_decomp"":164}","{""pairs"":187,""max_stack"":10,""branch_attempts"":53,""branch_right"":66,""branch_left"":66,""branch_successes"":0,""join_decomp"":54,""meet_decomp"":54}",17596416,17596416,0,17596416,17596416,0,"","",canonical
whitman,17,0,0,0,368,32,400,"{""pairs"":1817,""max_stack"":11,""branch_attempts"":661,""branch_right"":826,""branch_left"":826,""branch_successes"":0,""join_decomp"":164,""meet_decomp"":164}","{""pairs"":187,""max_stack"":10,""branch_attempts"":53,""branch_right"":66,""branch_left"":66,""branch_successes"":0,""join_decomp"":54,""meet_decomp"":54}",17596416,17596416,0,17596416,17596416,0,"","",canonical
whitman,18,0,0,0,368,31,399,"{""pairs"":1817,""max_stack"":11,""branch_attempts"":661,""branch_right"":826,""branch_left"":826,""branch_successes"":0,""join_decomp"":164,""meet_decomp"":164}","{""pairs"":187,""max_stack"":10,""branch_attempts"":53,""branch_right"":66,""branch_left"":66,""branch_successes"":0,""join_decomp"":54,""meet_decomp"":54}",17596416,17596416,0,17596416,17596416,0,"","",canonical
whitman,19,0,0,0,385,31,416,"{""pairs"":1817,""max_stack"":11,""branch_attempts"":661,""branch_right"":826,""branch_left"":826,""branch_successes"":0,""join_decomp"":164,""meet_decomp"":164}","{""pairs"":187,""max_stack"":10,""branch_attempts"":53,""branch_right"":66,""branch_left"":66,""branch_successes"":0,""join_decomp"":54,""meet_decomp"":54}",17596416,17596416,0,17596416,17596416,0,"","",canonical
whitman,20,0,0,0,375,32,407,"{""pairs"":1817,""max_stack"":11,""branch_attempts"":661,""branch_right"":826,""branch_left"":826,""branch_successes"":0,""join_decomp"":164,""meet_decomp"":164}","{""pairs"":187,""max_stack"":10,""branch_attempts"":53,""branch_right"":66,""branch_left"":66,""branch_successes"":0,""join_decomp"":54,""meet_decomp"":54}",17596416,17596416,0,17596416,17596416,0,"","",canonical
whitman,21,0,0,0,368,31,399,"{""pairs"":1817,""max_stack"":11,""branch_attempts"":661,""branch_right"":826,""branch_left"":826,""branch_successes"":0,""join_decomp"":164,""meet_decomp"":164}","{""pairs"":187,""max_stack"":10,""branch_attempts"":53,""branch_right"":66,""branch_left"":66,""branch_successes"":0,""join_decomp"":54,""meet_decomp"":54}",17596416,17596416,0,17596416,17596416,0,"","",canonical
whitman,22,0,0,0,367,32,399,"{""pairs"":1817,""max_stack"":11,""branch_attempts"":661,""branch_right"":826,""branch_left"":826,""branch_successes"":0,""join_decomp"":164,""meet_decomp"":164}","{""pairs"":187,""max_stack"":10,""branch_attempts"":53,""branch_right"":66,""branch_left"":66,""branch_successes"":0,""join_decomp"":54,""meet_decomp"":54}",17596416,17596416,0,17596416,17596416,0,"","",canonical
whitman,23,0,0,0,368,31,399,"{""pairs"":1817,""max_stack"":11,""branch_attempts"":661,""branch_right"":826,""branch_left"":826,""branch_successes"":0,""join_decomp"":164,""meet_decomp"":164}","{""pairs"":187,""max_stack"":10,""branch_attempts"":53,""branch_right"":66,""branch_left"":66,""branch_successes"":0,""join_decomp"":54,""meet_decomp"":54}",17596416,17596416,0,17596416,17596416,0,"","",canonical
whitman,24,0,0,0,367,31,398,"{""pairs"":1817,""max_stack"":11,""branch_attempts"":661,""branch_right"":826,""branch_left"":826,""branch_successes"":0,""join_decomp"":164,""meet_decomp"":164}","{""pairs"":187,""max_stack"":10,""branch_attempts"":53,""branch_right"":66,""branch_left"":66,""branch_successes"":0,""join_decomp"":54,""meet_decomp"":54}",17596416,17596416,0,17596416,17596416,0,"","",canonical
whitman,25,0,0,0,372,32,404,"{""pairs"":1817,""max_stack"":11,""branch_attempts"":661,""branch_right"":826,""branch_left"":826,""branch_successes"":0,""join_decomp"":164,""meet_decomp"":164}","{""pairs"":187,""max_stack"":10,""branch_attempts"":53,""branch_right"":66,""branch_left"":66,""branch_successes"":0,""join_decomp"":54,""meet_decomp"":54}",17596416,17596416,0,17596416,17596416,0,"","",canonical
whitman,26,0,0,0,368,31,399,"{""pairs"":1817,""max_stack"":11,""branch_attempts"":661,""branch_right"":826,""branch_left"":826,""branch_successes"":0,""join_decomp"":164,""meet_decomp"":164}","{""pairs"":187,""max_stack"":10,""branch_attempts"":53,""branch_right"":66,""branch_left"":66,""branch_successes"":0,""join_decomp"":54,""meet_decomp"":54}",17596416,17596416,0,17596416,17596416,0,"","",canonical
whitman,27,0,0,0,367,32,399,"{""pairs"":1817,""max_stack"":11,""branch_attempts"":661,""branch_right"":826,""branch_left"":826,""branch_successes"":0,""join_decomp"":164,""meet_decomp"":164}","{""pairs"":187,""max_stack"":10,""branch_attempts"":53,""branch_right"":66,""branch_left"":66,""branch_successes"":0,""join_decomp"":54,""meet_decomp"":54}",17596416,17596416,0,17596416,17596416,0,"","",canonical
whitman,28,0,0,0,319,21,340,"{""pairs"":1817,""max_stack"":11,""branch_attempts"":661,""branch_right"":826,""branch_left"":826,""branch_successes"":0,""join_decomp"":164,""meet_decomp"":164}","{""pairs"":187,""max_stack"":10,""branch_attempts"":53,""branch_right"":66,""branch_left"":66,""branch_successes"":0,""join_decomp"":54,""meet_decomp"":54}",17596416,17596416,0,17596416,17596416,0,"","",canonical
whitman,29,0,0,0,245,21,266,"{""pairs"":1817,""max_stack"":11,""branch_attempts"":661,""branch_right"":826,""branch_left"":826,""branch_successes"":0,""join_decomp"":164,""meet_decomp"":164}","{""pairs"":187,""max_stack"":10,""branch_attempts"":53,""branch_right"":66,""branch_left"":66,""branch_successes"":0,""join_decomp"":54,""meet_decomp"":54}",17596416,17596416,0,17596416,17596416,0,"","",canonical
whitman,30,0,0,0,246,21,267,"{""pairs"":1817,""max_stack"":11,""branch_attempts"":661,""branch_right"":826,""branch_left"":826,""branch_successes"":0,""join_decomp"":164,""meet_decomp"":164}","{""pairs"":187,""max_stack"":10,""branch_attempts"":53,""branch_right"":66,""branch_left"":66,""branch_successes"":0,""join_decomp"":54,""meet_decomp"":54}",17596416,17596416,0,17596416,17596416,0,"","",canonical
whitman,31,0,0,0,253,21,274,"{""pairs"":1817,""max_stack"":11,""branch_attempts"":661,""branch_right"":826,""branch_left"":826,""branch_successes"":0,""join_decomp"":164,""meet_decomp"":164}","{""pairs"":187,""max_stack"":10,""branch_attempts"":53,""branch_right"":66,""branch_left"":66,""branch_successes"":0,""join_decomp"":54,""meet_decomp"":54}",17596416,17596416,0,17596416,17596416,0,"","",canonical
