engine,pair_id,u_leq_v,v_leq_u,eq,uv_us,vu_us,total_us,uv_stats,vu_stats,uv_working_set,uv_peak_working_set,uv_private_bytes,vu_working_set,vu_peak_working_set,vu_private_bytes,uv_error,vu_error,representation
whitman,0,0,0,0,9815,686,10501,"{""pairs"":24521,""max_stack"":15,""branch_attempts"":8917,""branch_right"":11146,""branch_left"":11146,""branch_successes"":0,""join_decomp"":2228,""meet_decomp"":2228}","{""pairs"":2315,""max_stack"":14,""branch_attempts"":661,""branch_right"":826,""branch_left"":826,""branch_successes"":0,""join_decomp"":662,""meet_decomp"":662}",18137088,18137088,0,18137088,18137088,0,"","",canonical
whitman,1,0,0,0,6769,445,7214,"{""pairs"":24521,""max_stack"":15,""branch_attempts"":8917,""branch_right"":11146,""branch_left"":11146,""branch_successes"":0,""join_decomp"":2228,""meet_decomp"":2228}","{""pairs"":2315,""max_stack"":14,""branch_attempts"":661,""branch_right"":826,""branch_left"":826,""branch_successes"":0,""join_decomp"":662,""meet_decomp"":662}",18137088,18137088,0,18137088,18137088,0,"","",canonical
whitman,2,0,0,0,7739,794,8533,"{""pairs"":24521,""max_stack"":15,""branch_attempts"":8917,""branch_right"":11146,""branch_left"":11146,""branch_successes"":0,""join_decomp"":2228,""meet_decomp"":2228}","{""pairs"":2315,""max_stack"":14,""branch_attempts"":661,""branch_right"":826,""branch_left"":826,""branch_successes"":0,""join_decomp"":662,""meet_decomp"":662}",18137088,18137088,0,18137088,18137088,0,"","",canonical
whitman,3,0,0,0,7387,513,7900,"{""pairs"":24521,""max_stack"":15,""branch_attempts"":8917,""branch_right"":11146,""branch_left"":11146,""branch_successes"":0,""join_decomp"":2228,""meet_decomp"":2228}","{""pairs"":2315,""max_stack"":14,""branch_attempts"":661,""branch_right"":826,""branch_left"":826,""branch_successes"":0,""join_decomp"":662,""meet_decomp"":662}",18137088,18137088,0,18137088,18137088,0,"","",canonical
whitman,4,0,0,0,5162,343,5505,"{""pairs"":24521,""max_stack"":15,""branch_attempts"":8917,""branch_right"":11146,""branch_left"":11146,""branch_successes"":0,""join_decomp"":2228,""meet_decomp"":2228}","{""pairs"":2315,""max_stack"":14,""branch_attempts"":661,""branch_right"":826,""branch_left"":826,""branch_successes"":0,""join_decomp"":662,""meet_decomp"":662}",18137088,18137088,0,18137088,18137088,0,"","",canonical
whitman,5,0,0,0,4293,343,4636,"{""pairs"":24521,""max_stack"":15,""branch_attempts"":8917,""branch_right"":11146,""branch_left"":11146,""branch_successes"":0,""join_decomp"":2228,""meet_decomp"":2228}","{""pairs"":2315,""max_stack"":14,""branch_attempts"":661,""branch_right"":826,""branch_left"":826,""branch_successes"":0,""join_decomp"":662,""meet_decomp"":662}",18137088,18137088,0,18137088,18137088,0,"","",canonical
whitman,6,0,0,0,2861,230,3091,"{""pairs"":24521,""max_stack"":15,""branch_attempts"":8917,""branch_right"":11146,""branch_left"":11146,""branch_successes"":0,""join_decomp"":2228,""meet_decomp"":2228}","{""pairs"":2315,""max_stack"":14,""branch_attempts"":661,""branch_right"":826,""branch_left"":826,""branch_successes"":0,""join_decomp"":662,""meet_decomp"":662}",18137088,18137088,0,18137088,18137088,0,"","",canonical
whitman,7,0,0,0,2874,228,3102,"{""pairs"":24521,""max_stack"":15,""branch_attempts"":8917,""branch_right"":11146,""branch_left"":11146,""branch_successes"":0,""join_decomp"":2228,""meet_decomp"":2228}","{""pairs"":2315,""max_stack"":14,""branch_attempts"":661,""branch_right"":826,""branch_left"":826,""branch_successes"":0,""join_decomp"":662,""meet_decomp"":662}",18137088,18137088,0,18137088,18137088,0,"","",canonical
whitman,8,0,0,0,2879,223,3102,"{""pairs"":24521,""max_stack"":15,""branch_attempts"":8917,""branch_right"":11146,""branch_left"":11146,""branch_successes"":0,""join_decomp"":2228,""meet_decomp"":2228}","{""pairs"":2315,""max_stack"":14,""branch_attempts"":661,""branch_right"":826,""branch_left"":826,""branch_successes"":0,""join_decomp"":662,""meet_decomp"":662}",18137088,18137088,0,18137088,18137088,0,"","",canonical
whitman,9,0,0,0,2799,225,3024,"{""pairs"":24521,""max_stack"":15,""branch_attempts"":8917,""branch_right"":11146,""branch_left"":11146,""branch_successes"":0,""join_decomp"":2228,""meet_decomp"":2228}","{""pairs"":2315,""max_stack"":14,""branch_attempts"":661,""branch_right"":826,""branch_left"":826,""branch_successes"":0,""join_decomp"":662,""meet_decomp"":662}",18137088,18137088,0,18137088,18137088,0,"","",canonical
whitman,10,0,0,0,2813,225,3038,"{""pairs"":24521,""max_stack"":15,""branch_attempts"":8917,""branch_right"":11146,""branch_left"":11146,""branch_successes"":0,""join_decomp"":2228,""meet_decomp"":2228}","{""pairs"":2315,""max_stack"":14,""branch_attempts"":661,""branch_right"":826,""branch_left"":826,""branch_successes"":0,""join_decomp"":662,""meet_decomp"":662}",18137088,18137088,0,18137088,18137088,0,"","",canonical
whitman,11,0,0,0,2799,223,3022,"{""pairs"":24521,""max_stack"":15,""branch_attempts"":8917,""branch_right"":11146,""branch_left"":11146,""branch_successes"":0,""join_decomp"":2228,""meet_decomp"":2228}","{""pairs"":2315,""max_stack"":14,""branch_attempts"":661,""branch_right"":826,""branch_left"":826,""branch_successes"":0,""join_decomp"":662,""meet_decomp"":662}",18137088,18137088,0,18137088,18137088,0,"","",canonical
whitman,12,0,0,0,2837,223,3060,"{""pairs"":24521,""max_stack"":15,""branch_attempts"":8917,""branch_right"":11146,""branch_left"":11146,""branch_successes"":0,""join_decomp"":2228,""meet_decomp"":2228}","{""pairs"":2315,""max_stack"":14,""branch_attempts"":661,""branch_right"":826,""branch_left"":826,""branch_successes"":0,""join_decomp"":662,""meet_decomp"":662}",18137088,18137088,0,18137088,18137088,0,"","",canonical
whitman,13,0,0,0,2814,223,3037,"{""pairs"":24521,""max_stack"":15,""branch_attempts"":8917,""branch_right"":11146,""branch_left"":11146,""branch_successes"":0,""join_decomp"":2228,""meet_decomp"":2228}","{""pairs"":2315,""max_stack"":14,""branch_attempts"":661,""branch_right"":826,""branch_left"":826,""branch_successes"":0,""join_decomp"":662,""meet_decomp"":662}",18137088,18137088,0,18137088,18137088,0,"","",canonical
whitman,14,0,0,0,2801,223,3024,"{""pairs"":24521,""max_stack"":15,""branch_attempts"":8917,""branch_right"":11146,""branch_left"":11146,""branch_successes"":0,""join_decomp"":2228,""meet_decomp"":2228}","{""pairs"":2315,""max_stack"":14,""branch_attempts"":661,""branch_right"":826,""branch_left"":826,""branch_successes"":0,""join_decomp"":662,""meet_decomp"":662}",18137088,18137088,0,18137088,18137088,0,"","",canonical
whitman,15,0,0,0,2815,223,3038,"{""pairs"":24521,""max_stack"":15,""branch_attempts"":8917,""branch_right"":11146,""branch_left"":11146,""branch_successes"":0,""join_decomp"":2228,""meet_decomp"":2228}","{""pairs"":2315,""max_stack"":14,""branch_attempts"":661,""branch_right"":826,""branch_left"":826,""branch_successes"":0,""join_decomp"":662,""meet_decomp"":662}",18137088,18137088,0,18137088,18137088,0,"","",canonical
whitman,16,0,0,0,2797,224,3021,"{""pairs"":24521,""max_stack"":15,""branch_attempts"":8917,""branch_right"":11146,""branch_left"":11146,""branch_successes"":0,""join_decomp"":2228,""meet_decomp"":2228}","{""pairs"":2315,""max_stack"":14,""branch_attempts"":661,""branch_right"":826,""branch_left"":826,""branch_successes"":0,""join_decomp"":662,""meet_decomp"":662}",18137088,18137088,0,18137088,18137088,0,"","",canonical
whitman,17,0,0,0,2799,224,3023,"{""pairs"":24521,""max_stack"":15,""branch_attempts"":8917,""branch_right"":11146,""branch_left"":11146,""branch_successes"":0,""join_decomp"":2228,""meet_decomp"":2228}","{""pairs"":2315,""max_stack"":14,""branch_attempts"":661,""branch_right"":826,""branch_left"":826,""branch_successes"":0,""join_decomp"":662,""meet_decomp"":662}",18137088,18137088,0,18137088,18137088,0,"","",canonical
whitman,18,0,0,0,2813,223,3036,"{""pairs"":24521,""max_stack"":15,""branch_attempts"":8917,""branch_right"":11146,""branch_left"":11146,""branch_successes"":0,""join_decomp"":2228,""meet_decomp"":2228}","{""pairs"":2315,""max_stack"":14,""branch_attempts"":661,""branch_right"":826,""branch_left"":826,""branch_successes"":0,""join_decomp"":662,""meet_decomp"":662}",18137088,18137088,0,18137088,18137088,0,"","",canonical
whitman,19,0,0,0,2871,223,3094,"{""pairs"":24521,""max_stack"":15,""branch_attempts"":8917,""branch_right"":11146,""branch_left"":11146,""branch_successes"":0,""join_decomp"":2228,""meet_decomp"":2228}","{""pairs"":2315,""max_stack"":14,""branch_attempts"":661,""branch_right"":826,""branch_left"":826,""branch_successes"":0,""join_decomp"":662,""meet_decomp"":662}",18137088,18137088,0,18137088,18137088,0,"","",canonical
whitman,20,0,0,0,2796,223,3019,"{""pairs"":24521,""max_stack"":15,""branch_attempts"":8917,""branch_right"":11146,""branch_left"":11146,""branch_successes"":0,""join_decomp"":2228,""meet_decomp"":2228}","{""pairs"":2315,""max_stack"":14,""branch_attempts"":661,""branch_right"":826,""branch_left"":826,""branch_successes"":0,""join_decomp"":662,""meet_decomp"":662}",18137088,18137088,0,18137088,18137088,0,"","",canonical
whitman,21,0,0,0,2798,223,3021,"{""pairs"":24521,""max_stack"":15,""branch_attempts"":8917,""branch_right"":11146,""branch_left"":11146,""branch_successes"":0,""join_decomp"":2228,""meet_decomp"":2228}","{""pairs"":2315,""max_stack"":14,""branch_attempts"":661,""branch_right"":826,""branch_left"":826,""branch_successes"":0,""join_decomp"":662,""meet_decomp"":662}",18137088,18137088,0,18137088,18137088,0,"","",canonical
whitman,22,0,0,0,2801,223,3024,"{""pairs"":24521,""max_stack"":15,""branch_attempts"":8917,""branch_right"":11146,""branch_left"":11146,""branch_successes"":0,""join_decomp"":2228,""meet_decomp"":2228}","{""pairs"":2315,""max_stack"":14,""branch_attempts"":661,""branch_right"":826,""branch_left"":826,""branch_successes"":0,""join_decomp"":662,""meet_decomp"":662}",18137088,18137088,0,18137088,18137088,0,"","",canonical
whitman,23,0,0,0,2815,223,3038,"{""pairs"":24521,""max_stack"":15,""branch_attempts"":8917,""branch_right"":11146,""branch_left"":11146,""branch_successes"":0,""join_decomp"":2228,""meet_decomp"":2228}","{""pairs"":2315,""max_stack"":14,""branch_attempts"":661,""branch_right"":826,""branch_left"":826,""branch_successes"":0,""join_decomp"":662,""meet_decomp"":662}",18137088,18137088,0,18137088,18137088,0,"","",canonical
whitman,24,0,0,0,2800,222,3022,"{""pairs"":24521,""max_stack"":15,""branch_attempts"":8917,""branch_right"":11146,""branch_left"":11146,""branch_successes"":0,""join_decomp"":2228,""meet_decomp"":2228}","{""pairs"":2315,""max_stack"":14,""branch_attempts"":661,""branch_right"":826,""branch_left"":826,""branch_successes"":0,""join_decomp"":662,""meet_decomp"":662}",18137088,18137088,0,18137088,18137088,0,"","",canonical
whitman,25,0,0,0,2800,223,3023,"{""pairs"":24521,""max_stack"":15,""branch_attempts"":8917,""branch_right"":11146,""branch_left"":11146,""branch_successes"":0,""join_decomp"":2228,""meet_decomp"":2228}","{""pairs"":2315,""max_stack"":14,""branch_attempts"":661,""branch_right"":826,""branch_left"":826,""branch_successes"":0,""join_decomp"":662,""meet_decomp"":662}",18137088,18137088,0,18137088,18137088,0,"","",canonical
whitman,26,0,0,0,2802,223,3025,"{""pairs"":24521,""max_stack"":15,""branch_attempts"":8917,""branch_right"":11146,""branch_left"":11146,""branch_successes"":0,""join_decomp"":2228,""meet_decomp"":2228}","{""pairs"":2315,""max_stack"":14,""branch_attempts"":661,""branch_right"":826,""branch_left"":826,""branch_successes"":0,""join_decomp"":662,""meet_decomp"":662}",18137088,18137088,0,18137088,18137088,0,"","",canonical
whitman,27,0,0,0,2801,223,3024,"{""pairs"":24521,""max_stack"":15,""branch_attempts"":8917,""branch_right"":11146,""branch_left"":11146,""branch_successes"":0,""join_decomp"":2228,""meet_decomp"":2228}","{""pairs"":2315,""max_stack"":14,""branch_attempts"":661,""branch_right"":826,""branch_left"":826,""branch_successes"":0,""join_decomp"":662,""meet_decomp"":662}",18137088,18137088,0,18137088,18137088,0,"","",canonical
whitman,28,0,0,0,2801,222,3023,"{""pairs"":24521,""max_stack"":15,""branch_attempts"":8917,""branch_right"":11146,""branch_left"":11146,""branch_successes"":0,""join_decomp"":2228,""meet_decomp"":2228}","{""pairs"":2315,""max_stack"":14,""branch_attempts"":661,""branch_right"":826,""branch_left"":826,""branch_successes"":0,""join_decomp"":662,""meet_decomp"":662}",18137088,18137088,0,18137088,18137088,0,"","",canonical
whitman,29,0,0,0,2800,223,3023,"{""pairs"":24521,""max_stack"":15,""branch_attempts"":8917,""branch_right"":11146,""branch_left"":11146,""branch_successes"":0,""join_decomp"":2228,""meet_decomp"":2228}","{""pairs"":2315,""max_stack"":14,""branch_attempts"":661,""branch_right"":826,""branch_left"":826,""branch_successes"":0,""join_decomp"":662,""meet_decomp"":662}",18137088,18137088,0,18137088,18137088,0,"","",canonical
whitman,30,0,0,0,2932,224,3156,"{""pairs"":24521,""max_stack"":15,""branch_attempts"":8917,""branch_right"":11146,""branch_left"":11146,""branch_successes"":0,""join_decomp"":2228,""meet_decomp"":2228}","{""pairs"":2315,""max_stack"":14,""branch_attempts"":661,""branch_right"":826,""branch_left"":826,""branch_successes"":0,""join_decomp"":662,""meet_decomp"":662}",18137088,18137088,0,18137088,18137088,0,"","",canonical
whitman,31,0,0,0,2908,223,3131,"{""pairs"":24521,""max_stack"":15,""branch_attempts"":8917,""branch_right"":11146,""branch_left"":11146,""branch_successes"":0,""join_decomp"":2228,""meet_decomp"":2228}","{""pairs"":2315,""max_stack"":14,""branch_attempts"":661,""branch_right"":826,""branch_left"":826,""branch_successes"":0,""join_decomp"":662,""meet_decomp"":662}",18137088,18137088,0,18137088,18137088,0,"","",canonical
