experiment,shape,budget,engine,pair_id,direction,pairs,max_stack,branch_attempts,branch_right,branch_left,branch_successes,join_decomp,meet_decomp,recursive_calls,memo_hits,N,arcs_enqueued,arcs_processed,max_queue,RU,RV,cells,and_checks,or_checks,max_hU,max_hV
C4_share_medium,balanced,200,whitman,0,uv,4658,14,1164,2046,2118,2,969,600,,,,,,,,,,,,,
C4_share_medium,balanced,200,whitman,0,vu,1244,16,340,524,550,0,210,284,,,,,,,,,,,,,
C4_share_medium,balanced,200,whitman,1,uv,85,10,22,28,39,0,25,38,,,,,,,,,,,,,
C4_share_medium,balanced,200,whitman,1,vu,1460,12,293,642,628,0,440,384,,,,,,,,,,,,,
C4_share_medium,balanced,200,freese,0,uv,,14,371,,,1,,,2089,460,,,,,,,,,,,
C4_share_medium,balanced,200,freese,0,vu,,16,110,,,0,,,549,106,,,,,,,,,,,
C4_share_medium,balanced,200,freese,1,uv,,10,22,,,0,,,99,6,,,,,,,,,,,
C4_share_medium,balanced,200,freese,1,vu,,13,112,,,0,,,697,107,,,,,,,,,,,
C4_share_medium,balanced,200,cosma,0,uv,,,,,,,,,,,567,1824,1824,1824,,,,,,,
C4_share_medium,balanced,200,cosma,0,vu,,,,,,,,,,,567,1824,1824,1824,,,,,,,
C4_share_medium,balanced,200,cosma,1,uv,,,,,,,,,,,520,1802,1802,1802,,,,,,,
C4_share_medium,balanced,200,cosma,1,vu,,,,,,,,,,,520,1802,1802,1802,,,,,,,
C4_share_medium,balanced,200,hunt,0,uv,,,,,,,,,,,,,,,343,340,116620,158089,156559,9,11
C4_share_medium,balanced,200,hunt,0,vu,,,,,,,,,,,,,,,340,343,116620,156771,157775,11,9
C4_share_medium,balanced,200,hunt,1,uv,,,,,,,,,,,,,,,330,316,104280,147780,141097,13,13
C4_share_medium,balanced,200,hunt,1,vu,,,,,,,,,,,,,,,316,330,104280,141474,147394,13,13
C4_share_medium,balanced,400,whitman,0,uv,1431,12,242,606,646,0,242,396,,,,,,,,,,,,,
C4_share_medium,balanced,400,whitman,0,vu,2,2,0,0,0,0,9,0,,,,,,,,,,,,,
C4_share_medium,balanced,400,whitman,1,uv,8,4,1,0,5,0,4,16,,,,,,,,,,,,,
C4_share_medium,balanced,400,whitman,1,vu,2859,12,590,1264,1286,0,632,405,,,,,,,,,,,,,
C4_share_medium,balanced,400,freese,0,uv,,13,140,,,0,,,1114,190,,,,,,,,,,,
C4_share_medium,balanced,400,freese,0,vu,,2,0,,,0,,,2,0,,,,,,,,,,,
C4_share_medium,balanced,400,freese,1,uv,,11,9,,,0,,,70,2,,,,,,,,,,,
C4_share_medium,balanced,400,freese,1,vu,,12,256,,,0,,,1661,309,,,,,,,,,,,
C4_share_medium,balanced,400,cosma,0,uv,,,,,,,,,,,881,4101,4101,4101,,,,,,,
C4_share_medium,balanced,400,cosma,0,vu,,,,,,,,,,,881,4101,4101,4101,,,,,,,
C4_share_medium,balanced,400,cosma,1,uv,,,,,,,,,,,904,4271,4271,4271,,,,,,,
C4_share_medium,balanced,400,cosma,1,vu,,,,,,,,,,,904,4271,4271,4271,,,,,,,
C4_share_medium,balanced,400,hunt,0,uv,,,,,,,,,,,,,,,536,556,298016,499420,487893,12,12
C4_share_medium,balanced,400,hunt,0,vu,,,,,,,,,,,,,,,556,536,298016,488996,498208,12,12
C4_share_medium,balanced,400,hunt,1,uv,,,,,,,,,,,,,,,563,563,316969,542167,517971,13,12
C4_share_medium,balanced,400,hunt,1,vu,,,,,,,,,,,,,,,563,563,316969,519084,540621,12,13
C4_share_medium,balanced,600,whitman,0,uv,4541,17,1040,1920,2027,0,1098,1104,,,,,,,,,,,,,
C4_share_medium,balanced,600,whitman,0,vu,4,3,1,0,2,0,0,6,,,,,,,,,,,,,
C4_share_medium,balanced,600,whitman,1,uv,1208,14,274,492,546,0,201,419,,,,,,,,,,,,,
C4_share_medium,balanced,600,whitman,1,vu,145,10,26,65,56,0,50,38,,,,,,,,,,,,,
C4_share_medium,balanced,600,freese,0,uv,,18,224,,,0,,,1302,256,,,,,,,,,,,
C4_share_medium,balanced,600,freese,0,vu,,9,6,,,0,,,38,4,,,,,,,,,,,
C4_share_medium,balanced,600,freese,1,uv,,15,112,,,0,,,580,96,,,,,,,,,,,
C4_share_medium,balanced,600,freese,1,vu,,11,24,,,0,,,173,18,,,,,,,,,,,
C4_share_medium,balanced,600,cosma,0,uv,,,,,,,,,,,1241,7352,7352,7352,,,,,,,
C4_share_medium,balanced,600,cosma,0,vu,,,,,,,,,,,1241,7352,7352,7352,,,,,,,
C4_share_medium,balanced,600,cosma,1,uv,,,,,,,,,,,1205,7088,7088,7088,,,,,,,
C4_share_medium,balanced,600,cosma,1,vu,,,,,,,,,,,1205,7088,7088,7088,,,,,,,
C4_share_medium,balanced,600,hunt,0,uv,,,,,,,,,,,,,,,740,744,550560,1048410,1031474,15,13
C4_share_medium,balanced,600,hunt,0,vu,,,,,,,,,,,,,,,744,740,550560,1034406,1045570,13,15
C4_share_medium,balanced,600,hunt,1,uv,,,,,,,,,,,,,,,732,718,525576,1019346,990564,13,14
C4_share_medium,balanced,600,hunt,1,vu,,,,,,,,,,,,,,,718,732,525576,993050,1016687,14,13
C4_share_medium,balanced,800,whitman,0,uv,1554,13,331,660,702,0,286,413,,,,,,,,,,,,,
C4_share_medium,balanced,800,whitman,0,vu,148,13,46,68,53,2,40,55,,,,,,,,,,,,,
C4_share_medium,balanced,800,whitman,1,uv,5861,14,1261,2395,2602,2,983,1872,,,,,,,,,,,,,
C4_share_medium,balanced,800,whitman,1,vu,5119,16,1236,2281,2107,1,804,1568,,,,,,,,,,,,,
C4_share_medium,balanced,800,freese,0,uv,,13,136,,,0,,,810,156,,,,,,,,,,,
C4_share_medium,balanced,800,freese,0,vu,,13,46,,,2,,,165,18,,,,,,,,,,,
C4_share_medium,balanced,800,freese,1,uv,,15,401,,,1,,,2337,348,,,,,,,,,,,
C4_share_medium,balanced,800,freese,1,vu,,17,361,,,1,,,2083,352,,,,,,,,,,,
C4_share_medium,balanced,800,cosma,0,uv,,,,,,,,,,,1527,10994,10994,10994,,,,,,,
C4_share_medium,balanced,800,cosma,0,vu,,,,,,,,,,,1527,10994,10994,10994,,,,,,,
C4_share_medium,balanced,800,cosma,1,uv,,,,,,,,,,,1551,10593,10593,10593,,,,,,,
C4_share_medium,balanced,800,cosma,1,vu,,,,,,,,,,,1551,10593,10593,10593,,,,,,,
C4_share_medium,balanced,800,hunt,0,uv,,,,,,,,,,,,,,,881,896,789376,1623177,1641624,15,14
C4_share_medium,balanced,800,hunt,0,vu,,,,,,,,,,,,,,,896,881,789376,1646308,1618436,14,15
C4_share_medium,balanced,800,hunt,1,uv,,,,,,,,,,,,,,,897,907,813579,1689355,1622455,15,14
C4_share_medium,balanced,800,hunt,1,vu,,,,,,,,,,,,,,,907,897,813579,1626395,1684578,14,15
C4_share_medium,balanced,1000,whitman,0,uv,15695,19,3684,6484,6753,2,3520,3905,,,,,,,,,,,,,
C4_share_medium,balanced,1000,whitman,0,vu,6029,17,1448,2610,2572,6,1878,818,,,,,,,,,,,,,
C4_share_medium,balanced,1000,whitman,1,uv,17254,20,4005,7245,7502,67,2588,4685,,,,,,,,,,,,,
C4_share_medium,balanced,1000,whitman,1,vu,1327,14,263,610,554,0,405,185,,,,,,,,,,,,,
C4_share_medium,balanced,1000,freese,0,uv,,19,899,,,1,,,5695,872,,,,,,,,,,,
C4_share_medium,balanced,1000,freese,0,vu,,17,359,,,2,,,2174,400,,,,,,,,,,,
C4_share_medium,balanced,1000,freese,1,uv,,21,768,,,8,,,4557,795,,,,,,,,,,,
C4_share_medium,balanced,1000,freese,1,vu,,15,122,,,0,,,794,110,,,,,,,,,,,
C4_share_medium,balanced,1000,cosma,0,uv,,,,,,,,,,,1870,15573,15573,15573,,,,,,,
C4_share_medium,balanced,1000,cosma,0,vu,,,,,,,,,,,1870,15573,15573,15573,,,,,,,
C4_share_medium,balanced,1000,cosma,1,uv,,,,,,,,,,,1847,15248,15248,15248,,,,,,,
C4_share_medium,balanced,1000,cosma,1,vu,,,,,,,,,,,1847,15248,15248,15248,,,,,,,
C4_share_medium,balanced,1000,hunt,0,uv,,,,,,,,,,,,,,,1057,1070,1130990,2487371,2428676,14,13
C4_share_medium,balanced,1000,hunt,0,vu,,,,,,,,,,,,,,,1070,1057,1130990,2435552,2479239,13,14
C4_share_medium,balanced,1000,hunt,1,uv,,,,,,,,,,,,,,,1053,1051,1106703,2418561,2386787,16,13
C4_share_medium,balanced,1000,hunt,1,vu,,,,,,,,,,,,,,,1051,1053,1106703,2394338,2411467,13,16
