experiment,shape,budget,engine,median_pairDepth,p25_us,median_us,p75_us,mean_us,n_pairs,median_alt_index,median_share,csv_path,json_path
C4_share_medium,balanced,200,cosma,12.0,15376.0,15376.0,15376.0,17168.5,2,0.731156,0.747316,cosma_B200.csv,pairs_B200.jsonl
C4_share_medium,balanced,400,cosma,15.0,13439.0,13439.0,13439.0,19358.0,2,0.785714,0.625775,cosma_B400.csv,pairs_B400.jsonl
C4_share_medium,balanced,600,cosma,18.0,37568.0,37568.0,37568.0,37690.0,2,0.797162,0.558613,cosma_B600.csv,pairs_B600.jsonl
C4_share_medium,balanced,800,cosma,16.0,35049.0,35049.0,35049.0,50413.0,2,0.797247,0.523125,cosma_B800.csv,pairs_B800.jsonl
C4_share_medium,balanced,1000,cosma,18.0,49499.0,49499.0,49499.0,66422.0,2,0.800801,0.499307,cosma_B1000.csv,pairs_B1000.jsonl
C4_share_medium,balanced,200,freese,12.0,769.0,769.0,769.0,2257.5,2,0.731156,0.747316,freese_B200.csv,pairs_B200.jsonl
C4_share_medium,balanced,400,freese,15.0,1454.0,1454.0,1454.0,1471.0,2,0.785714,0.625775,freese_B400.csv,pairs_B400.jsonl
C4_share_medium,balanced,600,freese,18.0,646.0,646.0,646.0,1176.5,2,0.797162,0.558613,freese_B600.csv,pairs_B600.jsonl
C4_share_medium,balanced,800,freese,16.0,915.0,915.0,915.0,2925.5,2,0.797247,0.523125,freese_B800.csv,pairs_B800.jsonl
C4_share_medium,balanced,1000,freese,18.0,2291.0,2291.0,2291.0,3704.5,2,0.800801,0.499307,freese_B1000.csv,pairs_B1000.jsonl
C4_share_medium,balanced,200,hunt,12.0,15572.0,15572.0,15572.0,26024.5,2,0.731156,0.747316,hunt_B200.csv,pairs_B200.jsonl
C4_share_medium,balanced,400,hunt,15.0,49902.0,49902.0,49902.0,68147.5,2,0.785714,0.625775,hunt_B400.csv,pairs_B400.jsonl
C4_share_medium,balanced,600,hunt,18.0,90715.0,90715.0,90715.0,109264.0,2,0.797162,0.558613,hunt_B600.csv,pairs_B600.jsonl
C4_share_medium,balanced,800,hunt,16.0,146477.0,146477.0,146477.0,159559.5,2,0.797247,0.523125,hunt_B800.csv,pairs_B800.jsonl
C4_share_medium,balanced,1000,hunt,18.0,205862.0,205862.0,205862.0,213126.5,2,0.800801,0.499307,hunt_B1000.csv,pairs_B1000.jsonl
C4_share_medium,balanced,200,whitman,12.0,138.0,138.0,138.0,399.5,2,0.731156,0.747316,whitman_B200.csv,pairs_B200.jsonl
C4_share_medium,balanced,400,whitman,15.0,340.0,340.0,340.0,503.5,2,0.785714,0.625775,whitman_B400.csv,pairs_B400.jsonl
C4_share_medium,balanced,600,whitman,18.0,179.0,179.0,179.0,710.0,2,0.797162,0.558613,whitman_B600.csv,pairs_B600.jsonl
C4_share_medium,balanced,800,whitman,16.0,124.0,124.0,124.0,450.5,2,0.797247,0.523125,whitman_B800.csv,pairs_B800.jsonl
C4_share_medium,balanced,1000,whitman,18.0,1775.0,1775.0,1775.0,2700.0,2,0.800801,0.499307,whitman_B1000.csv,pairs_B1000.jsonl
