engine,pair_id,u_leq_v,v_leq_u,eq,uv_us,vu_us,total_us,uv_stats,vu_stats,uv_working_set,uv_peak_working_set,uv_private_bytes,vu_working_set,vu_peak_working_set,vu_private_bytes,uv_error,vu_error,representation
cosmadakis,0,0,0,0,384,361,745,"{""N"":62,""arcs_enqueued"":122,""arcs_processed"":122,""max_queue"":122}","{""N"":62,""arcs_enqueued"":122,""arcs_processed"":122,""max_queue"":122}",17580032,17580032,0,17580032,17580032,0,"","",canonical
cosmadakis,1,0,0,0,352,353,705,"{""N"":62,""arcs_enqueued"":122,""arcs_processed"":122,""max_queue"":122}","{""N"":62,""arcs_enqueued"":122,""arcs_processed"":122,""max_queue"":122}",17580032,17580032,0,17580032,17580032,0,"","",canonical
cosmadakis,2,0,0,0,361,427,788,"{""N"":62,""arcs_enqueued"":122,""arcs_processed"":122,""max_queue"":122}","{""N"":62,""arcs_enqueued"":122,""arcs_processed"":122,""max_queue"":122}",17580032,17580032,0,17580032,17580032,0,"","",canonical
cosmadakis,3,0,0,0,516,505,1021,"{""N"":62,""arcs_enqueued"":122,""arcs_processed"":122,""max_queue"":122}","{""N"":62,""arcs_enqueued"":122,""arcs_processed"":122,""max_queue"":122}",17580032,17580032,0,17580032,17580032,0,"","",canonical
cosmadakis,4,0,0,0,497,499,996,"{""N"":62,""arcs_enqueued"":122,""arcs_processed"":122,""max_queue"":122}","{""N"":62,""arcs_enqueued"":122,""arcs_processed"":122,""max_queue"":122}",17580032,17580032,0,17580032,17580032,0,"","",canonical
cosmadakis,5,0,0,0,511,502,1013,"{""N"":62,""arcs_enqueued"":122,""arcs_processed"":122,""max_queue"":122}","{""N"":62,""arcs_enqueued"":122,""arcs_processed"":122,""max_queue"":122}",17580032,17580032,0,17580032,17580032,0,"","",canonical
cosmadakis,6,0,0,0,497,501,998,"{""N"":62,""arcs_enqueued"":122,""arcs_processed"":122,""max_queue"":122}","{""N"":62,""arcs_enqueued"":122,""arcs_processed"":122,""max_queue"":122}",17580032,17580032,0,17580032,17580032,0,"","",canonical
cosmadakis,7,0,0,0,497,500,997,"{""N"":62,""arcs_enqueued"":122,""arcs_processed"":122,""max_queue"":122}","{""N"":62,""arcs_enqueued"":122,""arcs_processed"":122,""max_queue"":122}",17580032,17580032,0,17580032,17580032,0,"","",canonical
cosmadakis,8,0,0,0,495,498,993,"{""N"":62,""arcs_enqueued"":122,""arcs_processed"":122,""max_queue"":122}","{""N"":62,""arcs_enqueued"":122,""arcs_processed"":122,""max_queue"":122}",17580032,17580032,0,17580032,17580032,0,"","",canonical
cosmadakis,9,0,0,0,494,496,990,"{""N"":61,""arcs_enqueued"":121,""arcs_processed"":121,""max_queue"":121}","{""N"":61,""arcs_enqueued"":121,""arcs_processed"":121,""max_queue"":121}",17580032,17580032,0,17580032,17580032,0,"","",canonical
cosmadakis,10,0,0,0,499,514,1013,"{""N"":62,""arcs_enqueued"":122,""arcs_processed"":122,""max_queue"":122}","{""N"":62,""arcs_enqueued"":122,""arcs_processed"":122,""max_queue"":122}",17580032,17580032,0,17580032,17580032,0,"","",canonical
cosmadakis,11,0,0,0,495,517,1012,"{""N"":62,""arcs_enqueued"":122,""arcs_processed"":122,""max_queue"":122}","{""N"":62,""arcs_enqueued"":122,""arcs_processed"":122,""max_queue"":122}",17580032,17580032,0,17580032,17580032,0,"","",canonical
cosmadakis,12,0,0,0,497,502,999,"{""N"":62,""arcs_enqueued"":122,""arcs_processed"":122,""max_queue"":122}","{""N"":62,""arcs_enqueued"":122,""arcs_processed"":122,""max_queue"":122}",17580032,17580032,0,17580032,17580032,0,"","",canonical
cosmadakis,13,0,0,0,320,316,636,"{""N"":62,""arcs_enqueued"":122,""arcs_processed"":122,""max_queue"":122}","{""N"":62,""arcs_enqueued"":122,""arcs_processed"":122,""max_queue"":122}",17580032,17580032,0,17580032,17580032,0,"","",canonical
cosmadakis,14,0,0,0,313,317,630,"{""N"":62,""arcs_enqueued"":122,""arcs_processed"":122,""max_queue"":122}","{""N"":62,""arcs_enqueued"":122,""arcs_processed"":122,""max_queue"":122}",17580032,17580032,0,17580032,17580032,0,"","",canonical
cosmadakis,15,0,0,0,312,315,627,"{""N"":62,""arcs_enqueued"":122,""arcs_processed"":122,""max_queue"":122}","{""N"":62,""arcs_enqueued"":122,""arcs_processed"":122,""max_queue"":122}",17580032,17580032,0,17580032,17580032,0,"","",canonical
cosmadakis,16,0,0,0,313,315,628,"{""N"":62,""arcs_enqueued"":122,""arcs_processed"":122,""max_queue"":122}","{""N"":62,""arcs_enqueued"":122,""arcs_processed"":122,""max_queue"":122}",17580032,17580032,0,17580032,17580032,0,"","",canonical
cosmadakis,17,0,0,0,315,333,648,"{""N"":62,""arcs_enqueued"":122,""arcs_processed"":122,""max_queue"":122}","{""N"":62,""arcs_enqueued"":122,""arcs_processed"":122,""max_queue"":122}",17580032,17580032,0,17580032,17580032,0,"","",canonical
cosmadakis,18,0,0,0,314,316,630,"{""N"":62,""arcs_enqueued"":122,""arcs_processed"":122,""max_queue"":122}","{""N"":62,""arcs_enqueued"":122,""arcs_processed"":122,""max_queue"":122}",17580032,17580032,0,17580032,17580032,0,"","",canonical
cosmadakis,19,0,0,0,313,316,629,"{""N"":62,""arcs_enqueued"":122,""arcs_processed"":122,""max_queue"":122}","{""N"":62,""arcs_enqueued"":122,""arcs_processed"":122,""max_queue"":122}",17580032,17580032,0,17580032,17580032,0,"","",canonical
cosmadakis,20,0,0,0,313,314,627,"{""N"":62,""arcs_enqueued"":122,""arcs_processed"":122,""max_queue"":122}","{""N"":62,""arcs_enqueued"":122,""arcs_processed"":122,""max_queue"":122}",17580032,17580032,0,17580032,17580032,0,"","",canonical
cosmadakis,21,0,0,0,314,314,628,"{""N"":62,""arcs_enqueued"":122,""arcs_processed"":122,""max_queue"":122}","{""N"":62,""arcs_enqueued"":122,""arcs_processed"":122,""max_queue"":122}",17580032,17580032,0,17580032,17580032,0,"","",canonical
cosmadakis,22,0,0,0,323,316,639,"{""N"":62,""arcs_enqueued"":122,""arcs_processed"":122,""max_queue"":122}","{""N"":62,""arcs_enqueued"":122,""arcs_processed"":122,""max_queue"":122}",17580032,17580032,0,17580032,17580032,0,"","",canonical
cosmadakis,23,0,0,0,313,315,628,"{""N"":62,""arcs_enqueued"":122,""arcs_processed"":122,""max_queue"":122}","{""N"":62,""arcs_enqueued"":122,""arcs_processed"":122,""max_queue"":122}",17580032,17580032,0,17580032,17580032,0,"","",canonical
cosmadakis,24,0,0,0,213,214,427,"{""N"":62,""arcs_enqueued"":122,""arcs_processed"":122,""max_queue"":122}","{""N"":62,""arcs_enqueued"":122,""arcs_processed"":122,""max_queue"":122}",17580032,17580032,0,17580032,17580032,0,"","",canonical
cosmadakis,25,0,0,0,215,214,429,"{""N"":62,""arcs_enqueued"":122,""arcs_processed"":122,""max_queue"":122}","{""N"":62,""arcs_enqueued"":122,""arcs_processed"":122,""max_queue"":122}",17580032,17580032,0,17580032,17580032,0,"","",canonical
cosmadakis,26,0,0,0,212,215,427,"{""N"":62,""arcs_enqueued"":122,""arcs_processed"":122,""max_queue"":122}","{""N"":62,""arcs_enqueued"":122,""arcs_processed"":122,""max_queue"":122}",17580032,17580032,0,17580032,17580032,0,"","",canonical
cosmadakis,27,0,0,0,232,214,446,"{""N"":62,""arcs_enqueued"":122,""arcs_processed"":122,""max_queue"":122}","{""N"":62,""arcs_enqueued"":122,""arcs_processed"":122,""max_queue"":122}",17580032,17580032,0,17580032,17580032,0,"","",canonical
cosmadakis,28,0,0,0,212,214,426,"{""N"":62,""arcs_enqueued"":122,""arcs_processed"":122,""max_queue"":122}","{""N"":62,""arcs_enqueued"":122,""arcs_processed"":122,""max_queue"":122}",17580032,17580032,0,17580032,17580032,0,"","",canonical
cosmadakis,29,0,0,0,213,213,426,"{""N"":62,""arcs_enqueued"":122,""arcs_processed"":122,""max_queue"":122}","{""N"":62,""arcs_enqueued"":122,""arcs_processed"":122,""max_queue"":122}",17580032,17580032,0,17580032,17580032,0,"","",canonical
cosmadakis,30,0,0,0,213,214,427,"{""N"":62,""arcs_enqueued"":122,""arcs_processed"":122,""max_queue"":122}","{""N"":62,""arcs_enqueued"":122,""arcs_processed"":122,""max_queue"":122}",17580032,17580032,0,17580032,17580032,0,"","",canonical
cosmadakis,31,0,0,0,212,213,425,"{""N"":62,""arcs_enqueued"":122,""arcs_processed"":122,""max_queue"":122}","{""N"":62,""arcs_enqueued"":122,""arcs_processed"":122,""max_queue"":122}",17580032,17580032,0,17580032,17580032,0,"","",canonical
