engine,pair_id,u_leq_v,v_leq_u,eq,uv_us,vu_us,total_us,uv_stats,vu_stats,uv_working_set,uv_peak_working_set,uv_private_bytes,vu_working_set,vu_peak_working_set,vu_private_bytes,uv_error,vu_error,representation
cosmadakis,0,0,0,0,2545,2375,4920,"{""N"":251,""arcs_enqueued"":503,""arcs_processed"":503,""max_queue"":503}","{""N"":251,""arcs_enqueued"":503,""arcs_processed"":503,""max_queue"":503}",18120704,18120704,0,18120704,18120704,0,"","",canonical
cosmadakis,1,0,0,0,2362,2073,4435,"{""N"":253,""arcs_enqueued"":506,""arcs_processed"":506,""max_queue"":506}","{""N"":253,""arcs_enqueued"":506,""arcs_processed"":506,""max_queue"":506}",18120704,18120704,0,18120704,18120704,0,"","",canonical
cosmadakis,2,0,0,0,2231,2396,4627,"{""N"":252,""arcs_enqueued"":506,""arcs_processed"":506,""max_queue"":506}","{""N"":252,""arcs_enqueued"":506,""arcs_processed"":506,""max_queue"":506}",18120704,18120704,0,18120704,18120704,0,"","",canonical
cosmadakis,3,0,0,0,2361,2353,4714,"{""N"":249,""arcs_enqueued"":503,""arcs_processed"":503,""max_queue"":503}","{""N"":249,""arcs_enqueued"":503,""arcs_processed"":503,""max_queue"":503}",18120704,18120704,0,18120704,18120704,0,"","",canonical
cosmadakis,4,0,0,0,1501,1553,3054,"{""N"":254,""arcs_enqueued"":506,""arcs_processed"":506,""max_queue"":506}","{""N"":254,""arcs_enqueued"":506,""arcs_processed"":506,""max_queue"":506}",18120704,18120704,0,18120704,18120704,0,"","",canonical
cosmadakis,5,0,0,0,1481,1481,2962,"{""N"":251,""arcs_enqueued"":502,""arcs_processed"":502,""max_queue"":502}","{""N"":251,""arcs_enqueued"":502,""arcs_processed"":502,""max_queue"":502}",18120704,18120704,0,18120704,18120704,0,"","",canonical
cosmadakis,6,0,0,0,1261,1006,2267,"{""N"":253,""arcs_enqueued"":505,""arcs_processed"":505,""max_queue"":505}","{""N"":253,""arcs_enqueued"":505,""arcs_processed"":505,""max_queue"":505}",18120704,18120704,0,18120704,18120704,0,"","",canonical
cosmadakis,7,0,0,0,1001,1005,2006,"{""N"":252,""arcs_enqueued"":505,""arcs_processed"":505,""max_queue"":505}","{""N"":252,""arcs_enqueued"":505,""arcs_processed"":505,""max_queue"":505}",18120704,18120704,0,18120704,18120704,0,"","",canonical
cosmadakis,8,0,0,0,1004,1001,2005,"{""N"":249,""arcs_enqueued"":503,""arcs_processed"":503,""max_queue"":503}","{""N"":249,""arcs_enqueued"":503,""arcs_processed"":503,""max_queue"":503}",18120704,18120704,0,18120704,18120704,0,"","",canonical
cosmadakis,9,0,0,0,1004,1010,2014,"{""N"":252,""arcs_enqueued"":505,""arcs_processed"":505,""max_queue"":505}","{""N"":252,""arcs_enqueued"":505,""arcs_processed"":505,""max_queue"":505}",18120704,18120704,0,18120704,18120704,0,"","",canonical
cosmadakis,10,0,0,0,666,670,1336,"{""N"":252,""arcs_enqueued"":504,""arcs_processed"":504,""max_queue"":504}","{""N"":252,""arcs_enqueued"":504,""arcs_processed"":504,""max_queue"":504}",18120704,18120704,0,18120704,18120704,0,"","",canonical
cosmadakis,11,0,0,0,669,672,1341,"{""N"":254,""arcs_enqueued"":506,""arcs_processed"":506,""max_queue"":506}","{""N"":254,""arcs_enqueued"":506,""arcs_processed"":506,""max_queue"":506}",18120704,18120704,0,18120704,18120704,0,"","",canonical
cosmadakis,12,0,0,0,666,670,1336,"{""N"":251,""arcs_enqueued"":503,""arcs_processed"":503,""max_queue"":503}","{""N"":251,""arcs_enqueued"":503,""arcs_processed"":503,""max_queue"":503}",18120704,18120704,0,18120704,18120704,0,"","",canonical
cosmadakis,13,0,0,0,668,671,1339,"{""N"":252,""arcs_enqueued"":505,""arcs_processed"":505,""max_queue"":505}","{""N"":252,""arcs_enqueued"":505,""arcs_processed"":505,""max_queue"":505}",18120704,18120704,0,18120704,18120704,0,"","",canonical
cosmadakis,14,0,0,0,669,671,1340,"{""N"":253,""arcs_enqueued"":505,""arcs_processed"":505,""max_queue"":505}","{""N"":253,""arcs_enqueued"":505,""arcs_processed"":505,""max_queue"":505}",18120704,18120704,0,18120704,18120704,0,"","",canonical
cosmadakis,15,0,0,0,663,632,1295,"{""N"":249,""arcs_enqueued"":502,""arcs_processed"":502,""max_queue"":502}","{""N"":249,""arcs_enqueued"":502,""arcs_processed"":502,""max_queue"":502}",18120704,18120704,0,18120704,18120704,0,"","",canonical
cosmadakis,16,0,0,0,641,656,1297,"{""N"":252,""arcs_enqueued"":505,""arcs_processed"":505,""max_queue"":505}","{""N"":252,""arcs_enqueued"":505,""arcs_processed"":505,""max_queue"":505}",18120704,18120704,0,18120704,18120704,0,"","",canonical
cosmadakis,17,0,0,0,615,613,1228,"{""N"":254,""arcs_enqueued"":506,""arcs_processed"":506,""max_queue"":506}","{""N"":254,""arcs_enqueued"":506,""arcs_processed"":506,""max_queue"":506}",18120704,18120704,0,18120704,18120704,0,"","",canonical
cosmadakis,18,0,0,0,614,641,1255,"{""N"":248,""arcs_enqueued"":505,""arcs_processed"":505,""max_queue"":505}","{""N"":248,""arcs_enqueued"":505,""arcs_processed"":505,""max_queue"":505}",18120704,18120704,0,18120704,18120704,0,"","",canonical
cosmadakis,19,0,0,0,670,614,1284,"{""N"":253,""arcs_enqueued"":505,""arcs_processed"":505,""max_queue"":505}","{""N"":253,""arcs_enqueued"":505,""arcs_processed"":505,""max_queue"":505}",18120704,18120704,0,18120704,18120704,0,"","",canonical
cosmadakis,20,0,0,0,611,616,1227,"{""N"":252,""arcs_enqueued"":506,""arcs_processed"":506,""max_queue"":506}","{""N"":252,""arcs_enqueued"":506,""arcs_processed"":506,""max_queue"":506}",18120704,18120704,0,18120704,18120704,0,"","",canonical
cosmadakis,21,0,0,0,656,657,1313,"{""N"":254,""arcs_enqueued"":506,""arcs_processed"":506,""max_queue"":506}","{""N"":254,""arcs_enqueued"":506,""arcs_processed"":506,""max_queue"":506}",18120704,18120704,0,18120704,18120704,0,"","",canonical
cosmadakis,22,0,0,0,608,612,1220,"{""N"":251,""arcs_enqueued"":504,""arcs_processed"":504,""max_queue"":504}","{""N"":251,""arcs_enqueued"":504,""arcs_processed"":504,""max_queue"":504}",18120704,18120704,0,18120704,18120704,0,"","",canonical
cosmadakis,23,0,0,0,644,665,1309,"{""N"":251,""arcs_enqueued"":504,""arcs_processed"":504,""max_queue"":504}","{""N"":251,""arcs_enqueued"":504,""arcs_processed"":504,""max_queue"":504}",18120704,18120704,0,18120704,18120704,0,"","",canonical
cosmadakis,24,0,0,0,607,615,1222,"{""N"":250,""arcs_enqueued"":504,""arcs_processed"":504,""max_queue"":504}","{""N"":250,""arcs_enqueued"":504,""arcs_processed"":504,""max_queue"":504}",18120704,18120704,0,18120704,18120704,0,"","",canonical
cosmadakis,25,0,0,0,614,652,1266,"{""N"":253,""arcs_enqueued"":505,""arcs_processed"":505,""max_queue"":505}","{""N"":253,""arcs_enqueued"":505,""arcs_processed"":505,""max_queue"":505}",18120704,18120704,0,18120704,18120704,0,"","",canonical
cosmadakis,26,0,0,0,650,631,1281,"{""N"":252,""arcs_enqueued"":504,""arcs_processed"":504,""max_queue"":504}","{""N"":252,""arcs_enqueued"":504,""arcs_processed"":504,""max_queue"":504}",18120704,18120704,0,18120704,18120704,0,"","",canonical
cosmadakis,27,0,0,0,609,613,1222,"{""N"":250,""arcs_enqueued"":505,""arcs_processed"":505,""max_queue"":505}","{""N"":250,""arcs_enqueued"":505,""arcs_processed"":505,""max_queue"":505}",18120704,18120704,0,18120704,18120704,0,"","",canonical
cosmadakis,28,0,0,0,609,612,1221,"{""N"":252,""arcs_enqueued"":504,""arcs_processed"":504,""max_queue"":504}","{""N"":252,""arcs_enqueued"":504,""arcs_processed"":504,""max_queue"":504}",18120704,18120704,0,18120704,18120704,0,"","",canonical
cosmadakis,29,0,0,0,611,614,1225,"{""N"":253,""arcs_enqueued"":505,""arcs_processed"":505,""max_queue"":505}","{""N"":253,""arcs_enqueued"":505,""arcs_processed"":505,""max_queue"":505}",18120704,18120704,0,18120704,18120704,0,"","",canonical
cosmadakis,30,0,0,0,611,612,1223,"{""N"":251,""arcs_enqueued"":505,""arcs_processed"":505,""max_queue"":505}","{""N"":251,""arcs_enqueued"":505,""arcs_processed"":505,""max_queue"":505}",18120704,18120704,0,18120704,18120704,0,"","",canonical
cosmadakis,31,0,0,0,610,611,1221,"{""N"":252,""arcs_enqueued"":504,""arcs_processed"":504,""max_queue"":504}","{""N"":252,""arcs_enqueued"":504,""arcs_processed"":504,""max_queue"":504}",18120704,18120704,0,18120704,18120704,0,"","",canonical
