engine,pair_id,u_leq_v,v_leq_u,eq,uv_us,vu_us,total_us,uv_stats,vu_stats,uv_working_set,uv_peak_working_set,uv_private_bytes,vu_working_set,vu_peak_working_set,vu_private_bytes,uv_error,vu_error,representation
cosmadakis,0,0,0,0,1148,1068,2216,"{""N"":125,""arcs_enqueued"":249,""arcs_processed"":249,""max_queue"":249}","{""N"":125,""arcs_enqueued"":249,""arcs_processed"":249,""max_queue"":249}",17850368,17850368,0,17850368,17850368,0,"","",canonical
cosmadakis,1,0,0,0,1059,1058,2117,"{""N"":126,""arcs_enqueued"":250,""arcs_processed"":250,""max_queue"":250}","{""N"":126,""arcs_enqueued"":250,""arcs_processed"":250,""max_queue"":250}",17850368,17850368,0,17850368,17850368,0,"","",canonical
cosmadakis,2,0,0,0,1053,1064,2117,"{""N"":126,""arcs_enqueued"":250,""arcs_processed"":250,""max_queue"":250}","{""N"":126,""arcs_enqueued"":250,""arcs_processed"":250,""max_queue"":250}",17850368,17850368,0,17850368,17850368,0,"","",canonical
cosmadakis,3,0,0,0,1039,1043,2082,"{""N"":123,""arcs_enqueued"":246,""arcs_processed"":246,""max_queue"":246}","{""N"":123,""arcs_enqueued"":246,""arcs_processed"":246,""max_queue"":246}",17850368,17850368,0,17850368,17850368,0,"","",canonical
cosmadakis,4,0,0,0,1060,1013,2073,"{""N"":126,""arcs_enqueued"":250,""arcs_processed"":250,""max_queue"":250}","{""N"":126,""arcs_enqueued"":250,""arcs_processed"":250,""max_queue"":250}",17850368,17850368,0,17850368,17850368,0,"","",canonical
cosmadakis,5,0,0,0,663,661,1324,"{""N"":126,""arcs_enqueued"":250,""arcs_processed"":250,""max_queue"":250}","{""N"":126,""arcs_enqueued"":250,""arcs_processed"":250,""max_queue"":250}",17850368,17850368,0,17850368,17850368,0,"","",canonical
cosmadakis,6,0,0,0,659,664,1323,"{""N"":126,""arcs_enqueued"":250,""arcs_processed"":250,""max_queue"":250}","{""N"":126,""arcs_enqueued"":250,""arcs_processed"":250,""max_queue"":250}",17850368,17850368,0,17850368,17850368,0,"","",canonical
cosmadakis,7,0,0,0,666,663,1329,"{""N"":126,""arcs_enqueued"":250,""arcs_processed"":250,""max_queue"":250}","{""N"":126,""arcs_enqueued"":250,""arcs_processed"":250,""max_queue"":250}",17850368,17850368,0,17850368,17850368,0,"","",canonical
cosmadakis,8,0,0,0,665,666,1331,"{""N"":125,""arcs_enqueued"":250,""arcs_processed"":250,""max_queue"":250}","{""N"":125,""arcs_enqueued"":250,""arcs_processed"":250,""max_queue"":250}",17850368,17850368,0,17850368,17850368,0,"","",canonical
cosmadakis,9,0,0,0,664,664,1328,"{""N"":126,""arcs_enqueued"":250,""arcs_processed"":250,""max_queue"":250}","{""N"":126,""arcs_enqueued"":250,""arcs_processed"":250,""max_queue"":250}",17850368,17850368,0,17850368,17850368,0,"","",canonical
cosmadakis,10,0,0,0,540,435,975,"{""N"":124,""arcs_enqueued"":251,""arcs_processed"":251,""max_queue"":251}","{""N"":124,""arcs_enqueued"":251,""arcs_processed"":251,""max_queue"":251}",17850368,17850368,0,17850368,17850368,0,"","",canonical
cosmadakis,11,0,0,0,432,435,867,"{""N"":125,""arcs_enqueued"":250,""arcs_processed"":250,""max_queue"":250}","{""N"":125,""arcs_enqueued"":250,""arcs_processed"":250,""max_queue"":250}",17850368,17850368,0,17850368,17850368,0,"","",canonical
cosmadakis,12,0,0,0,433,434,867,"{""N"":125,""arcs_enqueued"":249,""arcs_processed"":249,""max_queue"":249}","{""N"":125,""arcs_enqueued"":249,""arcs_processed"":249,""max_queue"":249}",17850368,17850368,0,17850368,17850368,0,"","",canonical
cosmadakis,13,0,0,0,438,433,871,"{""N"":124,""arcs_enqueued"":249,""arcs_processed"":249,""max_queue"":249}","{""N"":124,""arcs_enqueued"":249,""arcs_processed"":249,""max_queue"":249}",17850368,17850368,0,17850368,17850368,0,"","",canonical
cosmadakis,14,0,0,0,433,437,870,"{""N"":126,""arcs_enqueued"":250,""arcs_processed"":250,""max_queue"":250}","{""N"":126,""arcs_enqueued"":250,""arcs_processed"":250,""max_queue"":250}",17850368,17850368,0,17850368,17850368,0,"","",canonical
cosmadakis,15,0,0,0,436,436,872,"{""N"":125,""arcs_enqueued"":249,""arcs_processed"":249,""max_queue"":249}","{""N"":125,""arcs_enqueued"":249,""arcs_processed"":249,""max_queue"":249}",17850368,17850368,0,17850368,17850368,0,"","",canonical
cosmadakis,16,0,0,0,438,436,874,"{""N"":126,""arcs_enqueued"":250,""arcs_processed"":250,""max_queue"":250}","{""N"":126,""arcs_enqueued"":250,""arcs_processed"":250,""max_queue"":250}",17850368,17850368,0,17850368,17850368,0,"","",canonical
cosmadakis,17,0,0,0,436,434,870,"{""N"":125,""arcs_enqueued"":250,""arcs_processed"":250,""max_queue"":250}","{""N"":125,""arcs_enqueued"":250,""arcs_processed"":250,""max_queue"":250}",17850368,17850368,0,17850368,17850368,0,"","",canonical
cosmadakis,18,0,0,0,434,311,745,"{""N"":124,""arcs_enqueued"":249,""arcs_processed"":249,""max_queue"":249}","{""N"":124,""arcs_enqueued"":249,""arcs_processed"":249,""max_queue"":249}",17850368,17850368,0,17850368,17850368,0,"","",canonical
cosmadakis,19,0,0,0,291,292,583,"{""N"":125,""arcs_enqueued"":249,""arcs_processed"":249,""max_queue"":249}","{""N"":125,""arcs_enqueued"":249,""arcs_processed"":249,""max_queue"":249}",17850368,17850368,0,17850368,17850368,0,"","",canonical
cosmadakis,20,0,0,0,296,294,590,"{""N"":126,""arcs_enqueued"":250,""arcs_processed"":250,""max_queue"":250}","{""N"":126,""arcs_enqueued"":250,""arcs_processed"":250,""max_queue"":250}",17850368,17850368,0,17850368,17850368,0,"","",canonical
cosmadakis,21,0,0,0,294,293,587,"{""N"":126,""arcs_enqueued"":250,""arcs_processed"":250,""max_queue"":250}","{""N"":126,""arcs_enqueued"":250,""arcs_processed"":250,""max_queue"":250}",17850368,17850368,0,17850368,17850368,0,"","",canonical
cosmadakis,22,0,0,0,310,293,603,"{""N"":125,""arcs_enqueued"":250,""arcs_processed"":250,""max_queue"":250}","{""N"":125,""arcs_enqueued"":250,""arcs_processed"":250,""max_queue"":250}",17850368,17850368,0,17850368,17850368,0,"","",canonical
cosmadakis,23,0,0,0,293,294,587,"{""N"":126,""arcs_enqueued"":250,""arcs_processed"":250,""max_queue"":250}","{""N"":126,""arcs_enqueued"":250,""arcs_processed"":250,""max_queue"":250}",17850368,17850368,0,17850368,17850368,0,"","",canonical
cosmadakis,24,0,0,0,293,293,586,"{""N"":126,""arcs_enqueued"":250,""arcs_processed"":250,""max_queue"":250}","{""N"":126,""arcs_enqueued"":250,""arcs_processed"":250,""max_queue"":250}",17850368,17850368,0,17850368,17850368,0,"","",canonical
cosmadakis,25,0,0,0,294,295,589,"{""N"":126,""arcs_enqueued"":250,""arcs_processed"":250,""max_queue"":250}","{""N"":126,""arcs_enqueued"":250,""arcs_processed"":250,""max_queue"":250}",17850368,17850368,0,17850368,17850368,0,"","",canonical
cosmadakis,26,0,0,0,293,293,586,"{""N"":126,""arcs_enqueued"":250,""arcs_processed"":250,""max_queue"":250}","{""N"":126,""arcs_enqueued"":250,""arcs_processed"":250,""max_queue"":250}",17850368,17850368,0,17850368,17850368,0,"","",canonical
cosmadakis,27,0,0,0,294,293,587,"{""N"":126,""arcs_enqueued"":250,""arcs_processed"":250,""max_queue"":250}","{""N"":126,""arcs_enqueued"":250,""arcs_processed"":250,""max_queue"":250}",17850368,17850368,0,17850368,17850368,0,"","",canonical
cosmadakis,28,0,0,0,292,292,584,"{""N"":125,""arcs_enqueued"":249,""arcs_processed"":249,""max_queue"":249}","{""N"":125,""arcs_enqueued"":249,""arcs_processed"":249,""max_queue"":249}",17850368,17850368,0,17850368,17850368,0,"","",canonical
cosmadakis,29,0,0,0,293,296,589,"{""N"":125,""arcs_enqueued"":249,""arcs_processed"":249,""max_queue"":249}","{""N"":125,""arcs_enqueued"":249,""arcs_processed"":249,""max_queue"":249}",17850368,17850368,0,17850368,17850368,0,"","",canonical
cosmadakis,30,0,0,0,308,293,601,"{""N"":126,""arcs_enqueued"":250,""arcs_processed"":250,""max_queue"":250}","{""N"":126,""arcs_enqueued"":250,""arcs_processed"":250,""max_queue"":250}",17850368,17850368,0,17850368,17850368,0,"","",canonical
cosmadakis,31,0,0,0,299,290,589,"{""N"":125,""arcs_enqueued"":249,""arcs_processed"":249,""max_queue"":249}","{""N"":125,""arcs_enqueued"":249,""arcs_processed"":249,""max_queue"":249}",17850368,17850368,0,17850368,17850368,0,"","",canonical
