engine,pair_id,u_leq_v,v_leq_u,eq,uv_us,vu_us,total_us,uv_stats,vu_stats,uv_working_set,uv_peak_working_set,uv_private_bytes,vu_working_set,vu_peak_working_set,vu_private_bytes,uv_error,vu_error,representation
cosmadakis,0,0,0,0,24873,16802,41675,"{""N"":1941,""arcs_enqueued"":4042,""arcs_processed"":4042,""max_queue"":4042}","{""N"":1941,""arcs_enqueued"":4042,""arcs_processed"":4042,""max_queue"":4042}",19472384,19472384,0,19472384,19472384,0,"","",canonical
cosmadakis,1,0,0,0,13816,13722,27538,"{""N"":1906,""arcs_enqueued"":4027,""arcs_processed"":4027,""max_queue"":4027}","{""N"":1906,""arcs_enqueued"":4027,""arcs_processed"":4027,""max_queue"":4027}",19472384,19472384,0,19472384,19472384,0,"","",canonical
cosmadakis,2,0,0,0,13573,13610,27183,"{""N"":1918,""arcs_enqueued"":4017,""arcs_processed"":4017,""max_queue"":4017}","{""N"":1918,""arcs_enqueued"":4017,""arcs_processed"":4017,""max_queue"":4017}",19472384,19472384,0,19472384,19472384,0,"","",canonical
cosmadakis,3,0,0,0,13685,13720,27405,"{""N"":1929,""arcs_enqueued"":4032,""arcs_processed"":4032,""max_queue"":4032}","{""N"":1929,""arcs_enqueued"":4032,""arcs_processed"":4032,""max_queue"":4032}",19472384,19472384,0,19472384,19472384,0,"","",canonical
cosmadakis,4,0,0,0,13558,13596,27154,"{""N"":1912,""arcs_enqueued"":4032,""arcs_processed"":4032,""max_queue"":4032}","{""N"":1912,""arcs_enqueued"":4032,""arcs_processed"":4032,""max_queue"":4032}",19472384,19472384,0,19472384,19472384,0,"","",canonical
cosmadakis,5,0,0,0,13564,13591,27155,"{""N"":1915,""arcs_enqueued"":4020,""arcs_processed"":4020,""max_queue"":4020}","{""N"":1915,""arcs_enqueued"":4020,""arcs_processed"":4020,""max_queue"":4020}",19472384,19472384,0,19472384,19472384,0,"","",canonical
cosmadakis,6,0,0,0,13659,13665,27324,"{""N"":1928,""arcs_enqueued"":4030,""arcs_processed"":4030,""max_queue"":4030}","{""N"":1928,""arcs_enqueued"":4030,""arcs_processed"":4030,""max_queue"":4030}",19472384,19472384,0,19472384,19472384,0,"","",canonical
cosmadakis,7,0,0,0,13639,13667,27306,"{""N"":1927,""arcs_enqueued"":4044,""arcs_processed"":4044,""max_queue"":4044}","{""N"":1927,""arcs_enqueued"":4044,""arcs_processed"":4044,""max_queue"":4044}",19472384,19472384,0,19472384,19472384,0,"","",canonical
cosmadakis,8,0,0,0,13651,13668,27319,"{""N"":1933,""arcs_enqueued"":4031,""arcs_processed"":4031,""max_queue"":4031}","{""N"":1933,""arcs_enqueued"":4031,""arcs_processed"":4031,""max_queue"":4031}",19472384,19472384,0,19472384,19472384,0,"","",canonical
cosmadakis,9,0,0,0,13684,13711,27395,"{""N"":1934,""arcs_enqueued"":4032,""arcs_processed"":4032,""max_queue"":4032}","{""N"":1934,""arcs_enqueued"":4032,""arcs_processed"":4032,""max_queue"":4032}",19472384,19472384,0,19472384,19472384,0,"","",canonical
cosmadakis,10,0,0,0,13655,13681,27336,"{""N"":1923,""arcs_enqueued"":4034,""arcs_processed"":4034,""max_queue"":4034}","{""N"":1923,""arcs_enqueued"":4034,""arcs_processed"":4034,""max_queue"":4034}",19472384,19472384,0,19472384,19472384,0,"","",canonical
cosmadakis,11,0,0,0,13723,13745,27468,"{""N"":1938,""arcs_enqueued"":4036,""arcs_processed"":4036,""max_queue"":4036}","{""N"":1938,""arcs_enqueued"":4036,""arcs_processed"":4036,""max_queue"":4036}",19472384,19472384,0,19472384,19472384,0,"","",canonical
cosmadakis,12,0,0,0,13673,13717,27390,"{""N"":1935,""arcs_enqueued"":4036,""arcs_processed"":4036,""max_queue"":4036}","{""N"":1935,""arcs_enqueued"":4036,""arcs_processed"":4036,""max_queue"":4036}",19472384,19472384,0,19472384,19472384,0,"","",canonical
cosmadakis,13,0,0,0,13649,13650,27299,"{""N"":1925,""arcs_enqueued"":4044,""arcs_processed"":4044,""max_queue"":4044}","{""N"":1925,""arcs_enqueued"":4044,""arcs_processed"":4044,""max_queue"":4044}",19472384,19472384,0,19472384,19472384,0,"","",canonical
cosmadakis,14,0,0,0,13604,13670,27274,"{""N"":1923,""arcs_enqueued"":4043,""arcs_processed"":4043,""max_queue"":4043}","{""N"":1923,""arcs_enqueued"":4043,""arcs_processed"":4043,""max_queue"":4043}",19472384,19472384,0,19472384,19472384,0,"","",canonical
cosmadakis,15,0,0,0,13584,13641,27225,"{""N"":1920,""arcs_enqueued"":4036,""arcs_processed"":4036,""max_queue"":4036}","{""N"":1920,""arcs_enqueued"":4036,""arcs_processed"":4036,""max_queue"":4036}",19472384,19472384,0,19472384,19472384,0,"","",canonical
cosmadakis,16,0,0,0,13674,13681,27355,"{""N"":1932,""arcs_enqueued"":4032,""arcs_processed"":4032,""max_queue"":4032}","{""N"":1932,""arcs_enqueued"":4032,""arcs_processed"":4032,""max_queue"":4032}",19472384,19472384,0,19472384,19472384,0,"","",canonical
cosmadakis,17,0,0,0,13721,14704,28425,"{""N"":1943,""arcs_enqueued"":4043,""arcs_processed"":4043,""max_queue"":4043}","{""N"":1943,""arcs_enqueued"":4043,""arcs_processed"":4043,""max_queue"":4043}",19472384,19472384,0,20688896,20688896,0,"","",canonical
cosmadakis,18,0,0,0,13569,13614,27183,"{""N"":1920,""arcs_enqueued"":4026,""arcs_processed"":4026,""max_queue"":4026}","{""N"":1920,""arcs_enqueued"":4026,""arcs_processed"":4026,""max_queue"":4026}",20688896,20688896,0,20688896,20688896,0,"","",canonical
cosmadakis,19,0,0,0,13591,13626,27217,"{""N"":1918,""arcs_enqueued"":4018,""arcs_processed"":4018,""max_queue"":4018}","{""N"":1918,""arcs_enqueued"":4018,""arcs_processed"":4018,""max_queue"":4018}",20688896,20688896,0,20688896,20688896,0,"","",canonical
cosmadakis,20,0,0,0,13724,13761,27485,"{""N"":1940,""arcs_enqueued"":4050,""arcs_processed"":4050,""max_queue"":4050}","{""N"":1940,""arcs_enqueued"":4050,""arcs_processed"":4050,""max_queue"":4050}",20688896,20688896,0,20688896,20688896,0,"","",canonical
cosmadakis,21,0,0,0,13605,13640,27245,"{""N"":1923,""arcs_enqueued"":4033,""arcs_processed"":4033,""max_queue"":4033}","{""N"":1923,""arcs_enqueued"":4033,""arcs_processed"":4033,""max_queue"":4033}",20688896,20688896,0,20688896,20688896,0,"","",canonical
cosmadakis,22,0,0,0,13608,13669,27277,"{""N"":1924,""arcs_enqueued"":4031,""arcs_processed"":4031,""max_queue"":4031}","{""N"":1924,""arcs_enqueued"":4031,""arcs_processed"":4031,""max_queue"":4031}",20688896,20688896,0,20688896,20688896,0,"","",canonical
cosmadakis,23,0,0,0,13559,13664,27223,"{""N"":1911,""arcs_enqueued"":4033,""arcs_processed"":4033,""max_queue"":4033}","{""N"":1911,""arcs_enqueued"":4033,""arcs_processed"":4033,""max_queue"":4033}",20688896,20688896,0,20688896,20688896,0,"","",canonical
cosmadakis,24,0,0,0,13460,13436,26896,"{""N"":1932,""arcs_enqueued"":4027,""arcs_processed"":4027,""max_queue"":4027}","{""N"":1932,""arcs_enqueued"":4027,""arcs_processed"":4027,""max_queue"":4027}",20688896,20688896,0,20688896,20688896,0,"","",canonical
cosmadakis,25,0,0,0,13611,13645,27256,"{""N"":1922,""arcs_enqueued"":4039,""arcs_processed"":4039,""max_queue"":4039}","{""N"":1922,""arcs_enqueued"":4039,""arcs_processed"":4039,""max_queue"":4039}",20688896,20688896,0,20688896,20688896,0,"","",canonical
cosmadakis,26,0,0,0,13670,13769,27439,"{""N"":1934,""arcs_enqueued"":4033,""arcs_processed"":4033,""max_queue"":4033}","{""N"":1934,""arcs_enqueued"":4033,""arcs_processed"":4033,""max_queue"":4033}",20688896,20688896,0,20688896,20688896,0,"","",canonical
cosmadakis,27,0,0,0,13769,13650,27419,"{""N"":1928,""arcs_enqueued"":4021,""arcs_processed"":4021,""max_queue"":4021}","{""N"":1928,""arcs_enqueued"":4021,""arcs_processed"":4021,""max_queue"":4021}",20688896,20688896,0,20688896,20688896,0,"","",canonical
cosmadakis,28,0,0,0,13389,13437,26826,"{""N"":1930,""arcs_enqueued"":4033,""arcs_processed"":4033,""max_queue"":4033}","{""N"":1930,""arcs_enqueued"":4033,""arcs_processed"":4033,""max_queue"":4033}",20688896,20688896,0,20688896,20688896,0,"","",canonical
cosmadakis,29,0,0,0,13626,13673,27299,"{""N"":1924,""arcs_enqueued"":4040,""arcs_processed"":4040,""max_queue"":4040}","{""N"":1924,""arcs_enqueued"":4040,""arcs_processed"":4040,""max_queue"":4040}",20688896,20688896,0,20688896,20688896,0,"","",canonical
cosmadakis,30,0,0,0,13642,13699,27341,"{""N"":1930,""arcs_enqueued"":4039,""arcs_processed"":4039,""max_queue"":4039}","{""N"":1930,""arcs_enqueued"":4039,""arcs_processed"":4039,""max_queue"":4039}",20688896,20688896,0,20688896,20688896,0,"","",canonical
cosmadakis,31,0,0,0,13718,13813,27531,"{""N"":1927,""arcs_enqueued"":4042,""arcs_processed"":4042,""max_queue"":4042}","{""N"":1927,""arcs_enqueued"":4042,""arcs_processed"":4042,""max_queue"":4042}",20688896,20688896,0,20688896,20688896,0,"","",canonical
