engine,pair_id,u_leq_v,v_leq_u,eq,uv_us,vu_us,total_us,uv_stats,vu_stats,uv_working_set,uv_peak_working_set,uv_private_bytes,vu_working_set,vu_peak_working_set,vu_private_bytes,uv_error,vu_error,representation
cosmadakis,0,0,0,0,136,118,254,"{""N"":14,""arcs_enqueued"":26,""arcs_processed"":26,""max_queue"":26}","{""N"":14,""arcs_enqueued"":26,""arcs_processed"":26,""max_queue"":26}",16769024,16769024,0,16769024,16769024,0,"","",canonical
cosmadakis,1,0,0,0,118,113,231,"{""N"":14,""arcs_enqueued"":26,""arcs_processed"":26,""max_queue"":26}","{""N"":14,""arcs_enqueued"":26,""arcs_processed"":26,""max_queue"":26}",16769024,16769024,0,16769024,16769024,0,"","",canonical
cosmadakis,2,0,0,0,115,113,228,"{""N"":14,""arcs_enqueued"":26,""arcs_processed"":26,""max_queue"":26}","{""N"":14,""arcs_enqueued"":26,""arcs_processed"":26,""max_queue"":26}",16769024,16769024,0,16769024,16769024,0,"","",canonical
cosmadakis,3,0,0,0,115,114,229,"{""N"":14,""arcs_enqueued"":26,""arcs_processed"":26,""max_queue"":26}","{""N"":14,""arcs_enqueued"":26,""arcs_processed"":26,""max_queue"":26}",16769024,16769024,0,16769024,16769024,0,"","",canonical
cosmadakis,4,0,0,0,115,113,228,"{""N"":14,""arcs_enqueued"":26,""arcs_processed"":26,""max_queue"":26}","{""N"":14,""arcs_enqueued"":26,""arcs_processed"":26,""max_queue"":26}",16769024,16769024,0,16769024,16769024,0,"","",canonical
cosmadakis,5,0,0,0,115,113,228,"{""N"":14,""arcs_enqueued"":26,""arcs_processed"":26,""max_queue"":26}","{""N"":14,""arcs_enqueued"":26,""arcs_processed"":26,""max_queue"":26}",16769024,16769024,0,16769024,16769024,0,"","",canonical
cosmadakis,6,0,0,0,116,112,228,"{""N"":14,""arcs_enqueued"":26,""arcs_processed"":26,""max_queue"":26}","{""N"":14,""arcs_enqueued"":26,""arcs_processed"":26,""max_queue"":26}",16769024,16769024,0,16769024,16769024,0,"","",canonical
cosmadakis,7,0,0,0,115,113,228,"{""N"":14,""arcs_enqueued"":26,""arcs_processed"":26,""max_queue"":26}","{""N"":14,""arcs_enqueued"":26,""arcs_processed"":26,""max_queue"":26}",16769024,16769024,0,16769024,16769024,0,"","",canonical
cosmadakis,8,0,0,0,115,113,228,"{""N"":14,""arcs_enqueued"":26,""arcs_processed"":26,""max_queue"":26}","{""N"":14,""arcs_enqueued"":26,""arcs_processed"":26,""max_queue"":26}",16769024,16769024,0,16769024,16769024,0,"","",canonical
cosmadakis,9,0,0,0,120,113,233,"{""N"":14,""arcs_enqueued"":26,""arcs_processed"":26,""max_queue"":26}","{""N"":14,""arcs_enqueued"":26,""arcs_processed"":26,""max_queue"":26}",16769024,16769024,0,16769024,16769024,0,"","",canonical
cosmadakis,10,0,0,0,114,112,226,"{""N"":14,""arcs_enqueued"":26,""arcs_processed"":26,""max_queue"":26}","{""N"":14,""arcs_enqueued"":26,""arcs_processed"":26,""max_queue"":26}",16769024,16769024,0,16769024,16769024,0,"","",canonical
cosmadakis,11,0,0,0,115,113,228,"{""N"":14,""arcs_enqueued"":26,""arcs_processed"":26,""max_queue"":26}","{""N"":14,""arcs_enqueued"":26,""arcs_processed"":26,""max_queue"":26}",16769024,16769024,0,16769024,16769024,0,"","",canonical
cosmadakis,12,0,0,0,115,113,228,"{""N"":14,""arcs_enqueued"":26,""arcs_processed"":26,""max_queue"":26}","{""N"":14,""arcs_enqueued"":26,""arcs_processed"":26,""max_queue"":26}",16769024,16769024,0,16769024,16769024,0,"","",canonical
cosmadakis,13,0,0,0,115,113,228,"{""N"":14,""arcs_enqueued"":26,""arcs_processed"":26,""max_queue"":26}","{""N"":14,""arcs_enqueued"":26,""arcs_processed"":26,""max_queue"":26}",16769024,16769024,0,16769024,16769024,0,"","",canonical
cosmadakis,14,0,0,0,115,114,229,"{""N"":14,""arcs_enqueued"":26,""arcs_processed"":26,""max_queue"":26}","{""N"":14,""arcs_enqueued"":26,""arcs_processed"":26,""max_queue"":26}",16769024,16769024,0,16769024,16769024,0,"","",canonical
cosmadakis,15,0,0,0,120,104,224,"{""N"":14,""arcs_enqueued"":26,""arcs_processed"":26,""max_queue"":26}","{""N"":14,""arcs_enqueued"":26,""arcs_processed"":26,""max_queue"":26}",16769024,16769024,0,16769024,16769024,0,"","",canonical
cosmadakis,16,0,0,0,106,104,210,"{""N"":14,""arcs_enqueued"":26,""arcs_processed"":26,""max_queue"":26}","{""N"":14,""arcs_enqueued"":26,""arcs_processed"":26,""max_queue"":26}",16769024,16769024,0,16769024,16769024,0,"","",canonical
cosmadakis,17,0,0,0,106,104,210,"{""N"":14,""arcs_enqueued"":26,""arcs_processed"":26,""max_queue"":26}","{""N"":14,""arcs_enqueued"":26,""arcs_processed"":26,""max_queue"":26}",16769024,16769024,0,16769024,16769024,0,"","",canonical
cosmadakis,18,0,0,0,105,104,209,"{""N"":14,""arcs_enqueued"":26,""arcs_processed"":26,""max_queue"":26}","{""N"":14,""arcs_enqueued"":26,""arcs_processed"":26,""max_queue"":26}",16769024,16769024,0,16769024,16769024,0,"","",canonical
cosmadakis,19,0,0,0,106,104,210,"{""N"":14,""arcs_enqueued"":26,""arcs_processed"":26,""max_queue"":26}","{""N"":14,""arcs_enqueued"":26,""arcs_processed"":26,""max_queue"":26}",16769024,16769024,0,16769024,16769024,0,"","",canonical
cosmadakis,20,0,0,0,106,114,220,"{""N"":14,""arcs_enqueued"":26,""arcs_processed"":26,""max_queue"":26}","{""N"":14,""arcs_enqueued"":26,""arcs_processed"":26,""max_queue"":26}",16769024,16769024,0,16769024,16769024,0,"","",canonical
cosmadakis,21,0,0,0,106,104,210,"{""N"":14,""arcs_enqueued"":26,""arcs_processed"":26,""max_queue"":26}","{""N"":14,""arcs_enqueued"":26,""arcs_processed"":26,""max_queue"":26}",16769024,16769024,0,16769024,16769024,0,"","",canonical
cosmadakis,22,0,0,0,106,104,210,"{""N"":14,""arcs_enqueued"":26,""arcs_processed"":26,""max_queue"":26}","{""N"":14,""arcs_enqueued"":26,""arcs_processed"":26,""max_queue"":26}",16769024,16769024,0,16769024,16769024,0,"","",canonical
cosmadakis,23,0,0,0,106,104,210,"{""N"":14,""arcs_enqueued"":26,""arcs_processed"":26,""max_queue"":26}","{""N"":14,""arcs_enqueued"":26,""arcs_processed"":26,""max_queue"":26}",16769024,16769024,0,16769024,16769024,0,"","",canonical
cosmadakis,24,0,0,0,106,104,210,"{""N"":14,""arcs_enqueued"":26,""arcs_processed"":26,""max_queue"":26}","{""N"":14,""arcs_enqueued"":26,""arcs_processed"":26,""max_queue"":26}",16769024,16769024,0,16769024,16769024,0,"","",canonical
cosmadakis,25,0,0,0,106,104,210,"{""N"":14,""arcs_enqueued"":26,""arcs_processed"":26,""max_queue"":26}","{""N"":14,""arcs_enqueued"":26,""arcs_processed"":26,""max_queue"":26}",16769024,16769024,0,16769024,16769024,0,"","",canonical
cosmadakis,26,0,0,0,106,105,211,"{""N"":14,""arcs_enqueued"":26,""arcs_processed"":26,""max_queue"":26}","{""N"":14,""arcs_enqueued"":26,""arcs_processed"":26,""max_queue"":26}",16769024,16769024,0,16769024,16769024,0,"","",canonical
cosmadakis,27,0,0,0,106,105,211,"{""N"":14,""arcs_enqueued"":26,""arcs_processed"":26,""max_queue"":26}","{""N"":14,""arcs_enqueued"":26,""arcs_processed"":26,""max_queue"":26}",16769024,16769024,0,16769024,16769024,0,"","",canonical
cosmadakis,28,0,0,0,107,104,211,"{""N"":14,""arcs_enqueued"":26,""arcs_processed"":26,""max_queue"":26}","{""N"":14,""arcs_enqueued"":26,""arcs_processed"":26,""max_queue"":26}",16769024,16769024,0,16769024,16769024,0,"","",canonical
cosmadakis,29,0,0,0,106,104,210,"{""N"":14,""arcs_enqueued"":26,""arcs_processed"":26,""max_queue"":26}","{""N"":14,""arcs_enqueued"":26,""arcs_processed"":26,""max_queue"":26}",16769024,16769024,0,16769024,16769024,0,"","",canonical
cosmadakis,30,0,0,0,106,104,210,"{""N"":14,""arcs_enqueued"":26,""arcs_processed"":26,""max_queue"":26}","{""N"":14,""arcs_enqueued"":26,""arcs_processed"":26,""max_queue"":26}",16769024,16769024,0,16769024,16769024,0,"","",canonical
cosmadakis,31,0,0,0,106,104,210,"{""N"":14,""arcs_enqueued"":26,""arcs_processed"":26,""max_queue"":26}","{""N"":14,""arcs_enqueued"":26,""arcs_processed"":26,""max_queue"":26}",16769024,16769024,0,16769024,16769024,0,"","",canonical
