engine,pair_id,u_leq_v,v_leq_u,eq,uv_us,vu_us,total_us,uv_stats,vu_stats,uv_working_set,uv_peak_working_set,uv_private_bytes,vu_working_set,vu_peak_working_set,vu_private_bytes,uv_error,vu_error,representation
cosmadakis,0,0,0,0,233992,230883,464875,"{""N"":6685,""arcs_enqueued"":15901,""arcs_processed"":15901,""max_queue"":15901}","{""N"":6685,""arcs_enqueued"":15901,""arcs_processed"":15901,""max_queue"":15901}",161361920,161361920,0,161361920,161361920,0,"","",canonical
cosmadakis,1,0,0,0,216625,218148,434773,"{""N"":6689,""arcs_enqueued"":15893,""arcs_processed"":15893,""max_queue"":15893}","{""N"":6689,""arcs_enqueued"":15893,""arcs_processed"":15893,""max_queue"":15893}",161583104,161583104,0,161660928,161660928,0,"","",canonical
cosmadakis,2,0,0,0,229605,222834,452439,"{""N"":6668,""arcs_enqueued"":15888,""arcs_processed"":15888,""max_queue"":15888}","{""N"":6668,""arcs_enqueued"":15888,""arcs_processed"":15888,""max_queue"":15888}",161660928,161660928,0,161660928,161660928,0,"","",canonical
cosmadakis,3,0,0,0,225767,225759,451526,"{""N"":6692,""arcs_enqueued"":15902,""arcs_processed"":15902,""max_queue"":15902}","{""N"":6692,""arcs_enqueued"":15902,""arcs_processed"":15902,""max_queue"":15902}",161689600,161689600,0,161689600,161689600,0,"","",canonical
cosmadakis,4,0,0,0,234209,230675,464884,"{""N"":6709,""arcs_enqueued"":15902,""arcs_processed"":15902,""max_queue"":15902}","{""N"":6709,""arcs_enqueued"":15902,""arcs_processed"":15902,""max_queue"":15902}",162209792,162209792,0,162213888,162213888,0,"","",canonical
cosmadakis,5,0,0,0,223138,224471,447609,"{""N"":6669,""arcs_enqueued"":15919,""arcs_processed"":15919,""max_queue"":15919}","{""N"":6669,""arcs_enqueued"":15919,""arcs_processed"":15919,""max_queue"":15919}",162213888,162213888,0,162213888,162213888,0,"","",canonical
cosmadakis,6,0,0,0,222015,221608,443623,"{""N"":6641,""arcs_enqueued"":15906,""arcs_processed"":15906,""max_queue"":15906}","{""N"":6641,""arcs_enqueued"":15906,""arcs_processed"":15906,""max_queue"":15906}",162213888,162213888,0,162213888,162213888,0,"","",canonical
cosmadakis,7,0,0,0,226683,223460,450143,"{""N"":6705,""arcs_enqueued"":15901,""arcs_processed"":15901,""max_queue"":15901}","{""N"":6705,""arcs_enqueued"":15901,""arcs_processed"":15901,""max_queue"":15901}",162213888,162213888,0,162213888,162213888,0,"","",canonical
cosmadakis,8,0,0,0,223368,235055,458423,"{""N"":6704,""arcs_enqueued"":15887,""arcs_processed"":15887,""max_queue"":15887}","{""N"":6704,""arcs_enqueued"":15887,""arcs_processed"":15887,""max_queue"":15887}",162213888,162213888,0,162213888,162213888,0,"","",canonical
cosmadakis,9,0,0,0,224969,224739,449708,"{""N"":6735,""arcs_enqueued"":15913,""arcs_processed"":15913,""max_queue"":15913}","{""N"":6735,""arcs_enqueued"":15913,""arcs_processed"":15913,""max_queue"":15913}",163024896,163024896,0,163037184,163037184,0,"","",canonical
cosmadakis,10,0,0,0,214760,214089,428849,"{""N"":6657,""arcs_enqueued"":15921,""arcs_processed"":15921,""max_queue"":15921}","{""N"":6657,""arcs_enqueued"":15921,""arcs_processed"":15921,""max_queue"":15921}",163037184,163037184,0,163037184,163037184,0,"","",canonical
cosmadakis,11,0,0,0,222962,222520,445482,"{""N"":6688,""arcs_enqueued"":15841,""arcs_processed"":15841,""max_queue"":15841}","{""N"":6688,""arcs_enqueued"":15841,""arcs_processed"":15841,""max_queue"":15841}",163037184,163037184,0,163037184,163037184,0,"","",canonical
cosmadakis,12,0,0,0,213985,217858,431843,"{""N"":6653,""arcs_enqueued"":15873,""arcs_processed"":15873,""max_queue"":15873}","{""N"":6653,""arcs_enqueued"":15873,""arcs_processed"":15873,""max_queue"":15873}",163037184,163037184,0,163037184,163037184,0,"","",canonical
cosmadakis,13,0,0,0,216484,216424,432908,"{""N"":6713,""arcs_enqueued"":15875,""arcs_processed"":15875,""max_queue"":15875}","{""N"":6713,""arcs_enqueued"":15875,""arcs_processed"":15875,""max_queue"":15875}",163037184,163037184,0,163037184,163037184,0,"","",canonical
cosmadakis,14,0,0,0,228791,234714,463505,"{""N"":6660,""arcs_enqueued"":15880,""arcs_processed"":15880,""max_queue"":15880}","{""N"":6660,""arcs_enqueued"":15880,""arcs_processed"":15880,""max_queue"":15880}",163037184,163037184,0,163037184,163037184,0,"","",canonical
cosmadakis,15,0,0,0,229936,223409,453345,"{""N"":6649,""arcs_enqueued"":15925,""arcs_processed"":15925,""max_queue"":15925}","{""N"":6649,""arcs_enqueued"":15925,""arcs_processed"":15925,""max_queue"":15925}",163037184,163037184,0,163037184,163037184,0,"","",canonical
cosmadakis,16,0,0,0,217851,214796,432647,"{""N"":6694,""arcs_enqueued"":15889,""arcs_processed"":15889,""max_queue"":15889}","{""N"":6694,""arcs_enqueued"":15889,""arcs_processed"":15889,""max_queue"":15889}",163037184,163037184,0,163037184,163037184,0,"","",canonical
cosmadakis,17,0,0,0,226935,235558,462493,"{""N"":6682,""arcs_enqueued"":15905,""arcs_processed"":15905,""max_queue"":15905}","{""N"":6682,""arcs_enqueued"":15905,""arcs_processed"":15905,""max_queue"":15905}",163037184,163037184,0,163037184,163037184,0,"","",canonical
cosmadakis,18,0,0,0,233639,238958,472597,"{""N"":6687,""arcs_enqueued"":15915,""arcs_processed"":15915,""max_queue"":15915}","{""N"":6687,""arcs_enqueued"":15915,""arcs_processed"":15915,""max_queue"":15915}",163037184,163037184,0,163037184,163037184,0,"","",canonical
cosmadakis,19,0,0,0,227320,232528,459848,"{""N"":6657,""arcs_enqueued"":15894,""arcs_processed"":15894,""max_queue"":15894}","{""N"":6657,""arcs_enqueued"":15894,""arcs_processed"":15894,""max_queue"":15894}",163037184,163037184,0,163037184,163037184,0,"","",canonical
cosmadakis,20,0,0,0,227162,233073,460235,"{""N"":6650,""arcs_enqueued"":15866,""arcs_processed"":15866,""max_queue"":15866}","{""N"":6650,""arcs_enqueued"":15866,""arcs_processed"":15866,""max_queue"":15866}",163037184,163037184,0,163037184,163037184,0,"","",canonical
cosmadakis,21,0,0,0,226715,227497,454212,"{""N"":6718,""arcs_enqueued"":15895,""arcs_processed"":15895,""max_queue"":15895}","{""N"":6718,""arcs_enqueued"":15895,""arcs_processed"":15895,""max_queue"":15895}",163037184,163037184,0,163037184,163037184,0,"","",canonical
cosmadakis,22,0,0,0,217309,217214,434523,"{""N"":6679,""arcs_enqueued"":15891,""arcs_processed"":15891,""max_queue"":15891}","{""N"":6679,""arcs_enqueued"":15891,""arcs_processed"":15891,""max_queue"":15891}",163037184,163037184,0,163037184,163037184,0,"","",canonical
cosmadakis,23,0,0,0,208684,209211,417895,"{""N"":6661,""arcs_enqueued"":15910,""arcs_processed"":15910,""max_queue"":15910}","{""N"":6661,""arcs_enqueued"":15910,""arcs_processed"":15910,""max_queue"":15910}",163037184,163037184,0,163037184,163037184,0,"","",canonical
cosmadakis,24,0,0,0,224415,241400,465815,"{""N"":6712,""arcs_enqueued"":15912,""arcs_processed"":15912,""max_queue"":15912}","{""N"":6712,""arcs_enqueued"":15912,""arcs_processed"":15912,""max_queue"":15912}",163037184,163037184,0,163037184,163037184,0,"","",canonical
cosmadakis,25,0,0,0,218401,218992,437393,"{""N"":6724,""arcs_enqueued"":15893,""arcs_processed"":15893,""max_queue"":15893}","{""N"":6724,""arcs_enqueued"":15893,""arcs_processed"":15893,""max_queue"":15893}",163037184,163037184,0,163037184,163037184,0,"","",canonical
cosmadakis,26,0,0,0,224554,236906,461460,"{""N"":6683,""arcs_enqueued"":15903,""arcs_processed"":15903,""max_queue"":15903}","{""N"":6683,""arcs_enqueued"":15903,""arcs_processed"":15903,""max_queue"":15903}",163037184,163037184,0,163037184,163037184,0,"","",canonical
cosmadakis,27,0,0,0,214906,214943,429849,"{""N"":6668,""arcs_enqueued"":15899,""arcs_processed"":15899,""max_queue"":15899}","{""N"":6668,""arcs_enqueued"":15899,""arcs_processed"":15899,""max_queue"":15899}",163037184,163037184,0,163037184,163037184,0,"","",canonical
cosmadakis,28,0,0,0,223653,229153,452806,"{""N"":6701,""arcs_enqueued"":15900,""arcs_processed"":15900,""max_queue"":15900}","{""N"":6701,""arcs_enqueued"":15900,""arcs_processed"":15900,""max_queue"":15900}",163037184,163037184,0,163037184,163037184,0,"","",canonical
cosmadakis,29,0,0,0,227902,237251,465153,"{""N"":6655,""arcs_enqueued"":15927,""arcs_processed"":15927,""max_queue"":15927}","{""N"":6655,""arcs_enqueued"":15927,""arcs_processed"":15927,""max_queue"":15927}",163037184,163037184,0,163037184,163037184,0,"","",canonical
cosmadakis,30,0,0,0,228158,234702,462860,"{""N"":6681,""arcs_enqueued"":15907,""arcs_processed"":15907,""max_queue"":15907}","{""N"":6681,""arcs_enqueued"":15907,""arcs_processed"":15907,""max_queue"":15907}",163037184,163037184,0,163037184,163037184,0,"","",canonical
cosmadakis,31,0,0,0,231510,229400,460910,"{""N"":6688,""arcs_enqueued"":15907,""arcs_processed"":15907,""max_queue"":15907}","{""N"":6688,""arcs_enqueued"":15907,""arcs_processed"":15907,""max_queue"":15907}",163037184,163037184,0,163037184,163037184,0,"","",canonical
