engine,pair_id,u_leq_v,v_leq_u,eq,uv_us,vu_us,total_us,uv_stats,vu_stats,uv_working_set,uv_peak_working_set,uv_private_bytes,vu_working_set,vu_peak_working_set,vu_private_bytes,uv_error,vu_error,representation
cosmadakis,0,0,0,0,5134,5107,10241,"{""N"":990,""arcs_enqueued"":2032,""arcs_processed"":2032,""max_queue"":2032}","{""N"":990,""arcs_enqueued"":2032,""arcs_processed"":2032,""max_queue"":2032}",18931712,18931712,0,18931712,18931712,0,"","",canonical
cosmadakis,1,0,0,0,4367,4401,8768,"{""N"":988,""arcs_enqueued"":2022,""arcs_processed"":2022,""max_queue"":2022}","{""N"":988,""arcs_enqueued"":2022,""arcs_processed"":2022,""max_queue"":2022}",18931712,18931712,0,18931712,18931712,0,"","",canonical
cosmadakis,2,0,0,0,4469,4653,9122,"{""N"":995,""arcs_enqueued"":2026,""arcs_processed"":2026,""max_queue"":2026}","{""N"":995,""arcs_enqueued"":2026,""arcs_processed"":2026,""max_queue"":2026}",18931712,18931712,0,18931712,18931712,0,"","",canonical
cosmadakis,3,0,0,0,4402,4406,8808,"{""N"":991,""arcs_enqueued"":2022,""arcs_processed"":2022,""max_queue"":2022}","{""N"":991,""arcs_enqueued"":2022,""arcs_processed"":2022,""max_queue"":2022}",18931712,18931712,0,18931712,18931712,0,"","",canonical
cosmadakis,4,0,0,0,4414,4375,8789,"{""N"":992,""arcs_enqueued"":2033,""arcs_processed"":2033,""max_queue"":2033}","{""N"":992,""arcs_enqueued"":2033,""arcs_processed"":2033,""max_queue"":2033}",18931712,18931712,0,18931712,18931712,0,"","",canonical
cosmadakis,5,0,0,0,4316,4332,8648,"{""N"":992,""arcs_enqueued"":2027,""arcs_processed"":2027,""max_queue"":2027}","{""N"":992,""arcs_enqueued"":2027,""arcs_processed"":2027,""max_queue"":2027}",18931712,18931712,0,18931712,18931712,0,"","",canonical
cosmadakis,6,0,0,0,4326,4346,8672,"{""N"":994,""arcs_enqueued"":2029,""arcs_processed"":2029,""max_queue"":2029}","{""N"":994,""arcs_enqueued"":2029,""arcs_processed"":2029,""max_queue"":2029}",18931712,18931712,0,18931712,18931712,0,"","",canonical
cosmadakis,7,0,0,0,4308,4349,8657,"{""N"":986,""arcs_enqueued"":2029,""arcs_processed"":2029,""max_queue"":2029}","{""N"":986,""arcs_enqueued"":2029,""arcs_processed"":2029,""max_queue"":2029}",18931712,18931712,0,18931712,18931712,0,"","",canonical
cosmadakis,8,0,0,0,4320,4490,8810,"{""N"":992,""arcs_enqueued"":2023,""arcs_processed"":2023,""max_queue"":2023}","{""N"":992,""arcs_enqueued"":2023,""arcs_processed"":2023,""max_queue"":2023}",18931712,18931712,0,18931712,18931712,0,"","",canonical
cosmadakis,9,0,0,0,4325,4330,8655,"{""N"":991,""arcs_enqueued"":2031,""arcs_processed"":2031,""max_queue"":2031}","{""N"":991,""arcs_enqueued"":2031,""arcs_processed"":2031,""max_queue"":2031}",18931712,18931712,0,18931712,18931712,0,"","",canonical
cosmadakis,10,0,0,0,4365,4370,8735,"{""N"":1002,""arcs_enqueued"":2032,""arcs_processed"":2032,""max_queue"":2032}","{""N"":1002,""arcs_enqueued"":2032,""arcs_processed"":2032,""max_queue"":2032}",18931712,18931712,0,18931712,18931712,0,"","",canonical
cosmadakis,11,0,0,0,4336,4343,8679,"{""N"":999,""arcs_enqueued"":2031,""arcs_processed"":2031,""max_queue"":2031}","{""N"":999,""arcs_enqueued"":2031,""arcs_processed"":2031,""max_queue"":2031}",18931712,18931712,0,18931712,18931712,0,"","",canonical
cosmadakis,12,0,0,0,4302,4329,8631,"{""N"":990,""arcs_enqueued"":2025,""arcs_processed"":2025,""max_queue"":2025}","{""N"":990,""arcs_enqueued"":2025,""arcs_processed"":2025,""max_queue"":2025}",18931712,18931712,0,18931712,18931712,0,"","",canonical
cosmadakis,13,0,0,0,4324,4342,8666,"{""N"":995,""arcs_enqueued"":2027,""arcs_processed"":2027,""max_queue"":2027}","{""N"":995,""arcs_enqueued"":2027,""arcs_processed"":2027,""max_queue"":2027}",18931712,18931712,0,18931712,18931712,0,"","",canonical
cosmadakis,14,0,0,0,4340,4353,8693,"{""N"":999,""arcs_enqueued"":2028,""arcs_processed"":2028,""max_queue"":2028}","{""N"":999,""arcs_enqueued"":2028,""arcs_processed"":2028,""max_queue"":2028}",18931712,18931712,0,18931712,18931712,0,"","",canonical
cosmadakis,15,0,0,0,4318,4334,8652,"{""N"":992,""arcs_enqueued"":2026,""arcs_processed"":2026,""max_queue"":2026}","{""N"":992,""arcs_enqueued"":2026,""arcs_processed"":2026,""max_queue"":2026}",18931712,18931712,0,18931712,18931712,0,"","",canonical
cosmadakis,16,0,0,0,4486,4340,8826,"{""N"":1003,""arcs_enqueued"":2027,""arcs_processed"":2027,""max_queue"":2027}","{""N"":1003,""arcs_enqueued"":2027,""arcs_processed"":2027,""max_queue"":2027}",18931712,18931712,0,18931712,18931712,0,"","",canonical
cosmadakis,17,0,0,0,4297,4312,8609,"{""N"":985,""arcs_enqueued"":2019,""arcs_processed"":2019,""max_queue"":2019}","{""N"":985,""arcs_enqueued"":2019,""arcs_processed"":2019,""max_queue"":2019}",18931712,18931712,0,18931712,18931712,0,"","",canonical
cosmadakis,18,0,0,0,4310,4327,8637,"{""N"":990,""arcs_enqueued"":2026,""arcs_processed"":2026,""max_queue"":2026}","{""N"":990,""arcs_enqueued"":2026,""arcs_processed"":2026,""max_queue"":2026}",18931712,18931712,0,18931712,18931712,0,"","",canonical
cosmadakis,19,0,0,0,4303,4315,8618,"{""N"":988,""arcs_enqueued"":2025,""arcs_processed"":2025,""max_queue"":2025}","{""N"":988,""arcs_enqueued"":2025,""arcs_processed"":2025,""max_queue"":2025}",18931712,18931712,0,18931712,18931712,0,"","",canonical
cosmadakis,20,0,0,0,4289,4379,8668,"{""N"":985,""arcs_enqueued"":2021,""arcs_processed"":2021,""max_queue"":2021}","{""N"":985,""arcs_enqueued"":2021,""arcs_processed"":2021,""max_queue"":2021}",18931712,18931712,0,18931712,18931712,0,"","",canonical
cosmadakis,21,0,0,0,4320,4372,8692,"{""N"":986,""arcs_enqueued"":2025,""arcs_processed"":2025,""max_queue"":2025}","{""N"":986,""arcs_enqueued"":2025,""arcs_processed"":2025,""max_queue"":2025}",18931712,18931712,0,18931712,18931712,0,"","",canonical
cosmadakis,22,0,0,0,4355,4313,8668,"{""N"":985,""arcs_enqueued"":2019,""arcs_processed"":2019,""max_queue"":2019}","{""N"":985,""arcs_enqueued"":2019,""arcs_processed"":2019,""max_queue"":2019}",18931712,18931712,0,18931712,18931712,0,"","",canonical
cosmadakis,23,0,0,0,4334,4420,8754,"{""N"":997,""arcs_enqueued"":2031,""arcs_processed"":2031,""max_queue"":2031}","{""N"":997,""arcs_enqueued"":2031,""arcs_processed"":2031,""max_queue"":2031}",18931712,18931712,0,18931712,18931712,0,"","",canonical
cosmadakis,24,0,0,0,4324,4427,8751,"{""N"":996,""arcs_enqueued"":2028,""arcs_processed"":2028,""max_queue"":2028}","{""N"":996,""arcs_enqueued"":2028,""arcs_processed"":2028,""max_queue"":2028}",18931712,18931712,0,18931712,18931712,0,"","",canonical
cosmadakis,25,0,0,0,4290,4313,8603,"{""N"":982,""arcs_enqueued"":2025,""arcs_processed"":2025,""max_queue"":2025}","{""N"":982,""arcs_enqueued"":2025,""arcs_processed"":2025,""max_queue"":2025}",18931712,18931712,0,18931712,18931712,0,"","",canonical
cosmadakis,26,0,0,0,4396,4354,8750,"{""N"":999,""arcs_enqueued"":2033,""arcs_processed"":2033,""max_queue"":2033}","{""N"":999,""arcs_enqueued"":2033,""arcs_processed"":2033,""max_queue"":2033}",18931712,18931712,0,18931712,18931712,0,"","",canonical
cosmadakis,27,0,0,0,4307,4335,8642,"{""N"":992,""arcs_enqueued"":2030,""arcs_processed"":2030,""max_queue"":2030}","{""N"":992,""arcs_enqueued"":2030,""arcs_processed"":2030,""max_queue"":2030}",18931712,18931712,0,18931712,18931712,0,"","",canonical
cosmadakis,28,0,0,0,4324,4351,8675,"{""N"":995,""arcs_enqueued"":2036,""arcs_processed"":2036,""max_queue"":2036}","{""N"":995,""arcs_enqueued"":2036,""arcs_processed"":2036,""max_queue"":2036}",18931712,18931712,0,18931712,18931712,0,"","",canonical
cosmadakis,29,0,0,0,4304,4303,8607,"{""N"":991,""arcs_enqueued"":2021,""arcs_processed"":2021,""max_queue"":2021}","{""N"":991,""arcs_enqueued"":2021,""arcs_processed"":2021,""max_queue"":2021}",18931712,18931712,0,18931712,18931712,0,"","",canonical
cosmadakis,30,0,0,0,4319,4336,8655,"{""N"":993,""arcs_enqueued"":2026,""arcs_processed"":2026,""max_queue"":2026}","{""N"":993,""arcs_enqueued"":2026,""arcs_processed"":2026,""max_queue"":2026}",18931712,18931712,0,18931712,18931712,0,"","",canonical
cosmadakis,31,0,0,0,4338,4349,8687,"{""N"":998,""arcs_enqueued"":2032,""arcs_processed"":2032,""max_queue"":2032}","{""N"":998,""arcs_enqueued"":2032,""arcs_processed"":2032,""max_queue"":2032}",18931712,18931712,0,18931712,18931712,0,"","",canonical
