engine,pair_id,u_leq_v,v_leq_u,eq,uv_us,vu_us,total_us,uv_stats,vu_stats,uv_working_set,uv_peak_working_set,uv_private_bytes,vu_working_set,vu_peak_working_set,vu_private_bytes,uv_error,vu_error,representation
cosmadakis,0,0,0,0,65883,62278,128161,"{""N"":3642,""arcs_enqueued"":8019,""arcs_processed"":8019,""max_queue"":8019}","{""N"":3642,""arcs_enqueued"":8019,""arcs_processed"":8019,""max_queue"":8019}",48766976,48766976,0,48766976,48766976,0,"","",canonical
cosmadakis,1,0,0,0,49845,53782,103627,"{""N"":3651,""arcs_enqueued"":8018,""arcs_processed"":8018,""max_queue"":8018}","{""N"":3651,""arcs_enqueued"":8018,""arcs_processed"":8018,""max_queue"":8018}",48939008,48939008,0,63782912,63782912,0,"","",canonical
cosmadakis,2,0,0,0,52905,52776,105681,"{""N"":3663,""arcs_enqueued"":8009,""arcs_processed"":8009,""max_queue"":8009}","{""N"":3663,""arcs_enqueued"":8009,""arcs_processed"":8009,""max_queue"":8009}",63782912,63782912,0,63782912,63782912,0,"","",canonical
cosmadakis,3,0,0,0,49728,50108,99836,"{""N"":3651,""arcs_enqueued"":7994,""arcs_processed"":7994,""max_queue"":7994}","{""N"":3651,""arcs_enqueued"":7994,""arcs_processed"":7994,""max_queue"":7994}",63782912,63782912,0,63782912,63782912,0,"","",canonical
cosmadakis,4,0,0,0,50009,50366,100375,"{""N"":3683,""arcs_enqueued"":7987,""arcs_processed"":7987,""max_queue"":7987}","{""N"":3683,""arcs_enqueued"":7987,""arcs_processed"":7987,""max_queue"":7987}",63782912,63782912,0,63782912,63782912,0,"","",canonical
cosmadakis,5,0,0,0,52686,54025,106711,"{""N"":3673,""arcs_enqueued"":7987,""arcs_processed"":7987,""max_queue"":7987}","{""N"":3673,""arcs_enqueued"":7987,""arcs_processed"":7987,""max_queue"":7987}",63782912,63782912,0,63782912,63782912,0,"","",canonical
cosmadakis,6,0,0,0,55587,53104,108691,"{""N"":3665,""arcs_enqueued"":7996,""arcs_processed"":7996,""max_queue"":7996}","{""N"":3665,""arcs_enqueued"":7996,""arcs_processed"":7996,""max_queue"":7996}",63782912,63782912,0,63782912,63782912,0,"","",canonical
cosmadakis,7,0,0,0,52241,52521,104762,"{""N"":3638,""arcs_enqueued"":7983,""arcs_processed"":7983,""max_queue"":7983}","{""N"":3638,""arcs_enqueued"":7983,""arcs_processed"":7983,""max_queue"":7983}",63782912,63782912,0,63782912,63782912,0,"","",canonical
cosmadakis,8,0,0,0,52956,52696,105652,"{""N"":3659,""arcs_enqueued"":8008,""arcs_processed"":8008,""max_queue"":8008}","{""N"":3659,""arcs_enqueued"":8008,""arcs_processed"":8008,""max_queue"":8008}",63782912,63782912,0,63782912,63782912,0,"","",canonical
cosmadakis,9,0,0,0,52933,52981,105914,"{""N"":3668,""arcs_enqueued"":8021,""arcs_processed"":8021,""max_queue"":8021}","{""N"":3668,""arcs_enqueued"":8021,""arcs_processed"":8021,""max_queue"":8021}",63782912,63782912,0,63782912,63782912,0,"","",canonical
cosmadakis,10,0,0,0,52862,51564,104426,"{""N"":3671,""arcs_enqueued"":8005,""arcs_processed"":8005,""max_queue"":8005}","{""N"":3671,""arcs_enqueued"":8005,""arcs_processed"":8005,""max_queue"":8005}",63782912,63782912,0,63782912,63782912,0,"","",canonical
cosmadakis,11,0,0,0,55772,52781,108553,"{""N"":3655,""arcs_enqueued"":7997,""arcs_processed"":7997,""max_queue"":7997}","{""N"":3655,""arcs_enqueued"":7997,""arcs_processed"":7997,""max_queue"":7997}",63782912,63782912,0,63782912,63782912,0,"","",canonical
cosmadakis,12,0,0,0,56534,54669,111203,"{""N"":3676,""arcs_enqueued"":8021,""arcs_processed"":8021,""max_queue"":8021}","{""N"":3676,""arcs_enqueued"":8021,""arcs_processed"":8021,""max_queue"":8021}",64286720,64286720,0,64286720,64286720,0,"","",canonical
cosmadakis,13,0,0,0,55766,52839,108605,"{""N"":3663,""arcs_enqueued"":7988,""arcs_processed"":7988,""max_queue"":7988}","{""N"":3663,""arcs_enqueued"":7988,""arcs_processed"":7988,""max_queue"":7988}",64286720,64286720,0,64286720,64286720,0,"","",canonical
cosmadakis,14,0,0,0,52633,52783,105416,"{""N"":3663,""arcs_enqueued"":8013,""arcs_processed"":8013,""max_queue"":8013}","{""N"":3663,""arcs_enqueued"":8013,""arcs_processed"":8013,""max_queue"":8013}",64286720,64286720,0,64286720,64286720,0,"","",canonical
cosmadakis,15,0,0,0,52849,56720,109569,"{""N"":3674,""arcs_enqueued"":8027,""arcs_processed"":8027,""max_queue"":8027}","{""N"":3674,""arcs_enqueued"":8027,""arcs_processed"":8027,""max_queue"":8027}",64286720,64286720,0,64286720,64286720,0,"","",canonical
cosmadakis,16,0,0,0,52947,52776,105723,"{""N"":3657,""arcs_enqueued"":8015,""arcs_processed"":8015,""max_queue"":8015}","{""N"":3657,""arcs_enqueued"":8015,""arcs_processed"":8015,""max_queue"":8015}",64286720,64286720,0,64286720,64286720,0,"","",canonical
cosmadakis,17,0,0,0,52713,52731,105444,"{""N"":3651,""arcs_enqueued"":7995,""arcs_processed"":7995,""max_queue"":7995}","{""N"":3651,""arcs_enqueued"":7995,""arcs_processed"":7995,""max_queue"":7995}",64286720,64286720,0,64286720,64286720,0,"","",canonical
cosmadakis,18,0,0,0,52704,52828,105532,"{""N"":3659,""arcs_enqueued"":7997,""arcs_processed"":7997,""max_queue"":7997}","{""N"":3659,""arcs_enqueued"":7997,""arcs_processed"":7997,""max_queue"":7997}",64286720,64286720,0,64286720,64286720,0,"","",canonical
cosmadakis,19,0,0,0,52864,52826,105690,"{""N"":3663,""arcs_enqueued"":8003,""arcs_processed"":8003,""max_queue"":8003}","{""N"":3663,""arcs_enqueued"":8003,""arcs_processed"":8003,""max_queue"":8003}",64286720,64286720,0,64286720,64286720,0,"","",canonical
cosmadakis,20,0,0,0,56527,53311,109838,"{""N"":3691,""arcs_enqueued"":8039,""arcs_processed"":8039,""max_queue"":8039}","{""N"":3691,""arcs_enqueued"":8039,""arcs_processed"":8039,""max_queue"":8039}",64286720,64286720,0,64286720,64286720,0,"","",canonical
cosmadakis,21,0,0,0,52916,52872,105788,"{""N"":3671,""arcs_enqueued"":8011,""arcs_processed"":8011,""max_queue"":8011}","{""N"":3671,""arcs_enqueued"":8011,""arcs_processed"":8011,""max_queue"":8011}",64286720,64286720,0,64286720,64286720,0,"","",canonical
cosmadakis,22,0,0,0,53038,52950,105988,"{""N"":3680,""arcs_enqueued"":7992,""arcs_processed"":7992,""max_queue"":7992}","{""N"":3680,""arcs_enqueued"":7992,""arcs_processed"":7992,""max_queue"":7992}",64286720,64286720,0,64286720,64286720,0,"","",canonical
cosmadakis,23,0,0,0,53013,49782,102795,"{""N"":3650,""arcs_enqueued"":7990,""arcs_processed"":7990,""max_queue"":7990}","{""N"":3650,""arcs_enqueued"":7990,""arcs_processed"":7990,""max_queue"":7990}",64286720,64286720,0,64286720,64286720,0,"","",canonical
cosmadakis,24,0,0,0,50015,50707,100722,"{""N"":3653,""arcs_enqueued"":8016,""arcs_processed"":8016,""max_queue"":8016}","{""N"":3653,""arcs_enqueued"":8016,""arcs_processed"":8016,""max_queue"":8016}",64286720,64286720,0,64286720,64286720,0,"","",canonical
cosmadakis,25,0,0,0,49444,49926,99370,"{""N"":3645,""arcs_enqueued"":8010,""arcs_processed"":8010,""max_queue"":8010}","{""N"":3645,""arcs_enqueued"":8010,""arcs_processed"":8010,""max_queue"":8010}",64286720,64286720,0,64286720,64286720,0,"","",canonical
cosmadakis,26,0,0,0,52488,52645,105133,"{""N"":3653,""arcs_enqueued"":7997,""arcs_processed"":7997,""max_queue"":7997}","{""N"":3653,""arcs_enqueued"":7997,""arcs_processed"":7997,""max_queue"":7997}",64286720,64286720,0,64286720,64286720,0,"","",canonical
cosmadakis,27,0,0,0,62288,52897,115185,"{""N"":3651,""arcs_enqueued"":7982,""arcs_processed"":7982,""max_queue"":7982}","{""N"":3651,""arcs_enqueued"":7982,""arcs_processed"":7982,""max_queue"":7982}",64286720,64286720,0,64286720,64286720,0,"","",canonical
cosmadakis,28,0,0,0,52607,56323,108930,"{""N"":3658,""arcs_enqueued"":7999,""arcs_processed"":7999,""max_queue"":7999}","{""N"":3658,""arcs_enqueued"":7999,""arcs_processed"":7999,""max_queue"":7999}",64286720,64286720,0,64286720,64286720,0,"","",canonical
cosmadakis,29,0,0,0,48480,48375,96855,"{""N"":3653,""arcs_enqueued"":8001,""arcs_processed"":8001,""max_queue"":8001}","{""N"":3653,""arcs_enqueued"":8001,""arcs_processed"":8001,""max_queue"":8001}",64286720,64286720,0,64286720,64286720,0,"","",canonical
cosmadakis,30,0,0,0,52964,52751,105715,"{""N"":3659,""arcs_enqueued"":8017,""arcs_processed"":8017,""max_queue"":8017}","{""N"":3659,""arcs_enqueued"":8017,""arcs_processed"":8017,""max_queue"":8017}",64303104,64303104,0,64303104,64303104,0,"","",canonical
cosmadakis,31,0,0,0,53035,52972,106007,"{""N"":3673,""arcs_enqueued"":8009,""arcs_processed"":8009,""max_queue"":8009}","{""N"":3673,""arcs_enqueued"":8009,""arcs_processed"":8009,""max_queue"":8009}",64303104,64303104,0,64303104,64303104,0,"","",canonical
