engine,pair_id,u_leq_v,v_leq_u,eq,uv_us,vu_us,total_us,uv_stats,vu_stats,uv_working_set,uv_peak_working_set,uv_private_bytes,vu_working_set,vu_peak_working_set,vu_private_bytes,uv_error,vu_error,representation
cosmadakis,0,0,0,0,6421,6230,12651,"{""N"":503,""arcs_enqueued"":1015,""arcs_processed"":1015,""max_queue"":1015}","{""N"":503,""arcs_enqueued"":1015,""arcs_processed"":1015,""max_queue"":1015}",18391040,18391040,0,18391040,18391040,0,"","",canonical
cosmadakis,1,0,0,0,3590,3594,7184,"{""N"":499,""arcs_enqueued"":1013,""arcs_processed"":1013,""max_queue"":1013}","{""N"":499,""arcs_enqueued"":1013,""arcs_processed"":1013,""max_queue"":1013}",18391040,18391040,0,18391040,18391040,0,"","",canonical
cosmadakis,2,0,0,0,2519,2437,4956,"{""N"":497,""arcs_enqueued"":1013,""arcs_processed"":1013,""max_queue"":1013}","{""N"":497,""arcs_enqueued"":1013,""arcs_processed"":1013,""max_queue"":1013}",18391040,18391040,0,18391040,18391040,0,"","",canonical
cosmadakis,3,0,0,0,2455,2186,4641,"{""N"":506,""arcs_enqueued"":1016,""arcs_processed"":1016,""max_queue"":1016}","{""N"":506,""arcs_enqueued"":1016,""arcs_processed"":1016,""max_queue"":1016}",18391040,18391040,0,18391040,18391040,0,"","",canonical
cosmadakis,4,0,0,0,1639,1625,3264,"{""N"":501,""arcs_enqueued"":1013,""arcs_processed"":1013,""max_queue"":1013}","{""N"":501,""arcs_enqueued"":1013,""arcs_processed"":1013,""max_queue"":1013}",18391040,18391040,0,18391040,18391040,0,"","",canonical
cosmadakis,5,0,0,0,1636,1636,3272,"{""N"":505,""arcs_enqueued"":1016,""arcs_processed"":1016,""max_queue"":1016}","{""N"":505,""arcs_enqueued"":1016,""arcs_processed"":1016,""max_queue"":1016}",18391040,18391040,0,18391040,18391040,0,"","",canonical
cosmadakis,6,0,0,0,1557,1497,3054,"{""N"":501,""arcs_enqueued"":1011,""arcs_processed"":1011,""max_queue"":1011}","{""N"":501,""arcs_enqueued"":1011,""arcs_processed"":1011,""max_queue"":1011}",18391040,18391040,0,18391040,18391040,0,"","",canonical
cosmadakis,7,0,0,0,5710,5702,11412,"{""N"":502,""arcs_enqueued"":1014,""arcs_processed"":1014,""max_queue"":1014}","{""N"":502,""arcs_enqueued"":1014,""arcs_processed"":1014,""max_queue"":1014}",18391040,18391040,0,18391040,18391040,0,"","",canonical
cosmadakis,8,0,0,0,3594,3598,7192,"{""N"":503,""arcs_enqueued"":1016,""arcs_processed"":1016,""max_queue"":1016}","{""N"":503,""arcs_enqueued"":1016,""arcs_processed"":1016,""max_queue"":1016}",18391040,18391040,0,18391040,18391040,0,"","",canonical
cosmadakis,9,0,0,0,2632,2406,5038,"{""N"":501,""arcs_enqueued"":1013,""arcs_processed"":1013,""max_queue"":1013}","{""N"":501,""arcs_enqueued"":1013,""arcs_processed"":1013,""max_queue"":1013}",18391040,18391040,0,18391040,18391040,0,"","",canonical
cosmadakis,10,0,0,0,2374,2182,4556,"{""N"":503,""arcs_enqueued"":1016,""arcs_processed"":1016,""max_queue"":1016}","{""N"":503,""arcs_enqueued"":1016,""arcs_processed"":1016,""max_queue"":1016}",18391040,18391040,0,18391040,18391040,0,"","",canonical
cosmadakis,11,0,0,0,1585,1599,3184,"{""N"":503,""arcs_enqueued"":1015,""arcs_processed"":1015,""max_queue"":1015}","{""N"":503,""arcs_enqueued"":1015,""arcs_processed"":1015,""max_queue"":1015}",18391040,18391040,0,18391040,18391040,0,"","",canonical
cosmadakis,12,0,0,0,1587,1596,3183,"{""N"":502,""arcs_enqueued"":1014,""arcs_processed"":1014,""max_queue"":1014}","{""N"":502,""arcs_enqueued"":1014,""arcs_processed"":1014,""max_queue"":1014}",18391040,18391040,0,18391040,18391040,0,"","",canonical
cosmadakis,13,0,0,0,1585,1510,3095,"{""N"":501,""arcs_enqueued"":1013,""arcs_processed"":1013,""max_queue"":1013}","{""N"":501,""arcs_enqueued"":1013,""arcs_processed"":1013,""max_queue"":1013}",18391040,18391040,0,18391040,18391040,0,"","",canonical
cosmadakis,14,0,0,0,1475,1482,2957,"{""N"":497,""arcs_enqueued"":1009,""arcs_processed"":1009,""max_queue"":1009}","{""N"":497,""arcs_enqueued"":1009,""arcs_processed"":1009,""max_queue"":1009}",18391040,18391040,0,18391040,18391040,0,"","",canonical
cosmadakis,15,0,0,0,1487,1559,3046,"{""N"":499,""arcs_enqueued"":1013,""arcs_processed"":1013,""max_queue"":1013}","{""N"":499,""arcs_enqueued"":1013,""arcs_processed"":1013,""max_queue"":1013}",18391040,18391040,0,18391040,18391040,0,"","",canonical
cosmadakis,16,0,0,0,1497,1516,3013,"{""N"":503,""arcs_enqueued"":1015,""arcs_processed"":1015,""max_queue"":1015}","{""N"":503,""arcs_enqueued"":1015,""arcs_processed"":1015,""max_queue"":1015}",18391040,18391040,0,18391040,18391040,0,"","",canonical
cosmadakis,17,0,0,0,1491,1493,2984,"{""N"":503,""arcs_enqueued"":1014,""arcs_processed"":1014,""max_queue"":1014}","{""N"":503,""arcs_enqueued"":1014,""arcs_processed"":1014,""max_queue"":1014}",18391040,18391040,0,18391040,18391040,0,"","",canonical
cosmadakis,18,0,0,0,1487,1537,3024,"{""N"":500,""arcs_enqueued"":1016,""arcs_processed"":1016,""max_queue"":1016}","{""N"":500,""arcs_enqueued"":1016,""arcs_processed"":1016,""max_queue"":1016}",18391040,18391040,0,18391040,18391040,0,"","",canonical
cosmadakis,19,0,0,0,1504,1492,2996,"{""N"":503,""arcs_enqueued"":1015,""arcs_processed"":1015,""max_queue"":1015}","{""N"":503,""arcs_enqueued"":1015,""arcs_processed"":1015,""max_queue"":1015}",18391040,18391040,0,18391040,18391040,0,"","",canonical
cosmadakis,20,0,0,0,1478,1486,2964,"{""N"":499,""arcs_enqueued"":1012,""arcs_processed"":1012,""max_queue"":1012}","{""N"":499,""arcs_enqueued"":1012,""arcs_processed"":1012,""max_queue"":1012}",18391040,18391040,0,18391040,18391040,0,"","",canonical
cosmadakis,21,0,0,0,1486,1507,2993,"{""N"":503,""arcs_enqueued"":1015,""arcs_processed"":1015,""max_queue"":1015}","{""N"":503,""arcs_enqueued"":1015,""arcs_processed"":1015,""max_queue"":1015}",18391040,18391040,0,18391040,18391040,0,"","",canonical
cosmadakis,22,0,0,0,1481,1491,2972,"{""N"":500,""arcs_enqueued"":1017,""arcs_processed"":1017,""max_queue"":1017}","{""N"":500,""arcs_enqueued"":1017,""arcs_processed"":1017,""max_queue"":1017}",18391040,18391040,0,18391040,18391040,0,"","",canonical
cosmadakis,23,0,0,0,1477,1480,2957,"{""N"":500,""arcs_enqueued"":1012,""arcs_processed"":1012,""max_queue"":1012}","{""N"":500,""arcs_enqueued"":1012,""arcs_processed"":1012,""max_queue"":1012}",18391040,18391040,0,18391040,18391040,0,"","",canonical
cosmadakis,24,0,0,0,1503,1490,2993,"{""N"":504,""arcs_enqueued"":1014,""arcs_processed"":1014,""max_queue"":1014}","{""N"":504,""arcs_enqueued"":1014,""arcs_processed"":1014,""max_queue"":1014}",18391040,18391040,0,18391040,18391040,0,"","",canonical
cosmadakis,25,0,0,0,1486,1486,2972,"{""N"":503,""arcs_enqueued"":1017,""arcs_processed"":1017,""max_queue"":1017}","{""N"":503,""arcs_enqueued"":1017,""arcs_processed"":1017,""max_queue"":1017}",18391040,18391040,0,18391040,18391040,0,"","",canonical
cosmadakis,26,0,0,0,1482,1484,2966,"{""N"":501,""arcs_enqueued"":1014,""arcs_processed"":1014,""max_queue"":1014}","{""N"":501,""arcs_enqueued"":1014,""arcs_processed"":1014,""max_queue"":1014}",18391040,18391040,0,18391040,18391040,0,"","",canonical
cosmadakis,27,0,0,0,1489,1488,2977,"{""N"":505,""arcs_enqueued"":1015,""arcs_processed"":1015,""max_queue"":1015}","{""N"":505,""arcs_enqueued"":1015,""arcs_processed"":1015,""max_queue"":1015}",18391040,18391040,0,18391040,18391040,0,"","",canonical
cosmadakis,28,0,0,0,1482,1486,2968,"{""N"":504,""arcs_enqueued"":1014,""arcs_processed"":1014,""max_queue"":1014}","{""N"":504,""arcs_enqueued"":1014,""arcs_processed"":1014,""max_queue"":1014}",18391040,18391040,0,18391040,18391040,0,"","",canonical
cosmadakis,29,0,0,0,1485,1491,2976,"{""N"":504,""arcs_enqueued"":1016,""arcs_processed"":1016,""max_queue"":1016}","{""N"":504,""arcs_enqueued"":1016,""arcs_processed"":1016,""max_queue"":1016}",18391040,18391040,0,18391040,18391040,0,"","",canonical
cosmadakis,30,0,0,0,1475,1476,2951,"{""N"":495,""arcs_enqueued"":1009,""arcs_processed"":1009,""max_queue"":1009}","{""N"":495,""arcs_enqueued"":1009,""arcs_processed"":1009,""max_queue"":1009}",18391040,18391040,0,18391040,18391040,0,"","",canonical
cosmadakis,31,0,0,0,1491,1481,2972,"{""N"":503,""arcs_enqueued"":1014,""arcs_processed"":1014,""max_queue"":1014}","{""N"":503,""arcs_enqueued"":1014,""arcs_processed"":1014,""max_queue"":1014}",18391040,18391040,0,18391040,18391040,0,"","",canonical
