engine,pair_id,u_leq_v,v_leq_u,eq,uv_us,vu_us,total_us,uv_stats,vu_stats,uv_working_set,uv_peak_working_set,uv_private_bytes,vu_working_set,vu_peak_working_set,vu_private_bytes,uv_error,vu_error,representation
cosmadakis,0,0,0,0,264,252,516,"{""N"":30,""arcs_enqueued"":58,""arcs_processed"":58,""max_queue"":58}","{""N"":30,""arcs_enqueued"":58,""arcs_processed"":58,""max_queue"":58}",17039360,17039360,0,17039360,17039360,0,"","",canonical
cosmadakis,1,0,0,0,246,241,487,"{""N"":30,""arcs_enqueued"":58,""arcs_processed"":58,""max_queue"":58}","{""N"":30,""arcs_enqueued"":58,""arcs_processed"":58,""max_queue"":58}",17039360,17039360,0,17039360,17039360,0,"","",canonical
cosmadakis,2,0,0,0,244,240,484,"{""N"":30,""arcs_enqueued"":58,""arcs_processed"":58,""max_queue"":58}","{""N"":30,""arcs_enqueued"":58,""arcs_processed"":58,""max_queue"":58}",17039360,17039360,0,17039360,17039360,0,"","",canonical
cosmadakis,3,0,0,0,242,240,482,"{""N"":30,""arcs_enqueued"":58,""arcs_processed"":58,""max_queue"":58}","{""N"":30,""arcs_enqueued"":58,""arcs_processed"":58,""max_queue"":58}",17039360,17039360,0,17039360,17039360,0,"","",canonical
cosmadakis,4,0,0,0,244,239,483,"{""N"":30,""arcs_enqueued"":58,""arcs_processed"":58,""max_queue"":58}","{""N"":30,""arcs_enqueued"":58,""arcs_processed"":58,""max_queue"":58}",17039360,17039360,0,17039360,17039360,0,"","",canonical
cosmadakis,5,0,0,0,243,239,482,"{""N"":30,""arcs_enqueued"":58,""arcs_processed"":58,""max_queue"":58}","{""N"":30,""arcs_enqueued"":58,""arcs_processed"":58,""max_queue"":58}",17039360,17039360,0,17039360,17039360,0,"","",canonical
cosmadakis,6,0,0,0,243,237,480,"{""N"":30,""arcs_enqueued"":58,""arcs_processed"":58,""max_queue"":58}","{""N"":30,""arcs_enqueued"":58,""arcs_processed"":58,""max_queue"":58}",17039360,17039360,0,17039360,17039360,0,"","",canonical
cosmadakis,7,0,0,0,243,240,483,"{""N"":30,""arcs_enqueued"":58,""arcs_processed"":58,""max_queue"":58}","{""N"":30,""arcs_enqueued"":58,""arcs_processed"":58,""max_queue"":58}",17039360,17039360,0,17039360,17039360,0,"","",canonical
cosmadakis,8,0,0,0,243,240,483,"{""N"":30,""arcs_enqueued"":58,""arcs_processed"":58,""max_queue"":58}","{""N"":30,""arcs_enqueued"":58,""arcs_processed"":58,""max_queue"":58}",17039360,17039360,0,17039360,17039360,0,"","",canonical
cosmadakis,9,0,0,0,243,239,482,"{""N"":30,""arcs_enqueued"":58,""arcs_processed"":58,""max_queue"":58}","{""N"":30,""arcs_enqueued"":58,""arcs_processed"":58,""max_queue"":58}",17039360,17039360,0,17039360,17039360,0,"","",canonical
cosmadakis,10,0,0,0,242,238,480,"{""N"":30,""arcs_enqueued"":58,""arcs_processed"":58,""max_queue"":58}","{""N"":30,""arcs_enqueued"":58,""arcs_processed"":58,""max_queue"":58}",17039360,17039360,0,17039360,17039360,0,"","",canonical
cosmadakis,11,0,0,0,250,239,489,"{""N"":30,""arcs_enqueued"":58,""arcs_processed"":58,""max_queue"":58}","{""N"":30,""arcs_enqueued"":58,""arcs_processed"":58,""max_queue"":58}",17039360,17039360,0,17039360,17039360,0,"","",canonical
cosmadakis,12,0,0,0,242,240,482,"{""N"":30,""arcs_enqueued"":58,""arcs_processed"":58,""max_queue"":58}","{""N"":30,""arcs_enqueued"":58,""arcs_processed"":58,""max_queue"":58}",17039360,17039360,0,17039360,17039360,0,"","",canonical
cosmadakis,13,0,0,0,241,239,480,"{""N"":30,""arcs_enqueued"":58,""arcs_processed"":58,""max_queue"":58}","{""N"":30,""arcs_enqueued"":58,""arcs_processed"":58,""max_queue"":58}",17039360,17039360,0,17039360,17039360,0,"","",canonical
cosmadakis,14,0,0,0,162,159,321,"{""N"":30,""arcs_enqueued"":58,""arcs_processed"":58,""max_queue"":58}","{""N"":30,""arcs_enqueued"":58,""arcs_processed"":58,""max_queue"":58}",17039360,17039360,0,17039360,17039360,0,"","",canonical
cosmadakis,15,0,0,0,161,158,319,"{""N"":30,""arcs_enqueued"":58,""arcs_processed"":58,""max_queue"":58}","{""N"":30,""arcs_enqueued"":58,""arcs_processed"":58,""max_queue"":58}",17039360,17039360,0,17039360,17039360,0,"","",canonical
cosmadakis,16,0,0,0,160,158,318,"{""N"":30,""arcs_enqueued"":58,""arcs_processed"":58,""max_queue"":58}","{""N"":30,""arcs_enqueued"":58,""arcs_processed"":58,""max_queue"":58}",17039360,17039360,0,17039360,17039360,0,"","",canonical
cosmadakis,17,0,0,0,161,159,320,"{""N"":30,""arcs_enqueued"":58,""arcs_processed"":58,""max_queue"":58}","{""N"":30,""arcs_enqueued"":58,""arcs_processed"":58,""max_queue"":58}",17039360,17039360,0,17039360,17039360,0,"","",canonical
cosmadakis,18,0,0,0,161,167,328,"{""N"":30,""arcs_enqueued"":58,""arcs_processed"":58,""max_queue"":58}","{""N"":30,""arcs_enqueued"":58,""arcs_processed"":58,""max_queue"":58}",17039360,17039360,0,17039360,17039360,0,"","",canonical
cosmadakis,19,0,0,0,161,158,319,"{""N"":30,""arcs_enqueued"":58,""arcs_processed"":58,""max_queue"":58}","{""N"":30,""arcs_enqueued"":58,""arcs_processed"":58,""max_queue"":58}",17039360,17039360,0,17039360,17039360,0,"","",canonical
cosmadakis,20,0,0,0,162,159,321,"{""N"":30,""arcs_enqueued"":58,""arcs_processed"":58,""max_queue"":58}","{""N"":30,""arcs_enqueued"":58,""arcs_processed"":58,""max_queue"":58}",17039360,17039360,0,17039360,17039360,0,"","",canonical
cosmadakis,21,0,0,0,161,158,319,"{""N"":30,""arcs_enqueued"":58,""arcs_processed"":58,""max_queue"":58}","{""N"":30,""arcs_enqueued"":58,""arcs_processed"":58,""max_queue"":58}",17039360,17039360,0,17039360,17039360,0,"","",canonical
cosmadakis,22,0,0,0,161,160,321,"{""N"":30,""arcs_enqueued"":58,""arcs_processed"":58,""max_queue"":58}","{""N"":30,""arcs_enqueued"":58,""arcs_processed"":58,""max_queue"":58}",17039360,17039360,0,17039360,17039360,0,"","",canonical
cosmadakis,23,0,0,0,162,159,321,"{""N"":30,""arcs_enqueued"":58,""arcs_processed"":58,""max_queue"":58}","{""N"":30,""arcs_enqueued"":58,""arcs_processed"":58,""max_queue"":58}",17039360,17039360,0,17039360,17039360,0,"","",canonical
cosmadakis,24,0,0,0,161,159,320,"{""N"":30,""arcs_enqueued"":58,""arcs_processed"":58,""max_queue"":58}","{""N"":30,""arcs_enqueued"":58,""arcs_processed"":58,""max_queue"":58}",17039360,17039360,0,17039360,17039360,0,"","",canonical
cosmadakis,25,0,0,0,160,159,319,"{""N"":30,""arcs_enqueued"":58,""arcs_processed"":58,""max_queue"":58}","{""N"":30,""arcs_enqueued"":58,""arcs_processed"":58,""max_queue"":58}",17039360,17039360,0,17039360,17039360,0,"","",canonical
cosmadakis,26,0,0,0,161,165,326,"{""N"":30,""arcs_enqueued"":58,""arcs_processed"":58,""max_queue"":58}","{""N"":30,""arcs_enqueued"":58,""arcs_processed"":58,""max_queue"":58}",17039360,17039360,0,17039360,17039360,0,"","",canonical
cosmadakis,27,0,0,0,161,159,320,"{""N"":30,""arcs_enqueued"":58,""arcs_processed"":58,""max_queue"":58}","{""N"":30,""arcs_enqueued"":58,""arcs_processed"":58,""max_queue"":58}",17039360,17039360,0,17039360,17039360,0,"","",canonical
cosmadakis,28,0,0,0,161,160,321,"{""N"":30,""arcs_enqueued"":58,""arcs_processed"":58,""max_queue"":58}","{""N"":30,""arcs_enqueued"":58,""arcs_processed"":58,""max_queue"":58}",17039360,17039360,0,17039360,17039360,0,"","",canonical
cosmadakis,29,0,0,0,161,159,320,"{""N"":30,""arcs_enqueued"":58,""arcs_processed"":58,""max_queue"":58}","{""N"":30,""arcs_enqueued"":58,""arcs_processed"":58,""max_queue"":58}",17039360,17039360,0,17039360,17039360,0,"","",canonical
cosmadakis,30,0,0,0,162,159,321,"{""N"":30,""arcs_enqueued"":58,""arcs_processed"":58,""max_queue"":58}","{""N"":30,""arcs_enqueued"":58,""arcs_processed"":58,""max_queue"":58}",17039360,17039360,0,17039360,17039360,0,"","",canonical
cosmadakis,31,0,0,0,161,159,320,"{""N"":30,""arcs_enqueued"":58,""arcs_processed"":58,""max_queue"":58}","{""N"":30,""arcs_enqueued"":58,""arcs_processed"":58,""max_queue"":58}",17039360,17039360,0,17039360,17039360,0,"","",canonical
