engine,pair_id,u_leq_v,v_leq_u,eq,uv_us,vu_us,total_us,uv_stats,vu_stats,uv_working_set,uv_peak_working_set,uv_private_bytes,vu_working_set,vu_peak_working_set,vu_private_bytes,uv_error,vu_error,representation
cosmadakis,0,0,0,0,69,53,122,"{""N"":6,""arcs_enqueued"":10,""arcs_processed"":10,""max_queue"":10}","{""N"":6,""arcs_enqueued"":10,""arcs_processed"":10,""max_queue"":10}",16228352,16228352,0,16228352,16228352,0,"","",canonical
cosmadakis,1,0,0,0,56,50,106,"{""N"":6,""arcs_enqueued"":10,""arcs_processed"":10,""max_queue"":10}","{""N"":6,""arcs_enqueued"":10,""arcs_processed"":10,""max_queue"":10}",16228352,16228352,0,16228352,16228352,0,"","",canonical
cosmadakis,2,0,0,0,51,49,100,"{""N"":6,""arcs_enqueued"":10,""arcs_processed"":10,""max_queue"":10}","{""N"":6,""arcs_enqueued"":10,""arcs_processed"":10,""max_queue"":10}",16228352,16228352,0,16228352,16228352,0,"","",canonical
cosmadakis,3,0,0,0,51,49,100,"{""N"":6,""arcs_enqueued"":10,""arcs_processed"":10,""max_queue"":10}","{""N"":6,""arcs_enqueued"":10,""arcs_processed"":10,""max_queue"":10}",16228352,16228352,0,16228352,16228352,0,"","",canonical
cosmadakis,4,0,0,0,51,49,100,"{""N"":6,""arcs_enqueued"":10,""arcs_processed"":10,""max_queue"":10}","{""N"":6,""arcs_enqueued"":10,""arcs_processed"":10,""max_queue"":10}",16228352,16228352,0,16228352,16228352,0,"","",canonical
cosmadakis,5,0,0,0,50,49,99,"{""N"":6,""arcs_enqueued"":10,""arcs_processed"":10,""max_queue"":10}","{""N"":6,""arcs_enqueued"":10,""arcs_processed"":10,""max_queue"":10}",16228352,16228352,0,16228352,16228352,0,"","",canonical
cosmadakis,6,0,0,0,51,49,100,"{""N"":6,""arcs_enqueued"":10,""arcs_processed"":10,""max_queue"":10}","{""N"":6,""arcs_enqueued"":10,""arcs_processed"":10,""max_queue"":10}",16228352,16228352,0,16228352,16228352,0,"","",canonical
cosmadakis,7,0,0,0,50,48,98,"{""N"":6,""arcs_enqueued"":10,""arcs_processed"":10,""max_queue"":10}","{""N"":6,""arcs_enqueued"":10,""arcs_processed"":10,""max_queue"":10}",16228352,16228352,0,16228352,16228352,0,"","",canonical
cosmadakis,8,0,0,0,50,48,98,"{""N"":6,""arcs_enqueued"":10,""arcs_processed"":10,""max_queue"":10}","{""N"":6,""arcs_enqueued"":10,""arcs_processed"":10,""max_queue"":10}",16228352,16228352,0,16228352,16228352,0,"","",canonical
cosmadakis,9,0,0,0,50,48,98,"{""N"":6,""arcs_enqueued"":10,""arcs_processed"":10,""max_queue"":10}","{""N"":6,""arcs_enqueued"":10,""arcs_processed"":10,""max_queue"":10}",16228352,16228352,0,16228352,16228352,0,"","",canonical
cosmadakis,10,0,0,0,51,49,100,"{""N"":6,""arcs_enqueued"":10,""arcs_processed"":10,""max_queue"":10}","{""N"":6,""arcs_enqueued"":10,""arcs_processed"":10,""max_queue"":10}",16228352,16228352,0,16228352,16228352,0,"","",canonical
cosmadakis,11,0,0,0,50,49,99,"{""N"":6,""arcs_enqueued"":10,""arcs_processed"":10,""max_queue"":10}","{""N"":6,""arcs_enqueued"":10,""arcs_processed"":10,""max_queue"":10}",16228352,16228352,0,16228352,16228352,0,"","",canonical
cosmadakis,12,0,0,0,50,48,98,"{""N"":6,""arcs_enqueued"":10,""arcs_processed"":10,""max_queue"":10}","{""N"":6,""arcs_enqueued"":10,""arcs_processed"":10,""max_queue"":10}",16228352,16228352,0,16228352,16228352,0,"","",canonical
cosmadakis,13,0,0,0,51,49,100,"{""N"":6,""arcs_enqueued"":10,""arcs_processed"":10,""max_queue"":10}","{""N"":6,""arcs_enqueued"":10,""arcs_processed"":10,""max_queue"":10}",16228352,16228352,0,16228352,16228352,0,"","",canonical
cosmadakis,14,0,0,0,51,49,100,"{""N"":6,""arcs_enqueued"":10,""arcs_processed"":10,""max_queue"":10}","{""N"":6,""arcs_enqueued"":10,""arcs_processed"":10,""max_queue"":10}",16228352,16228352,0,16228352,16228352,0,"","",canonical
cosmadakis,15,0,0,0,51,48,99,"{""N"":6,""arcs_enqueued"":10,""arcs_processed"":10,""max_queue"":10}","{""N"":6,""arcs_enqueued"":10,""arcs_processed"":10,""max_queue"":10}",16228352,16228352,0,16228352,16228352,0,"","",canonical
cosmadakis,16,0,0,0,50,48,98,"{""N"":6,""arcs_enqueued"":10,""arcs_processed"":10,""max_queue"":10}","{""N"":6,""arcs_enqueued"":10,""arcs_processed"":10,""max_queue"":10}",16228352,16228352,0,16228352,16228352,0,"","",canonical
cosmadakis,17,0,0,0,51,49,100,"{""N"":6,""arcs_enqueued"":10,""arcs_processed"":10,""max_queue"":10}","{""N"":6,""arcs_enqueued"":10,""arcs_processed"":10,""max_queue"":10}",16228352,16228352,0,16228352,16228352,0,"","",canonical
cosmadakis,18,0,0,0,50,49,99,"{""N"":6,""arcs_enqueued"":10,""arcs_processed"":10,""max_queue"":10}","{""N"":6,""arcs_enqueued"":10,""arcs_processed"":10,""max_queue"":10}",16228352,16228352,0,16228352,16228352,0,"","",canonical
cosmadakis,19,0,0,0,50,48,98,"{""N"":6,""arcs_enqueued"":10,""arcs_processed"":10,""max_queue"":10}","{""N"":6,""arcs_enqueued"":10,""arcs_processed"":10,""max_queue"":10}",16228352,16228352,0,16228352,16228352,0,"","",canonical
cosmadakis,20,0,0,0,50,49,99,"{""N"":6,""arcs_enqueued"":10,""arcs_processed"":10,""max_queue"":10}","{""N"":6,""arcs_enqueued"":10,""arcs_processed"":10,""max_queue"":10}",16228352,16228352,0,16228352,16228352,0,"","",canonical
cosmadakis,21,0,0,0,51,49,100,"{""N"":6,""arcs_enqueued"":10,""arcs_processed"":10,""max_queue"":10}","{""N"":6,""arcs_enqueued"":10,""arcs_processed"":10,""max_queue"":10}",16228352,16228352,0,16228352,16228352,0,"","",canonical
cosmadakis,22,0,0,0,50,49,99,"{""N"":6,""arcs_enqueued"":10,""arcs_processed"":10,""max_queue"":10}","{""N"":6,""arcs_enqueued"":10,""arcs_processed"":10,""max_queue"":10}",16228352,16228352,0,16228352,16228352,0,"","",canonical
cosmadakis,23,0,0,0,50,49,99,"{""N"":6,""arcs_enqueued"":10,""arcs_processed"":10,""max_queue"":10}","{""N"":6,""arcs_enqueued"":10,""arcs_processed"":10,""max_queue"":10}",16228352,16228352,0,16228352,16228352,0,"","",canonical
cosmadakis,24,0,0,0,51,49,100,"{""N"":6,""arcs_enqueued"":10,""arcs_processed"":10,""max_queue"":10}","{""N"":6,""arcs_enqueued"":10,""arcs_processed"":10,""max_queue"":10}",16228352,16228352,0,16228352,16228352,0,"","",canonical
cosmadakis,25,0,0,0,50,49,99,"{""N"":6,""arcs_enqueued"":10,""arcs_processed"":10,""max_queue"":10}","{""N"":6,""arcs_enqueued"":10,""arcs_processed"":10,""max_queue"":10}",16228352,16228352,0,16228352,16228352,0,"","",canonical
cosmadakis,26,0,0,0,50,49,99,"{""N"":6,""arcs_enqueued"":10,""arcs_processed"":10,""max_queue"":10}","{""N"":6,""arcs_enqueued"":10,""arcs_processed"":10,""max_queue"":10}",16228352,16228352,0,16228352,16228352,0,"","",canonical
cosmadakis,27,0,0,0,50,49,99,"{""N"":6,""arcs_enqueued"":10,""arcs_processed"":10,""max_queue"":10}","{""N"":6,""arcs_enqueued"":10,""arcs_processed"":10,""max_queue"":10}",16228352,16228352,0,16228352,16228352,0,"","",canonical
cosmadakis,28,0,0,0,51,48,99,"{""N"":6,""arcs_enqueued"":10,""arcs_processed"":10,""max_queue"":10}","{""N"":6,""arcs_enqueued"":10,""arcs_processed"":10,""max_queue"":10}",16228352,16228352,0,16228352,16228352,0,"","",canonical
cosmadakis,29,0,0,0,51,58,109,"{""N"":6,""arcs_enqueued"":10,""arcs_processed"":10,""max_queue"":10}","{""N"":6,""arcs_enqueued"":10,""arcs_processed"":10,""max_queue"":10}",16228352,16228352,0,16228352,16228352,0,"","",canonical
cosmadakis,30,0,0,0,50,49,99,"{""N"":6,""arcs_enqueued"":10,""arcs_processed"":10,""max_queue"":10}","{""N"":6,""arcs_enqueued"":10,""arcs_processed"":10,""max_queue"":10}",16228352,16228352,0,16228352,16228352,0,"","",canonical
cosmadakis,31,0,0,0,50,49,99,"{""N"":6,""arcs_enqueued"":10,""arcs_processed"":10,""max_queue"":10}","{""N"":6,""arcs_enqueued"":10,""arcs_processed"":10,""max_queue"":10}",16228352,16228352,0,16228352,16228352,0,"","",canonical
