engine,pair_id,u_leq_v,v_leq_u,eq,uv_us,vu_us,total_us,uv_stats,vu_stats,uv_working_set,uv_peak_working_set,uv_private_bytes,vu_working_set,vu_peak_working_set,vu_private_bytes,uv_error,vu_error,representation
freese,0,0,0,0,36,18,54,"{""recursive_calls"":21,""memo_hits"":0,""branch_attempts"":5,""branch_successes"":0,""max_stack"":5}","{""recursive_calls"":15,""memo_hits"":4,""branch_attempts"":5,""branch_successes"":0,""max_stack"":5}",16769024,16769024,0,16769024,16769024,0,"","",canonical
freese,1,0,0,0,31,17,48,"{""recursive_calls"":21,""memo_hits"":0,""branch_attempts"":5,""branch_successes"":0,""max_stack"":5}","{""recursive_calls"":15,""memo_hits"":4,""branch_attempts"":5,""branch_successes"":0,""max_stack"":5}",16769024,16769024,0,16769024,16769024,0,"","",canonical
freese,2,0,0,0,30,16,46,"{""recursive_calls"":21,""memo_hits"":0,""branch_attempts"":5,""branch_successes"":0,""max_stack"":5}","{""recursive_calls"":15,""memo_hits"":4,""branch_attempts"":5,""branch_successes"":0,""max_stack"":5}",16769024,16769024,0,16769024,16769024,0,"","",canonical
freese,3,0,0,0,29,16,45,"{""recursive_calls"":21,""memo_hits"":0,""branch_attempts"":5,""branch_successes"":0,""max_stack"":5}","{""recursive_calls"":15,""memo_hits"":4,""branch_attempts"":5,""branch_successes"":0,""max_stack"":5}",16769024,16769024,0,16769024,16769024,0,"","",canonical
freese,4,0,0,0,29,16,45,"{""recursive_calls"":21,""memo_hits"":0,""branch_attempts"":5,""branch_successes"":0,""max_stack"":5}","{""recursive_calls"":15,""memo_hits"":4,""branch_attempts"":5,""branch_successes"":0,""max_stack"":5}",16769024,16769024,0,16769024,16769024,0,"","",canonical
freese,5,0,0,0,28,16,44,"{""recursive_calls"":21,""memo_hits"":0,""branch_attempts"":5,""branch_successes"":0,""max_stack"":5}","{""recursive_calls"":15,""memo_hits"":4,""branch_attempts"":5,""branch_successes"":0,""max_stack"":5}",16769024,16769024,0,16769024,16769024,0,"","",canonical
freese,6,0,0,0,29,16,45,"{""recursive_calls"":21,""memo_hits"":0,""branch_attempts"":5,""branch_successes"":0,""max_stack"":5}","{""recursive_calls"":15,""memo_hits"":4,""branch_attempts"":5,""branch_successes"":0,""max_stack"":5}",16769024,16769024,0,16769024,16769024,0,"","",canonical
freese,7,0,0,0,29,16,45,"{""recursive_calls"":21,""memo_hits"":0,""branch_attempts"":5,""branch_successes"":0,""max_stack"":5}","{""recursive_calls"":15,""memo_hits"":4,""branch_attempts"":5,""branch_successes"":0,""max_stack"":5}",16769024,16769024,0,16769024,16769024,0,"","",canonical
freese,8,0,0,0,29,16,45,"{""recursive_calls"":21,""memo_hits"":0,""branch_attempts"":5,""branch_successes"":0,""max_stack"":5}","{""recursive_calls"":15,""memo_hits"":4,""branch_attempts"":5,""branch_successes"":0,""max_stack"":5}",16769024,16769024,0,16769024,16769024,0,"","",canonical
freese,9,0,0,0,30,16,46,"{""recursive_calls"":21,""memo_hits"":0,""branch_attempts"":5,""branch_successes"":0,""max_stack"":5}","{""recursive_calls"":15,""memo_hits"":4,""branch_attempts"":5,""branch_successes"":0,""max_stack"":5}",16769024,16769024,0,16769024,16769024,0,"","",canonical
freese,10,0,0,0,29,16,45,"{""recursive_calls"":21,""memo_hits"":0,""branch_attempts"":5,""branch_successes"":0,""max_stack"":5}","{""recursive_calls"":15,""memo_hits"":4,""branch_attempts"":5,""branch_successes"":0,""max_stack"":5}",16769024,16769024,0,16769024,16769024,0,"","",canonical
freese,11,0,0,0,29,16,45,"{""recursive_calls"":21,""memo_hits"":0,""branch_attempts"":5,""branch_successes"":0,""max_stack"":5}","{""recursive_calls"":15,""memo_hits"":4,""branch_attempts"":5,""branch_successes"":0,""max_stack"":5}",16769024,16769024,0,16769024,16769024,0,"","",canonical
freese,12,0,0,0,29,16,45,"{""recursive_calls"":21,""memo_hits"":0,""branch_attempts"":5,""branch_successes"":0,""max_stack"":5}","{""recursive_calls"":15,""memo_hits"":4,""branch_attempts"":5,""branch_successes"":0,""max_stack"":5}",16769024,16769024,0,16769024,16769024,0,"","",canonical
freese,13,0,0,0,29,16,45,"{""recursive_calls"":21,""memo_hits"":0,""branch_attempts"":5,""branch_successes"":0,""max_stack"":5}","{""recursive_calls"":15,""memo_hits"":4,""branch_attempts"":5,""branch_successes"":0,""max_stack"":5}",16769024,16769024,0,16769024,16769024,0,"","",canonical
freese,14,0,0,0,29,16,45,"{""recursive_calls"":21,""memo_hits"":0,""branch_attempts"":5,""branch_successes"":0,""max_stack"":5}","{""recursive_calls"":15,""memo_hits"":4,""branch_attempts"":5,""branch_successes"":0,""max_stack"":5}",16769024,16769024,0,16769024,16769024,0,"","",canonical
freese,15,0,0,0,29,16,45,"{""recursive_calls"":21,""memo_hits"":0,""branch_attempts"":5,""branch_successes"":0,""max_stack"":5}","{""recursive_calls"":15,""memo_hits"":4,""branch_attempts"":5,""branch_successes"":0,""max_stack"":5}",16769024,16769024,0,16769024,16769024,0,"","",canonical
freese,16,0,0,0,28,16,44,"{""recursive_calls"":21,""memo_hits"":0,""branch_attempts"":5,""branch_successes"":0,""max_stack"":5}","{""recursive_calls"":15,""memo_hits"":4,""branch_attempts"":5,""branch_successes"":0,""max_stack"":5}",16769024,16769024,0,16769024,16769024,0,"","",canonical
freese,17,0,0,0,29,16,45,"{""recursive_calls"":21,""memo_hits"":0,""branch_attempts"":5,""branch_successes"":0,""max_stack"":5}","{""recursive_calls"":15,""memo_hits"":4,""branch_attempts"":5,""branch_successes"":0,""max_stack"":5}",16769024,16769024,0,16769024,16769024,0,"","",canonical
freese,18,0,0,0,29,16,45,"{""recursive_calls"":21,""memo_hits"":0,""branch_attempts"":5,""branch_successes"":0,""max_stack"":5}","{""recursive_calls"":15,""memo_hits"":4,""branch_attempts"":5,""branch_successes"":0,""max_stack"":5}",16769024,16769024,0,16769024,16769024,0,"","",canonical
freese,19,0,0,0,29,16,45,"{""recursive_calls"":21,""memo_hits"":0,""branch_attempts"":5,""branch_successes"":0,""max_stack"":5}","{""recursive_calls"":15,""memo_hits"":4,""branch_attempts"":5,""branch_successes"":0,""max_stack"":5}",16769024,16769024,0,16769024,16769024,0,"","",canonical
freese,20,0,0,0,35,18,53,"{""recursive_calls"":21,""memo_hits"":0,""branch_attempts"":5,""branch_successes"":0,""max_stack"":5}","{""recursive_calls"":15,""memo_hits"":4,""branch_attempts"":5,""branch_successes"":0,""max_stack"":5}",16769024,16769024,0,16769024,16769024,0,"","",canonical
freese,21,0,0,0,31,17,48,"{""recursive_calls"":21,""memo_hits"":0,""branch_attempts"":5,""branch_successes"":0,""max_stack"":5}","{""recursive_calls"":15,""memo_hits"":4,""branch_attempts"":5,""branch_successes"":0,""max_stack"":5}",16769024,16769024,0,16769024,16769024,0,"","",canonical
freese,22,0,0,0,29,16,45,"{""recursive_calls"":21,""memo_hits"":0,""branch_attempts"":5,""branch_successes"":0,""max_stack"":5}","{""recursive_calls"":15,""memo_hits"":4,""branch_attempts"":5,""branch_successes"":0,""max_stack"":5}",16769024,16769024,0,16769024,16769024,0,"","",canonical
freese,23,0,0,0,29,16,45,"{""recursive_calls"":21,""memo_hits"":0,""branch_attempts"":5,""branch_successes"":0,""max_stack"":5}","{""recursive_calls"":15,""memo_hits"":4,""branch_attempts"":5,""branch_successes"":0,""max_stack"":5}",16769024,16769024,0,16769024,16769024,0,"","",canonical
freese,24,0,0,0,29,16,45,"{""recursive_calls"":21,""memo_hits"":0,""branch_attempts"":5,""branch_successes"":0,""max_stack"":5}","{""recursive_calls"":15,""memo_hits"":4,""branch_attempts"":5,""branch_successes"":0,""max_stack"":5}",16769024,16769024,0,16769024,16769024,0,"","",canonical
freese,25,0,0,0,29,16,45,"{""recursive_calls"":21,""memo_hits"":0,""branch_attempts"":5,""branch_successes"":0,""max_stack"":5}","{""recursive_calls"":15,""memo_hits"":4,""branch_attempts"":5,""branch_successes"":0,""max_stack"":5}",16769024,16769024,0,16769024,16769024,0,"","",canonical
freese,26,0,0,0,29,16,45,"{""recursive_calls"":21,""memo_hits"":0,""branch_attempts"":5,""branch_successes"":0,""max_stack"":5}","{""recursive_calls"":15,""memo_hits"":4,""branch_attempts"":5,""branch_successes"":0,""max_stack"":5}",16769024,16769024,0,16769024,16769024,0,"","",canonical
freese,27,0,0,0,29,16,45,"{""recursive_calls"":21,""memo_hits"":0,""branch_attempts"":5,""branch_successes"":0,""max_stack"":5}","{""recursive_calls"":15,""memo_hits"":4,""branch_attempts"":5,""branch_successes"":0,""max_stack"":5}",16769024,16769024,0,16769024,16769024,0,"","",canonical
freese,28,0,0,0,29,16,45,"{""recursive_calls"":21,""memo_hits"":0,""branch_attempts"":5,""branch_successes"":0,""max_stack"":5}","{""recursive_calls"":15,""memo_hits"":4,""branch_attempts"":5,""branch_successes"":0,""max_stack"":5}",16769024,16769024,0,16769024,16769024,0,"","",canonical
freese,29,0,0,0,29,16,45,"{""recursive_calls"":21,""memo_hits"":0,""branch_attempts"":5,""branch_successes"":0,""max_stack"":5}","{""recursive_calls"":15,""memo_hits"":4,""branch_attempts"":5,""branch_successes"":0,""max_stack"":5}",16769024,16769024,0,16769024,16769024,0,"","",canonical
freese,30,0,0,0,29,16,45,"{""recursive_calls"":21,""memo_hits"":0,""branch_attempts"":5,""branch_successes"":0,""max_stack"":5}","{""recursive_calls"":15,""memo_hits"":4,""branch_attempts"":5,""branch_successes"":0,""max_stack"":5}",16769024,16769024,0,16769024,16769024,0,"","",canonical
freese,31,0,0,0,28,16,44,"{""recursive_calls"":21,""memo_hits"":0,""branch_attempts"":5,""branch_successes"":0,""max_stack"":5}","{""recursive_calls"":15,""memo_hits"":4,""branch_attempts"":5,""branch_successes"":0,""max_stack"":5}",16769024,16769024,0,16769024,16769024,0,"","",canonical
