engine,pair_id,u_leq_v,v_leq_u,eq,uv_us,vu_us,total_us,uv_stats,vu_stats,uv_working_set,uv_peak_working_set,uv_private_bytes,vu_working_set,vu_peak_working_set,vu_private_bytes,uv_error,vu_error,representation
freese,0,0,0,0,252,157,409,"{""recursive_calls"":145,""memo_hits"":12,""branch_attempts"":33,""branch_successes"":0,""max_stack"":9}","{""recursive_calls"":107,""memo_hits"":28,""branch_attempts"":33,""branch_successes"":0,""max_stack"":9}",17580032,17580032,0,17580032,17580032,0,"","",canonical
freese,1,0,0,0,245,155,400,"{""recursive_calls"":145,""memo_hits"":12,""branch_attempts"":33,""branch_successes"":0,""max_stack"":9}","{""recursive_calls"":107,""memo_hits"":28,""branch_attempts"":33,""branch_successes"":0,""max_stack"":9}",17580032,17580032,0,17580032,17580032,0,"","",canonical
freese,2,0,0,0,240,154,394,"{""recursive_calls"":145,""memo_hits"":12,""branch_attempts"":33,""branch_successes"":0,""max_stack"":9}","{""recursive_calls"":107,""memo_hits"":28,""branch_attempts"":33,""branch_successes"":0,""max_stack"":9}",17580032,17580032,0,17580032,17580032,0,"","",canonical
freese,3,0,0,0,239,154,393,"{""recursive_calls"":145,""memo_hits"":12,""branch_attempts"":33,""branch_successes"":0,""max_stack"":9}","{""recursive_calls"":107,""memo_hits"":28,""branch_attempts"":33,""branch_successes"":0,""max_stack"":9}",17580032,17580032,0,17580032,17580032,0,"","",canonical
freese,4,0,0,0,239,153,392,"{""recursive_calls"":145,""memo_hits"":12,""branch_attempts"":33,""branch_successes"":0,""max_stack"":9}","{""recursive_calls"":107,""memo_hits"":28,""branch_attempts"":33,""branch_successes"":0,""max_stack"":9}",17580032,17580032,0,17580032,17580032,0,"","",canonical
freese,5,0,0,0,238,153,391,"{""recursive_calls"":145,""memo_hits"":12,""branch_attempts"":33,""branch_successes"":0,""max_stack"":9}","{""recursive_calls"":107,""memo_hits"":28,""branch_attempts"":33,""branch_successes"":0,""max_stack"":9}",17580032,17580032,0,17580032,17580032,0,"","",canonical
freese,6,0,0,0,238,154,392,"{""recursive_calls"":145,""memo_hits"":12,""branch_attempts"":33,""branch_successes"":0,""max_stack"":9}","{""recursive_calls"":107,""memo_hits"":28,""branch_attempts"":33,""branch_successes"":0,""max_stack"":9}",17580032,17580032,0,17580032,17580032,0,"","",canonical
freese,7,0,0,0,191,123,314,"{""recursive_calls"":145,""memo_hits"":12,""branch_attempts"":33,""branch_successes"":0,""max_stack"":9}","{""recursive_calls"":107,""memo_hits"":28,""branch_attempts"":33,""branch_successes"":0,""max_stack"":9}",17580032,17580032,0,17580032,17580032,0,"","",canonical
freese,8,0,0,0,191,123,314,"{""recursive_calls"":145,""memo_hits"":12,""branch_attempts"":33,""branch_successes"":0,""max_stack"":9}","{""recursive_calls"":107,""memo_hits"":28,""branch_attempts"":33,""branch_successes"":0,""max_stack"":9}",17580032,17580032,0,17580032,17580032,0,"","",canonical
freese,9,0,0,0,196,122,318,"{""recursive_calls"":145,""memo_hits"":12,""branch_attempts"":33,""branch_successes"":0,""max_stack"":9}","{""recursive_calls"":107,""memo_hits"":28,""branch_attempts"":33,""branch_successes"":0,""max_stack"":9}",17580032,17580032,0,17580032,17580032,0,"","",canonical
freese,10,0,0,0,192,123,315,"{""recursive_calls"":145,""memo_hits"":12,""branch_attempts"":33,""branch_successes"":0,""max_stack"":9}","{""recursive_calls"":107,""memo_hits"":28,""branch_attempts"":33,""branch_successes"":0,""max_stack"":9}",17580032,17580032,0,17580032,17580032,0,"","",canonical
freese,11,0,0,0,191,122,313,"{""recursive_calls"":145,""memo_hits"":12,""branch_attempts"":33,""branch_successes"":0,""max_stack"":9}","{""recursive_calls"":107,""memo_hits"":28,""branch_attempts"":33,""branch_successes"":0,""max_stack"":9}",17580032,17580032,0,17580032,17580032,0,"","",canonical
freese,12,0,0,0,191,122,313,"{""recursive_calls"":145,""memo_hits"":12,""branch_attempts"":33,""branch_successes"":0,""max_stack"":9}","{""recursive_calls"":107,""memo_hits"":28,""branch_attempts"":33,""branch_successes"":0,""max_stack"":9}",17580032,17580032,0,17580032,17580032,0,"","",canonical
freese,13,0,0,0,191,123,314,"{""recursive_calls"":145,""memo_hits"":12,""branch_attempts"":33,""branch_successes"":0,""max_stack"":9}","{""recursive_calls"":107,""memo_hits"":28,""branch_attempts"":33,""branch_successes"":0,""max_stack"":9}",17580032,17580032,0,17580032,17580032,0,"","",canonical
freese,14,0,0,0,192,128,320,"{""recursive_calls"":145,""memo_hits"":12,""branch_attempts"":33,""branch_successes"":0,""max_stack"":9}","{""recursive_calls"":107,""memo_hits"":28,""branch_attempts"":33,""branch_successes"":0,""max_stack"":9}",17580032,17580032,0,17580032,17580032,0,"","",canonical
freese,15,0,0,0,192,123,315,"{""recursive_calls"":145,""memo_hits"":12,""branch_attempts"":33,""branch_successes"":0,""max_stack"":9}","{""recursive_calls"":107,""memo_hits"":28,""branch_attempts"":33,""branch_successes"":0,""max_stack"":9}",17580032,17580032,0,17580032,17580032,0,"","",canonical
freese,16,0,0,0,191,123,314,"{""recursive_calls"":145,""memo_hits"":12,""branch_attempts"":33,""branch_successes"":0,""max_stack"":9}","{""recursive_calls"":107,""memo_hits"":28,""branch_attempts"":33,""branch_successes"":0,""max_stack"":9}",17580032,17580032,0,17580032,17580032,0,"","",canonical
freese,17,0,0,0,190,122,312,"{""recursive_calls"":145,""memo_hits"":12,""branch_attempts"":33,""branch_successes"":0,""max_stack"":9}","{""recursive_calls"":107,""memo_hits"":28,""branch_attempts"":33,""branch_successes"":0,""max_stack"":9}",17580032,17580032,0,17580032,17580032,0,"","",canonical
freese,18,0,0,0,191,123,314,"{""recursive_calls"":145,""memo_hits"":12,""branch_attempts"":33,""branch_successes"":0,""max_stack"":9}","{""recursive_calls"":107,""memo_hits"":28,""branch_attempts"":33,""branch_successes"":0,""max_stack"":9}",17580032,17580032,0,17580032,17580032,0,"","",canonical
freese,19,0,0,0,191,122,313,"{""recursive_calls"":145,""memo_hits"":12,""branch_attempts"":33,""branch_successes"":0,""max_stack"":9}","{""recursive_calls"":107,""memo_hits"":28,""branch_attempts"":33,""branch_successes"":0,""max_stack"":9}",17580032,17580032,0,17580032,17580032,0,"","",canonical
freese,20,0,0,0,198,122,320,"{""recursive_calls"":145,""memo_hits"":12,""branch_attempts"":33,""branch_successes"":0,""max_stack"":9}","{""recursive_calls"":107,""memo_hits"":28,""branch_attempts"":33,""branch_successes"":0,""max_stack"":9}",17580032,17580032,0,17580032,17580032,0,"","",canonical
freese,21,0,0,0,149,80,229,"{""recursive_calls"":145,""memo_hits"":12,""branch_attempts"":33,""branch_successes"":0,""max_stack"":9}","{""recursive_calls"":107,""memo_hits"":28,""branch_attempts"":33,""branch_successes"":0,""max_stack"":9}",17580032,17580032,0,17580032,17580032,0,"","",canonical
freese,22,0,0,0,125,79,204,"{""recursive_calls"":145,""memo_hits"":12,""branch_attempts"":33,""branch_successes"":0,""max_stack"":9}","{""recursive_calls"":107,""memo_hits"":28,""branch_attempts"":33,""branch_successes"":0,""max_stack"":9}",17580032,17580032,0,17580032,17580032,0,"","",canonical
freese,23,0,0,0,124,79,203,"{""recursive_calls"":145,""memo_hits"":12,""branch_attempts"":33,""branch_successes"":0,""max_stack"":9}","{""recursive_calls"":107,""memo_hits"":28,""branch_attempts"":33,""branch_successes"":0,""max_stack"":9}",17580032,17580032,0,17580032,17580032,0,"","",canonical
freese,24,0,0,0,124,80,204,"{""recursive_calls"":145,""memo_hits"":12,""branch_attempts"":33,""branch_successes"":0,""max_stack"":9}","{""recursive_calls"":107,""memo_hits"":28,""branch_attempts"":33,""branch_successes"":0,""max_stack"":9}",17580032,17580032,0,17580032,17580032,0,"","",canonical
freese,25,0,0,0,124,80,204,"{""recursive_calls"":145,""memo_hits"":12,""branch_attempts"":33,""branch_successes"":0,""max_stack"":9}","{""recursive_calls"":107,""memo_hits"":28,""branch_attempts"":33,""branch_successes"":0,""max_stack"":9}",17580032,17580032,0,17580032,17580032,0,"","",canonical
freese,26,0,0,0,124,80,204,"{""recursive_calls"":145,""memo_hits"":12,""branch_attempts"":33,""branch_successes"":0,""max_stack"":9}","{""recursive_calls"":107,""memo_hits"":28,""branch_attempts"":33,""branch_successes"":0,""max_stack"":9}",17580032,17580032,0,17580032,17580032,0,"","",canonical
freese,27,0,0,0,125,80,205,"{""recursive_calls"":145,""memo_hits"":12,""branch_attempts"":33,""branch_successes"":0,""max_stack"":9}","{""recursive_calls"":107,""memo_hits"":28,""branch_attempts"":33,""branch_successes"":0,""max_stack"":9}",17580032,17580032,0,17580032,17580032,0,"","",canonical
freese,28,0,0,0,128,80,208,"{""recursive_calls"":145,""memo_hits"":12,""branch_attempts"":33,""branch_successes"":0,""max_stack"":9}","{""recursive_calls"":107,""memo_hits"":28,""branch_attempts"":33,""branch_successes"":0,""max_stack"":9}",17580032,17580032,0,17580032,17580032,0,"","",canonical
freese,29,0,0,0,253,158,411,"{""recursive_calls"":145,""memo_hits"":12,""branch_attempts"":33,""branch_successes"":0,""max_stack"":9}","{""recursive_calls"":107,""memo_hits"":28,""branch_attempts"":33,""branch_successes"":0,""max_stack"":9}",17580032,17580032,0,17580032,17580032,0,"","",canonical
freese,30,0,0,0,241,155,396,"{""recursive_calls"":145,""memo_hits"":12,""branch_attempts"":33,""branch_successes"":0,""max_stack"":9}","{""recursive_calls"":107,""memo_hits"":28,""branch_attempts"":33,""branch_successes"":0,""max_stack"":9}",17580032,17580032,0,17580032,17580032,0,"","",canonical
freese,31,0,0,0,239,154,393,"{""recursive_calls"":145,""memo_hits"":12,""branch_attempts"":33,""branch_successes"":0,""max_stack"":9}","{""recursive_calls"":107,""memo_hits"":28,""branch_attempts"":33,""branch_successes"":0,""max_stack"":9}",17580032,17580032,0,17580032,17580032,0,"","",canonical
