engine,pair_id,u_leq_v,v_leq_u,eq,uv_us,vu_us,total_us,uv_stats,vu_stats,uv_working_set,uv_peak_working_set,uv_private_bytes,vu_working_set,vu_peak_working_set,vu_private_bytes,uv_error,vu_error,representation
freese,0,0,0,0,5073,2997,8070,"{""recursive_calls"":3241,""memo_hits"":420,""branch_attempts"":705,""branch_successes"":0,""max_stack"":17}","{""recursive_calls"":2507,""memo_hits"":676,""branch_attempts"":705,""branch_successes"":0,""max_stack"":17}",18931712,18931712,0,18931712,18931712,0,"","",canonical
freese,1,0,0,0,2802,2079,4881,"{""recursive_calls"":3241,""memo_hits"":420,""branch_attempts"":705,""branch_successes"":0,""max_stack"":17}","{""recursive_calls"":2507,""memo_hits"":676,""branch_attempts"":705,""branch_successes"":0,""max_stack"":17}",18931712,18931712,0,18931712,18931712,0,"","",canonical
freese,2,0,0,0,2969,2243,5212,"{""recursive_calls"":3241,""memo_hits"":420,""branch_attempts"":705,""branch_successes"":0,""max_stack"":17}","{""recursive_calls"":2507,""memo_hits"":676,""branch_attempts"":705,""branch_successes"":0,""max_stack"":17}",18931712,18931712,0,18931712,18931712,0,"","",canonical
freese,3,0,0,0,2713,1446,4159,"{""recursive_calls"":3241,""memo_hits"":420,""branch_attempts"":705,""branch_successes"":0,""max_stack"":17}","{""recursive_calls"":2507,""memo_hits"":676,""branch_attempts"":705,""branch_successes"":0,""max_stack"":17}",18931712,18931712,0,18931712,18931712,0,"","",canonical
freese,4,0,0,0,1996,1468,3464,"{""recursive_calls"":3241,""memo_hits"":420,""branch_attempts"":705,""branch_successes"":0,""max_stack"":17}","{""recursive_calls"":2507,""memo_hits"":676,""branch_attempts"":705,""branch_successes"":0,""max_stack"":17}",18931712,18931712,0,18931712,18931712,0,"","",canonical
freese,5,0,0,0,1416,983,2399,"{""recursive_calls"":3242,""memo_hits"":420,""branch_attempts"":705,""branch_successes"":0,""max_stack"":17}","{""recursive_calls"":2527,""memo_hits"":681,""branch_attempts"":713,""branch_successes"":2,""max_stack"":17}",18931712,18931712,0,18931712,18931712,0,"","",canonical
freese,6,0,0,0,1364,985,2349,"{""recursive_calls"":3242,""memo_hits"":420,""branch_attempts"":705,""branch_successes"":0,""max_stack"":17}","{""recursive_calls"":2477,""memo_hits"":691,""branch_attempts"":690,""branch_successes"":0,""max_stack"":17}",18931712,18931712,0,18931712,18931712,0,"","",canonical
freese,7,0,0,0,1351,998,2349,"{""recursive_calls"":3212,""memo_hits"":451,""branch_attempts"":690,""branch_successes"":0,""max_stack"":17}","{""recursive_calls"":2507,""memo_hits"":676,""branch_attempts"":705,""branch_successes"":0,""max_stack"":17}",18931712,18931712,0,18931712,18931712,0,"","",canonical
freese,8,0,0,0,1353,1023,2376,"{""recursive_calls"":3241,""memo_hits"":420,""branch_attempts"":705,""branch_successes"":0,""max_stack"":17}","{""recursive_calls"":2507,""memo_hits"":676,""branch_attempts"":705,""branch_successes"":0,""max_stack"":17}",18931712,18931712,0,18931712,18931712,0,"","",canonical
freese,9,0,0,0,1353,1055,2408,"{""recursive_calls"":3241,""memo_hits"":420,""branch_attempts"":705,""branch_successes"":0,""max_stack"":17}","{""recursive_calls"":2507,""memo_hits"":676,""branch_attempts"":705,""branch_successes"":0,""max_stack"":17}",18931712,18931712,0,18931712,18931712,0,"","",canonical
freese,10,0,0,0,1382,1021,2403,"{""recursive_calls"":3241,""memo_hits"":420,""branch_attempts"":705,""branch_successes"":0,""max_stack"":17}","{""recursive_calls"":2507,""memo_hits"":676,""branch_attempts"":705,""branch_successes"":0,""max_stack"":17}",18931712,18931712,0,18931712,18931712,0,"","",canonical
freese,11,0,0,0,1371,1002,2373,"{""recursive_calls"":3241,""memo_hits"":420,""branch_attempts"":705,""branch_successes"":0,""max_stack"":17}","{""recursive_calls"":2507,""memo_hits"":676,""branch_attempts"":705,""branch_successes"":0,""max_stack"":17}",18931712,18931712,0,18931712,18931712,0,"","",canonical
freese,12,0,0,0,1441,999,2440,"{""recursive_calls"":3242,""memo_hits"":420,""branch_attempts"":705,""branch_successes"":0,""max_stack"":17}","{""recursive_calls"":2507,""memo_hits"":676,""branch_attempts"":705,""branch_successes"":0,""max_stack"":17}",18931712,18931712,0,18931712,18931712,0,"","",canonical
freese,13,0,0,0,1410,988,2398,"{""recursive_calls"":3241,""memo_hits"":420,""branch_attempts"":705,""branch_successes"":0,""max_stack"":17}","{""recursive_calls"":2507,""memo_hits"":676,""branch_attempts"":705,""branch_successes"":0,""max_stack"":17}",18931712,18931712,0,18931712,18931712,0,"","",canonical
freese,14,0,0,0,1413,979,2392,"{""recursive_calls"":3241,""memo_hits"":420,""branch_attempts"":705,""branch_successes"":0,""max_stack"":17}","{""recursive_calls"":2507,""memo_hits"":676,""branch_attempts"":705,""branch_successes"":0,""max_stack"":17}",18931712,18931712,0,18931712,18931712,0,"","",canonical
freese,15,0,0,0,1401,974,2375,"{""recursive_calls"":3241,""memo_hits"":420,""branch_attempts"":705,""branch_successes"":0,""max_stack"":17}","{""recursive_calls"":2507,""memo_hits"":676,""branch_attempts"":705,""branch_successes"":0,""max_stack"":17}",18931712,18931712,0,18931712,18931712,0,"","",canonical
freese,16,0,0,0,1356,969,2325,"{""recursive_calls"":3242,""memo_hits"":420,""branch_attempts"":705,""branch_successes"":0,""max_stack"":17}","{""recursive_calls"":2507,""memo_hits"":676,""branch_attempts"":705,""branch_successes"":0,""max_stack"":17}",18931712,18931712,0,18931712,18931712,0,"","",canonical
freese,17,0,0,0,1341,982,2323,"{""recursive_calls"":3181,""memo_hits"":421,""branch_attempts"":690,""branch_successes"":0,""max_stack"":17}","{""recursive_calls"":2507,""memo_hits"":676,""branch_attempts"":705,""branch_successes"":0,""max_stack"":17}",18931712,18931712,0,18931712,18931712,0,"","",canonical
freese,18,0,0,0,1357,989,2346,"{""recursive_calls"":3241,""memo_hits"":420,""branch_attempts"":705,""branch_successes"":0,""max_stack"":17}","{""recursive_calls"":2507,""memo_hits"":676,""branch_attempts"":705,""branch_successes"":0,""max_stack"":17}",18931712,18931712,0,18931712,18931712,0,"","",canonical
freese,19,0,0,0,1346,992,2338,"{""recursive_calls"":3241,""memo_hits"":420,""branch_attempts"":705,""branch_successes"":0,""max_stack"":17}","{""recursive_calls"":2507,""memo_hits"":676,""branch_attempts"":705,""branch_successes"":0,""max_stack"":17}",18931712,18931712,0,18931712,18931712,0,"","",canonical
freese,20,0,0,0,1370,991,2361,"{""recursive_calls"":3241,""memo_hits"":420,""branch_attempts"":705,""branch_successes"":0,""max_stack"":17}","{""recursive_calls"":2507,""memo_hits"":676,""branch_attempts"":705,""branch_successes"":0,""max_stack"":17}",18931712,18931712,0,18931712,18931712,0,"","",canonical
freese,21,0,0,0,1363,992,2355,"{""recursive_calls"":3241,""memo_hits"":420,""branch_attempts"":705,""branch_successes"":0,""max_stack"":17}","{""recursive_calls"":2507,""memo_hits"":676,""branch_attempts"":705,""branch_successes"":0,""max_stack"":17}",18931712,18931712,0,18931712,18931712,0,"","",canonical
freese,22,0,0,0,1373,980,2353,"{""recursive_calls"":3242,""memo_hits"":420,""branch_attempts"":705,""branch_successes"":0,""max_stack"":17}","{""recursive_calls"":2507,""memo_hits"":676,""branch_attempts"":705,""branch_successes"":0,""max_stack"":17}",18931712,18931712,0,18931712,18931712,0,"","",canonical
freese,23,0,0,0,1368,972,2340,"{""recursive_calls"":3241,""memo_hits"":420,""branch_attempts"":705,""branch_successes"":0,""max_stack"":17}","{""recursive_calls"":2507,""memo_hits"":676,""branch_attempts"":705,""branch_successes"":0,""max_stack"":17}",18931712,18931712,0,18931712,18931712,0,"","",canonical
freese,24,0,0,0,1358,976,2334,"{""recursive_calls"":3241,""memo_hits"":420,""branch_attempts"":705,""branch_successes"":0,""max_stack"":17}","{""recursive_calls"":2507,""memo_hits"":676,""branch_attempts"":705,""branch_successes"":0,""max_stack"":17}",18931712,18931712,0,18931712,18931712,0,"","",canonical
freese,25,0,0,0,1348,964,2312,"{""recursive_calls"":3211,""memo_hits"":451,""branch_attempts"":690,""branch_successes"":0,""max_stack"":17}","{""recursive_calls"":2477,""memo_hits"":691,""branch_attempts"":690,""branch_successes"":0,""max_stack"":17}",18931712,18931712,0,18931712,18931712,0,"","",canonical
freese,26,0,0,0,1362,974,2336,"{""recursive_calls"":3241,""memo_hits"":420,""branch_attempts"":705,""branch_successes"":0,""max_stack"":17}","{""recursive_calls"":2507,""memo_hits"":676,""branch_attempts"":705,""branch_successes"":0,""max_stack"":17}",18931712,18931712,0,18931712,18931712,0,"","",canonical
freese,27,0,0,0,1340,978,2318,"{""recursive_calls"":3242,""memo_hits"":420,""branch_attempts"":705,""branch_successes"":0,""max_stack"":17}","{""recursive_calls"":2507,""memo_hits"":676,""branch_attempts"":705,""branch_successes"":0,""max_stack"":17}",18931712,18931712,0,18931712,18931712,0,"","",canonical
freese,28,0,0,0,1351,992,2343,"{""recursive_calls"":3241,""memo_hits"":420,""branch_attempts"":705,""branch_successes"":0,""max_stack"":17}","{""recursive_calls"":2507,""memo_hits"":676,""branch_attempts"":705,""branch_successes"":0,""max_stack"":17}",18931712,18931712,0,18931712,18931712,0,"","",canonical
freese,29,0,0,0,1349,994,2343,"{""recursive_calls"":3241,""memo_hits"":420,""branch_attempts"":705,""branch_successes"":0,""max_stack"":17}","{""recursive_calls"":2507,""memo_hits"":676,""branch_attempts"":705,""branch_successes"":0,""max_stack"":17}",18931712,18931712,0,18931712,18931712,0,"","",canonical
freese,30,0,0,0,1328,986,2314,"{""recursive_calls"":3181,""memo_hits"":421,""branch_attempts"":690,""branch_successes"":0,""max_stack"":17}","{""recursive_calls"":2507,""memo_hits"":676,""branch_attempts"":705,""branch_successes"":0,""max_stack"":17}",18931712,18931712,0,18931712,18931712,0,"","",canonical
freese,31,0,0,0,1368,990,2358,"{""recursive_calls"":3241,""memo_hits"":420,""branch_attempts"":705,""branch_successes"":0,""max_stack"":17}","{""recursive_calls"":2507,""memo_hits"":676,""branch_attempts"":705,""branch_successes"":0,""max_stack"":17}",18931712,18931712,0,18931712,18931712,0,"","",canonical
