engine,pair_id,u_leq_v,v_leq_u,eq,uv_us,vu_us,total_us,uv_stats,vu_stats,uv_working_set,uv_peak_working_set,uv_private_bytes,vu_working_set,vu_peak_working_set,vu_private_bytes,uv_error,vu_error,representation
freese,0,0,0,0,1292,975,2267,"{""recursive_calls"":729,""memo_hits"":84,""branch_attempts"":161,""branch_successes"":0,""max_stack"":13}","{""recursive_calls"":555,""memo_hits"":148,""branch_attempts"":161,""branch_successes"":0,""max_stack"":13}",18120704,18120704,0,18120704,18120704,0,"","",canonical
freese,1,0,0,0,1254,967,2221,"{""recursive_calls"":730,""memo_hits"":84,""branch_attempts"":161,""branch_successes"":0,""max_stack"":13}","{""recursive_calls"":555,""memo_hits"":148,""branch_attempts"":161,""branch_successes"":0,""max_stack"":13}",18120704,18120704,0,18120704,18120704,0,"","",canonical
freese,2,0,0,0,1283,955,2238,"{""recursive_calls"":729,""memo_hits"":84,""branch_attempts"":161,""branch_successes"":0,""max_stack"":13}","{""recursive_calls"":555,""memo_hits"":148,""branch_attempts"":161,""branch_successes"":0,""max_stack"":13}",18120704,18120704,0,18120704,18120704,0,"","",canonical
freese,3,0,0,0,961,600,1561,"{""recursive_calls"":730,""memo_hits"":84,""branch_attempts"":161,""branch_successes"":0,""max_stack"":13}","{""recursive_calls"":555,""memo_hits"":148,""branch_attempts"":161,""branch_successes"":0,""max_stack"":13}",18120704,18120704,0,18120704,18120704,0,"","",canonical
freese,4,0,0,0,801,607,1408,"{""recursive_calls"":729,""memo_hits"":84,""branch_attempts"":161,""branch_successes"":0,""max_stack"":13}","{""recursive_calls"":555,""memo_hits"":148,""branch_attempts"":161,""branch_successes"":0,""max_stack"":13}",18120704,18120704,0,18120704,18120704,0,"","",canonical
freese,5,0,0,0,805,613,1418,"{""recursive_calls"":729,""memo_hits"":84,""branch_attempts"":161,""branch_successes"":0,""max_stack"":13}","{""recursive_calls"":555,""memo_hits"":148,""branch_attempts"":161,""branch_successes"":0,""max_stack"":13}",18120704,18120704,0,18120704,18120704,0,"","",canonical
freese,6,0,0,0,791,608,1399,"{""recursive_calls"":729,""memo_hits"":84,""branch_attempts"":161,""branch_successes"":0,""max_stack"":13}","{""recursive_calls"":555,""memo_hits"":148,""branch_attempts"":161,""branch_successes"":0,""max_stack"":13}",18120704,18120704,0,18120704,18120704,0,"","",canonical
freese,7,0,0,0,509,398,907,"{""recursive_calls"":729,""memo_hits"":84,""branch_attempts"":161,""branch_successes"":0,""max_stack"":13}","{""recursive_calls"":555,""memo_hits"":148,""branch_attempts"":161,""branch_successes"":0,""max_stack"":13}",18120704,18120704,0,18120704,18120704,0,"","",canonical
freese,8,0,0,0,518,395,913,"{""recursive_calls"":729,""memo_hits"":84,""branch_attempts"":161,""branch_successes"":0,""max_stack"":13}","{""recursive_calls"":555,""memo_hits"":148,""branch_attempts"":161,""branch_successes"":0,""max_stack"":13}",18120704,18120704,0,18120704,18120704,0,"","",canonical
freese,9,0,0,0,511,388,899,"{""recursive_calls"":729,""memo_hits"":84,""branch_attempts"":161,""branch_successes"":0,""max_stack"":13}","{""recursive_calls"":555,""memo_hits"":148,""branch_attempts"":161,""branch_successes"":0,""max_stack"":13}",18120704,18120704,0,18120704,18120704,0,"","",canonical
freese,10,0,0,0,520,398,918,"{""recursive_calls"":729,""memo_hits"":84,""branch_attempts"":161,""branch_successes"":0,""max_stack"":13}","{""recursive_calls"":555,""memo_hits"":148,""branch_attempts"":161,""branch_successes"":0,""max_stack"":13}",18120704,18120704,0,18120704,18120704,0,"","",canonical
freese,11,0,0,0,522,397,919,"{""recursive_calls"":729,""memo_hits"":84,""branch_attempts"":161,""branch_successes"":0,""max_stack"":13}","{""recursive_calls"":555,""memo_hits"":148,""branch_attempts"":161,""branch_successes"":0,""max_stack"":13}",18120704,18120704,0,18120704,18120704,0,"","",canonical
freese,12,0,0,0,510,397,907,"{""recursive_calls"":729,""memo_hits"":84,""branch_attempts"":161,""branch_successes"":0,""max_stack"":13}","{""recursive_calls"":555,""memo_hits"":148,""branch_attempts"":161,""branch_successes"":0,""max_stack"":13}",18120704,18120704,0,18120704,18120704,0,"","",canonical
freese,13,0,0,0,404,259,663,"{""recursive_calls"":729,""memo_hits"":84,""branch_attempts"":161,""branch_successes"":0,""max_stack"":13}","{""recursive_calls"":555,""memo_hits"":148,""branch_attempts"":161,""branch_successes"":0,""max_stack"":13}",18120704,18120704,0,18120704,18120704,0,"","",canonical
freese,14,0,0,0,364,268,632,"{""recursive_calls"":729,""memo_hits"":84,""branch_attempts"":161,""branch_successes"":0,""max_stack"":13}","{""recursive_calls"":555,""memo_hits"":148,""branch_attempts"":161,""branch_successes"":0,""max_stack"":13}",18120704,18120704,0,18120704,18120704,0,"","",canonical
freese,15,0,0,0,347,257,604,"{""recursive_calls"":729,""memo_hits"":84,""branch_attempts"":161,""branch_successes"":0,""max_stack"":13}","{""recursive_calls"":555,""memo_hits"":148,""branch_attempts"":161,""branch_successes"":0,""max_stack"":13}",18120704,18120704,0,18120704,18120704,0,"","",canonical
freese,16,0,0,0,343,261,604,"{""recursive_calls"":729,""memo_hits"":84,""branch_attempts"":161,""branch_successes"":0,""max_stack"":13}","{""recursive_calls"":555,""memo_hits"":148,""branch_attempts"":161,""branch_successes"":0,""max_stack"":13}",18120704,18120704,0,18120704,18120704,0,"","",canonical
freese,17,0,0,0,343,264,607,"{""recursive_calls"":729,""memo_hits"":84,""branch_attempts"":161,""branch_successes"":0,""max_stack"":13}","{""recursive_calls"":555,""memo_hits"":148,""branch_attempts"":161,""branch_successes"":0,""max_stack"":13}",18120704,18120704,0,18120704,18120704,0,"","",canonical
freese,18,0,0,0,337,266,603,"{""recursive_calls"":715,""memo_hits"":99,""branch_attempts"":154,""branch_successes"":0,""max_stack"":13}","{""recursive_calls"":555,""memo_hits"":148,""branch_attempts"":161,""branch_successes"":0,""max_stack"":13}",18120704,18120704,0,18120704,18120704,0,"","",canonical
freese,19,0,0,0,342,262,604,"{""recursive_calls"":729,""memo_hits"":84,""branch_attempts"":161,""branch_successes"":0,""max_stack"":13}","{""recursive_calls"":555,""memo_hits"":148,""branch_attempts"":161,""branch_successes"":0,""max_stack"":13}",18120704,18120704,0,18120704,18120704,0,"","",canonical
freese,20,0,0,0,330,252,582,"{""recursive_calls"":729,""memo_hits"":84,""branch_attempts"":161,""branch_successes"":0,""max_stack"":13}","{""recursive_calls"":555,""memo_hits"":148,""branch_attempts"":161,""branch_successes"":0,""max_stack"":13}",18120704,18120704,0,18120704,18120704,0,"","",canonical
freese,21,0,0,0,363,268,631,"{""recursive_calls"":729,""memo_hits"":84,""branch_attempts"":161,""branch_successes"":0,""max_stack"":13}","{""recursive_calls"":555,""memo_hits"":148,""branch_attempts"":161,""branch_successes"":0,""max_stack"":13}",18120704,18120704,0,18120704,18120704,0,"","",canonical
freese,22,0,0,0,352,265,617,"{""recursive_calls"":729,""memo_hits"":84,""branch_attempts"":161,""branch_successes"":0,""max_stack"":13}","{""recursive_calls"":555,""memo_hits"":148,""branch_attempts"":161,""branch_successes"":0,""max_stack"":13}",18120704,18120704,0,18120704,18120704,0,"","",canonical
freese,23,0,0,0,323,249,572,"{""recursive_calls"":729,""memo_hits"":84,""branch_attempts"":161,""branch_successes"":0,""max_stack"":13}","{""recursive_calls"":555,""memo_hits"":148,""branch_attempts"":161,""branch_successes"":0,""max_stack"":13}",18120704,18120704,0,18120704,18120704,0,"","",canonical
freese,24,0,0,0,325,245,570,"{""recursive_calls"":729,""memo_hits"":84,""branch_attempts"":161,""branch_successes"":0,""max_stack"":13}","{""recursive_calls"":555,""memo_hits"":148,""branch_attempts"":161,""branch_successes"":0,""max_stack"":13}",18120704,18120704,0,18120704,18120704,0,"","",canonical
freese,25,0,0,0,346,268,614,"{""recursive_calls"":729,""memo_hits"":84,""branch_attempts"":161,""branch_successes"":0,""max_stack"":13}","{""recursive_calls"":555,""memo_hits"":148,""branch_attempts"":161,""branch_successes"":0,""max_stack"":13}",18120704,18120704,0,18120704,18120704,0,"","",canonical
freese,26,0,0,0,325,251,576,"{""recursive_calls"":729,""memo_hits"":84,""branch_attempts"":161,""branch_successes"":0,""max_stack"":13}","{""recursive_calls"":555,""memo_hits"":148,""branch_attempts"":161,""branch_successes"":0,""max_stack"":13}",18120704,18120704,0,18120704,18120704,0,"","",canonical
freese,27,0,0,0,320,250,570,"{""recursive_calls"":729,""memo_hits"":84,""branch_attempts"":161,""branch_successes"":0,""max_stack"":13}","{""recursive_calls"":555,""memo_hits"":148,""branch_attempts"":161,""branch_successes"":0,""max_stack"":13}",18120704,18120704,0,18120704,18120704,0,"","",canonical
freese,28,0,0,0,330,726,1056,"{""recursive_calls"":729,""memo_hits"":84,""branch_attempts"":161,""branch_successes"":0,""max_stack"":13}","{""recursive_calls"":555,""memo_hits"":148,""branch_attempts"":161,""branch_successes"":0,""max_stack"":13}",18120704,18120704,0,18120704,18120704,0,"","",canonical
freese,29,0,0,0,1275,962,2237,"{""recursive_calls"":729,""memo_hits"":84,""branch_attempts"":161,""branch_successes"":0,""max_stack"":13}","{""recursive_calls"":555,""memo_hits"":148,""branch_attempts"":161,""branch_successes"":0,""max_stack"":13}",18120704,18120704,0,18120704,18120704,0,"","",canonical
freese,30,0,0,0,1211,950,2161,"{""recursive_calls"":729,""memo_hits"":84,""branch_attempts"":161,""branch_successes"":0,""max_stack"":13}","{""recursive_calls"":555,""memo_hits"":148,""branch_attempts"":161,""branch_successes"":0,""max_stack"":13}",18120704,18120704,0,18120704,18120704,0,"","",canonical
freese,31,0,0,0,1232,930,2162,"{""recursive_calls"":729,""memo_hits"":84,""branch_attempts"":161,""branch_successes"":0,""max_stack"":13}","{""recursive_calls"":555,""memo_hits"":148,""branch_attempts"":161,""branch_successes"":0,""max_stack"":13}",18120704,18120704,0,18120704,18120704,0,"","",canonical
