engine,pair_id,u_leq_v,v_leq_u,eq,uv_us,vu_us,total_us,uv_stats,vu_stats,uv_working_set,uv_peak_working_set,uv_private_bytes,vu_working_set,vu_peak_working_set,vu_private_bytes,uv_error,vu_error,representation
freese,0,0,0,0,90,19,109,"{""recursive_calls"":105,""memo_hits"":28,""branch_attempts"":33,""branch_successes"":0,""max_stack"":7}","{""recursive_calls"":23,""memo_hits"":0,""branch_attempts"":5,""branch_successes"":0,""max_stack"":7}",17039360,17039360,0,17039360,17039360,0,"","",canonical
freese,1,0,0,0,84,18,102,"{""recursive_calls"":105,""memo_hits"":28,""branch_attempts"":33,""branch_successes"":0,""max_stack"":7}","{""recursive_calls"":23,""memo_hits"":0,""branch_attempts"":5,""branch_successes"":0,""max_stack"":7}",17039360,17039360,0,17039360,17039360,0,"","",canonical
freese,2,0,0,0,84,17,101,"{""recursive_calls"":105,""memo_hits"":28,""branch_attempts"":33,""branch_successes"":0,""max_stack"":7}","{""recursive_calls"":23,""memo_hits"":0,""branch_attempts"":5,""branch_successes"":0,""max_stack"":7}",17039360,17039360,0,17039360,17039360,0,"","",canonical
freese,3,0,0,0,83,17,100,"{""recursive_calls"":105,""memo_hits"":28,""branch_attempts"":33,""branch_successes"":0,""max_stack"":7}","{""recursive_calls"":23,""memo_hits"":0,""branch_attempts"":5,""branch_successes"":0,""max_stack"":7}",17039360,17039360,0,17039360,17039360,0,"","",canonical
freese,4,0,0,0,83,17,100,"{""recursive_calls"":105,""memo_hits"":28,""branch_attempts"":33,""branch_successes"":0,""max_stack"":7}","{""recursive_calls"":23,""memo_hits"":0,""branch_attempts"":5,""branch_successes"":0,""max_stack"":7}",17039360,17039360,0,17039360,17039360,0,"","",canonical
freese,5,0,0,0,83,17,100,"{""recursive_calls"":105,""memo_hits"":28,""branch_attempts"":33,""branch_successes"":0,""max_stack"":7}","{""recursive_calls"":23,""memo_hits"":0,""branch_attempts"":5,""branch_successes"":0,""max_stack"":7}",17039360,17039360,0,17039360,17039360,0,"","",canonical
freese,6,0,0,0,83,17,100,"{""recursive_calls"":105,""memo_hits"":28,""branch_attempts"":33,""branch_successes"":0,""max_stack"":7}","{""recursive_calls"":23,""memo_hits"":0,""branch_attempts"":5,""branch_successes"":0,""max_stack"":7}",17039360,17039360,0,17039360,17039360,0,"","",canonical
freese,7,0,0,0,83,17,100,"{""recursive_calls"":105,""memo_hits"":28,""branch_attempts"":33,""branch_successes"":0,""max_stack"":7}","{""recursive_calls"":23,""memo_hits"":0,""branch_attempts"":5,""branch_successes"":0,""max_stack"":7}",17039360,17039360,0,17039360,17039360,0,"","",canonical
freese,8,0,0,0,83,17,100,"{""recursive_calls"":105,""memo_hits"":28,""branch_attempts"":33,""branch_successes"":0,""max_stack"":7}","{""recursive_calls"":23,""memo_hits"":0,""branch_attempts"":5,""branch_successes"":0,""max_stack"":7}",17039360,17039360,0,17039360,17039360,0,"","",canonical
freese,9,0,0,0,83,17,100,"{""recursive_calls"":105,""memo_hits"":28,""branch_attempts"":33,""branch_successes"":0,""max_stack"":7}","{""recursive_calls"":23,""memo_hits"":0,""branch_attempts"":5,""branch_successes"":0,""max_stack"":7}",17039360,17039360,0,17039360,17039360,0,"","",canonical
freese,10,0,0,0,83,17,100,"{""recursive_calls"":105,""memo_hits"":28,""branch_attempts"":33,""branch_successes"":0,""max_stack"":7}","{""recursive_calls"":23,""memo_hits"":0,""branch_attempts"":5,""branch_successes"":0,""max_stack"":7}",17039360,17039360,0,17039360,17039360,0,"","",canonical
freese,11,0,0,0,83,17,100,"{""recursive_calls"":105,""memo_hits"":28,""branch_attempts"":33,""branch_successes"":0,""max_stack"":7}","{""recursive_calls"":23,""memo_hits"":0,""branch_attempts"":5,""branch_successes"":0,""max_stack"":7}",17039360,17039360,0,17039360,17039360,0,"","",canonical
freese,12,0,0,0,76,16,92,"{""recursive_calls"":105,""memo_hits"":28,""branch_attempts"":33,""branch_successes"":0,""max_stack"":7}","{""recursive_calls"":23,""memo_hits"":0,""branch_attempts"":5,""branch_successes"":0,""max_stack"":7}",17039360,17039360,0,17039360,17039360,0,"","",canonical
freese,13,0,0,0,76,16,92,"{""recursive_calls"":105,""memo_hits"":28,""branch_attempts"":33,""branch_successes"":0,""max_stack"":7}","{""recursive_calls"":23,""memo_hits"":0,""branch_attempts"":5,""branch_successes"":0,""max_stack"":7}",17039360,17039360,0,17039360,17039360,0,"","",canonical
freese,14,0,0,0,75,15,90,"{""recursive_calls"":105,""memo_hits"":28,""branch_attempts"":33,""branch_successes"":0,""max_stack"":7}","{""recursive_calls"":23,""memo_hits"":0,""branch_attempts"":5,""branch_successes"":0,""max_stack"":7}",17039360,17039360,0,17039360,17039360,0,"","",canonical
freese,15,0,0,0,75,16,91,"{""recursive_calls"":105,""memo_hits"":28,""branch_attempts"":33,""branch_successes"":0,""max_stack"":7}","{""recursive_calls"":23,""memo_hits"":0,""branch_attempts"":5,""branch_successes"":0,""max_stack"":7}",17039360,17039360,0,17039360,17039360,0,"","",canonical
freese,16,0,0,0,76,16,92,"{""recursive_calls"":105,""memo_hits"":28,""branch_attempts"":33,""branch_successes"":0,""max_stack"":7}","{""recursive_calls"":23,""memo_hits"":0,""branch_attempts"":5,""branch_successes"":0,""max_stack"":7}",17039360,17039360,0,17039360,17039360,0,"","",canonical
freese,17,0,0,0,76,16,92,"{""recursive_calls"":105,""memo_hits"":28,""branch_attempts"":33,""branch_successes"":0,""max_stack"":7}","{""recursive_calls"":23,""memo_hits"":0,""branch_attempts"":5,""branch_successes"":0,""max_stack"":7}",17039360,17039360,0,17039360,17039360,0,"","",canonical
freese,18,0,0,0,76,16,92,"{""recursive_calls"":105,""memo_hits"":28,""branch_attempts"":33,""branch_successes"":0,""max_stack"":7}","{""recursive_calls"":23,""memo_hits"":0,""branch_attempts"":5,""branch_successes"":0,""max_stack"":7}",17039360,17039360,0,17039360,17039360,0,"","",canonical
freese,19,0,0,0,76,15,91,"{""recursive_calls"":105,""memo_hits"":28,""branch_attempts"":33,""branch_successes"":0,""max_stack"":7}","{""recursive_calls"":23,""memo_hits"":0,""branch_attempts"":5,""branch_successes"":0,""max_stack"":7}",17039360,17039360,0,17039360,17039360,0,"","",canonical
freese,20,0,0,0,76,16,92,"{""recursive_calls"":105,""memo_hits"":28,""branch_attempts"":33,""branch_successes"":0,""max_stack"":7}","{""recursive_calls"":23,""memo_hits"":0,""branch_attempts"":5,""branch_successes"":0,""max_stack"":7}",17039360,17039360,0,17039360,17039360,0,"","",canonical
freese,21,0,0,0,76,16,92,"{""recursive_calls"":105,""memo_hits"":28,""branch_attempts"":33,""branch_successes"":0,""max_stack"":7}","{""recursive_calls"":23,""memo_hits"":0,""branch_attempts"":5,""branch_successes"":0,""max_stack"":7}",17039360,17039360,0,17039360,17039360,0,"","",canonical
freese,22,0,0,0,76,16,92,"{""recursive_calls"":105,""memo_hits"":28,""branch_attempts"":33,""branch_successes"":0,""max_stack"":7}","{""recursive_calls"":23,""memo_hits"":0,""branch_attempts"":5,""branch_successes"":0,""max_stack"":7}",17039360,17039360,0,17039360,17039360,0,"","",canonical
freese,23,0,0,0,77,16,93,"{""recursive_calls"":105,""memo_hits"":28,""branch_attempts"":33,""branch_successes"":0,""max_stack"":7}","{""recursive_calls"":23,""memo_hits"":0,""branch_attempts"":5,""branch_successes"":0,""max_stack"":7}",17039360,17039360,0,17039360,17039360,0,"","",canonical
freese,24,0,0,0,77,16,93,"{""recursive_calls"":105,""memo_hits"":28,""branch_attempts"":33,""branch_successes"":0,""max_stack"":7}","{""recursive_calls"":23,""memo_hits"":0,""branch_attempts"":5,""branch_successes"":0,""max_stack"":7}",17039360,17039360,0,17039360,17039360,0,"","",canonical
freese,25,0,0,0,76,16,92,"{""recursive_calls"":105,""memo_hits"":28,""branch_attempts"":33,""branch_successes"":0,""max_stack"":7}","{""recursive_calls"":23,""memo_hits"":0,""branch_attempts"":5,""branch_successes"":0,""max_stack"":7}",17039360,17039360,0,17039360,17039360,0,"","",canonical
freese,26,0,0,0,76,16,92,"{""recursive_calls"":105,""memo_hits"":28,""branch_attempts"":33,""branch_successes"":0,""max_stack"":7}","{""recursive_calls"":23,""memo_hits"":0,""branch_attempts"":5,""branch_successes"":0,""max_stack"":7}",17039360,17039360,0,17039360,17039360,0,"","",canonical
freese,27,0,0,0,76,16,92,"{""recursive_calls"":105,""memo_hits"":28,""branch_attempts"":33,""branch_successes"":0,""max_stack"":7}","{""recursive_calls"":23,""memo_hits"":0,""branch_attempts"":5,""branch_successes"":0,""max_stack"":7}",17039360,17039360,0,17039360,17039360,0,"","",canonical
freese,28,0,0,0,76,16,92,"{""recursive_calls"":105,""memo_hits"":28,""branch_attempts"":33,""branch_successes"":0,""max_stack"":7}","{""recursive_calls"":23,""memo_hits"":0,""branch_attempts"":5,""branch_successes"":0,""max_stack"":7}",17039360,17039360,0,17039360,17039360,0,"","",canonical
freese,29,0,0,0,76,15,91,"{""recursive_calls"":105,""memo_hits"":28,""branch_attempts"":33,""branch_successes"":0,""max_stack"":7}","{""recursive_calls"":23,""memo_hits"":0,""branch_attempts"":5,""branch_successes"":0,""max_stack"":7}",17039360,17039360,0,17039360,17039360,0,"","",canonical
freese,30,0,0,0,76,16,92,"{""recursive_calls"":105,""memo_hits"":28,""branch_attempts"":33,""branch_successes"":0,""max_stack"":7}","{""recursive_calls"":23,""memo_hits"":0,""branch_attempts"":5,""branch_successes"":0,""max_stack"":7}",17039360,17039360,0,17039360,17039360,0,"","",canonical
freese,31,0,0,0,76,15,91,"{""recursive_calls"":105,""memo_hits"":28,""branch_attempts"":33,""branch_successes"":0,""max_stack"":7}","{""recursive_calls"":23,""memo_hits"":0,""branch_attempts"":5,""branch_successes"":0,""max_stack"":7}",17039360,17039360,0,17039360,17039360,0,"","",canonical
