engine,pair_id,u_leq_v,v_leq_u,eq,uv_us,vu_us,total_us,uv_stats,vu_stats,uv_working_set,uv_peak_working_set,uv_private_bytes,vu_working_set,vu_peak_working_set,vu_private_bytes,uv_error,vu_error,representation
freese,0,0,0,0,19486,16074,35560,"{""recursive_calls"":43597,""memo_hits"":11909,""branch_attempts"":11970,""branch_successes"":0,""max_stack"":23}","{""recursive_calls"":13520,""memo_hits"":1861,""branch_attempts"":2914,""branch_successes"":0,""max_stack"":23}",21635072,21635072,0,21635072,21635072,0,"","",canonical
freese,1,0,0,0,18070,5734,23804,"{""recursive_calls"":43409,""memo_hits"":11910,""branch_attempts"":11907,""branch_successes"":0,""max_stack"":23}","{""recursive_calls"":13643,""memo_hits"":1860,""branch_attempts"":2945,""branch_successes"":0,""max_stack"":23}",21635072,21635072,0,21635072,21635072,0,"","",canonical
freese,2,0,0,0,17340,5757,23097,"{""recursive_calls"":43616,""memo_hits"":11913,""branch_attempts"":11978,""branch_successes"":2,""max_stack"":23}","{""recursive_calls"":13645,""memo_hits"":1860,""branch_attempts"":2945,""branch_successes"":0,""max_stack"":23}",21635072,21635072,0,21635072,21635072,0,"","",canonical
freese,3,0,0,0,17327,5935,23262,"{""recursive_calls"":43571,""memo_hits"":12043,""branch_attempts"":11922,""branch_successes"":4,""max_stack"":23}","{""recursive_calls"":13520,""memo_hits"":1861,""branch_attempts"":2914,""branch_successes"":0,""max_stack"":23}",21635072,21635072,0,21635072,21635072,0,"","",canonical
freese,4,0,0,0,17498,5694,23192,"{""recursive_calls"":43804,""memo_hits"":11912,""branch_attempts"":12041,""branch_successes"":2,""max_stack"":23}","{""recursive_calls"":13519,""memo_hits"":1861,""branch_attempts"":2914,""branch_successes"":0,""max_stack"":23}",21635072,21635072,0,21635072,21635072,0,"","",canonical
freese,5,0,0,0,17478,5755,23233,"{""recursive_calls"":43719,""memo_hits"":11984,""branch_attempts"":11994,""branch_successes"":6,""max_stack"":23}","{""recursive_calls"":13519,""memo_hits"":1861,""branch_attempts"":2914,""branch_successes"":0,""max_stack"":23}",21635072,21635072,0,21635072,21635072,0,"","",canonical
freese,6,0,0,0,17072,5756,22828,"{""recursive_calls"":43345,""memo_hits"":12033,""branch_attempts"":11844,""branch_successes"":0,""max_stack"":23}","{""recursive_calls"":13519,""memo_hits"":1861,""branch_attempts"":2914,""branch_successes"":0,""max_stack"":23}",21635072,21635072,0,21635072,21635072,0,"","",canonical
freese,7,0,0,0,17386,5723,23109,"{""recursive_calls"":43825,""memo_hits"":11916,""branch_attempts"":12049,""branch_successes"":4,""max_stack"":23}","{""recursive_calls"":13643,""memo_hits"":1860,""branch_attempts"":2945,""branch_successes"":0,""max_stack"":23}",21635072,21635072,0,21635072,21635072,0,"","",canonical
freese,8,0,0,0,17370,5771,23141,"{""recursive_calls"":43842,""memo_hits"":11920,""branch_attempts"":12057,""branch_successes"":6,""max_stack"":23}","{""recursive_calls"":13644,""memo_hits"":1860,""branch_attempts"":2945,""branch_successes"":0,""max_stack"":23}",21635072,21635072,0,21635072,21635072,0,"","",canonical
freese,9,0,0,0,17424,5770,23194,"{""recursive_calls"":43591,""memo_hits"":12047,""branch_attempts"":11931,""branch_successes"":6,""max_stack"":23}","{""recursive_calls"":13643,""memo_hits"":1860,""branch_attempts"":2945,""branch_successes"":0,""max_stack"":23}",21635072,21635072,0,21635072,21635072,0,"","",canonical
freese,10,0,0,0,17450,5727,23177,"{""recursive_calls"":43841,""memo_hits"":11921,""branch_attempts"":12056,""branch_successes"":6,""max_stack"":23}","{""recursive_calls"":13519,""memo_hits"":1986,""branch_attempts"":2883,""branch_successes"":0,""max_stack"":23}",21635072,21635072,0,21635072,21635072,0,"","",canonical
freese,11,0,0,0,17442,5789,23231,"{""recursive_calls"":43785,""memo_hits"":11908,""branch_attempts"":12033,""branch_successes"":0,""max_stack"":23}","{""recursive_calls"":13644,""memo_hits"":1860,""branch_attempts"":2945,""branch_successes"":0,""max_stack"":23}",21635072,21635072,0,21635072,21635072,0,"","",canonical
freese,12,0,0,0,17298,5726,23024,"{""recursive_calls"":43824,""memo_hits"":11916,""branch_attempts"":12049,""branch_successes"":4,""max_stack"":23}","{""recursive_calls"":13643,""memo_hits"":1860,""branch_attempts"":2945,""branch_successes"":0,""max_stack"":23}",21635072,21635072,0,21635072,21635072,0,"","",canonical
freese,13,0,0,0,17384,5780,23164,"{""recursive_calls"":43679,""memo_hits"":11975,""branch_attempts"":11978,""branch_successes"":2,""max_stack"":23}","{""recursive_calls"":13643,""memo_hits"":1860,""branch_attempts"":2945,""branch_successes"":0,""max_stack"":23}",21635072,21635072,0,21635072,21635072,0,"","",canonical
freese,14,0,0,0,17382,5743,23125,"{""recursive_calls"":43785,""memo_hits"":11908,""branch_attempts"":12033,""branch_successes"":0,""max_stack"":23}","{""recursive_calls"":13643,""memo_hits"":1860,""branch_attempts"":2945,""branch_successes"":0,""max_stack"":23}",21635072,21635072,0,21635072,21635072,0,"","",canonical
freese,15,0,0,0,17506,5781,23287,"{""recursive_calls"":43615,""memo_hits"":11915,""branch_attempts"":11977,""branch_successes"":2,""max_stack"":23}","{""recursive_calls"":13645,""memo_hits"":1860,""branch_attempts"":2945,""branch_successes"":0,""max_stack"":23}",21635072,21635072,0,21635072,21635072,0,"","",canonical
freese,16,0,0,0,17649,5861,23510,"{""recursive_calls"":43805,""memo_hits"":11912,""branch_attempts"":12041,""branch_successes"":2,""max_stack"":23}","{""recursive_calls"":13643,""memo_hits"":1860,""branch_attempts"":2945,""branch_successes"":0,""max_stack"":23}",21635072,21635072,0,21635072,21635072,0,"","",canonical
freese,17,0,0,0,17422,5762,23184,"{""recursive_calls"":43825,""memo_hits"":11917,""branch_attempts"":12049,""branch_successes"":4,""max_stack"":23}","{""recursive_calls"":13644,""memo_hits"":1860,""branch_attempts"":2945,""branch_successes"":0,""max_stack"":23}",21635072,21635072,0,21635072,21635072,0,"","",canonical
freese,18,0,0,0,17328,5757,23085,"{""recursive_calls"":43617,""memo_hits"":11913,""branch_attempts"":11978,""branch_successes"":2,""max_stack"":23}","{""recursive_calls"":13644,""memo_hits"":1860,""branch_attempts"":2945,""branch_successes"":0,""max_stack"":23}",21635072,21635072,0,21635072,21635072,0,"","",canonical
freese,19,0,0,0,17390,5685,23075,"{""recursive_calls"":43804,""memo_hits"":11912,""branch_attempts"":12041,""branch_successes"":2,""max_stack"":23}","{""recursive_calls"":13583,""memo_hits"":1923,""branch_attempts"":2914,""branch_successes"":0,""max_stack"":23}",21635072,21635072,0,21635072,21635072,0,"","",canonical
freese,20,0,0,0,17385,5768,23153,"{""recursive_calls"":43597,""memo_hits"":11909,""branch_attempts"":11970,""branch_successes"":0,""max_stack"":23}","{""recursive_calls"":13644,""memo_hits"":1860,""branch_attempts"":2945,""branch_successes"":0,""max_stack"":23}",21635072,21635072,0,21635072,21635072,0,"","",canonical
freese,21,0,0,0,17360,5760,23120,"{""recursive_calls"":43680,""memo_hits"":11976,""branch_attempts"":11978,""branch_successes"":2,""max_stack"":23}","{""recursive_calls"":13644,""memo_hits"":1860,""branch_attempts"":2945,""branch_successes"":0,""max_stack"":23}",21635072,21635072,0,21635072,21635072,0,"","",canonical
freese,22,0,0,0,17419,5758,23177,"{""recursive_calls"":43617,""memo_hits"":11913,""branch_attempts"":11978,""branch_successes"":2,""max_stack"":23}","{""recursive_calls"":13612,""memo_hits"":1892,""branch_attempts"":2945,""branch_successes"":0,""max_stack"":23}",21635072,21635072,0,21635072,21635072,0,"","",canonical
freese,23,0,0,0,17225,5765,22990,"{""recursive_calls"":43283,""memo_hits"":11971,""branch_attempts"":11844,""branch_successes"":0,""max_stack"":23}","{""recursive_calls"":13643,""memo_hits"":1860,""branch_attempts"":2945,""branch_successes"":0,""max_stack"":23}",21635072,21635072,0,21635072,21635072,0,"","",canonical
freese,24,0,0,0,17225,5787,23012,"{""recursive_calls"":43679,""memo_hits"":11975,""branch_attempts"":11978,""branch_successes"":2,""max_stack"":23}","{""recursive_calls"":13643,""memo_hits"":1860,""branch_attempts"":2945,""branch_successes"":0,""max_stack"":23}",21635072,21635072,0,21635072,21635072,0,"","",canonical
freese,25,0,0,0,17417,5742,23159,"{""recursive_calls"":43844,""memo_hits"":11920,""branch_attempts"":12057,""branch_successes"":6,""max_stack"":23}","{""recursive_calls"":13644,""memo_hits"":1860,""branch_attempts"":2945,""branch_successes"":0,""max_stack"":23}",21635072,21635072,0,21635072,21635072,0,"","",canonical
freese,26,0,0,0,17182,5811,22993,"{""recursive_calls"":43491,""memo_hits"":11976,""branch_attempts"":11915,""branch_successes"":2,""max_stack"":23}","{""recursive_calls"":13644,""memo_hits"":1860,""branch_attempts"":2945,""branch_successes"":0,""max_stack"":23}",21635072,21635072,0,21635072,21635072,0,"","",canonical
freese,27,0,0,0,17279,5742,23021,"{""recursive_calls"":43471,""memo_hits"":11971,""branch_attempts"":11907,""branch_successes"":0,""max_stack"":23}","{""recursive_calls"":13519,""memo_hits"":1861,""branch_attempts"":2914,""branch_successes"":0,""max_stack"":23}",21635072,21635072,0,21635072,21635072,0,"","",canonical
freese,28,0,0,0,17307,5723,23030,"{""recursive_calls"":43678,""memo_hits"":11975,""branch_attempts"":11978,""branch_successes"":2,""max_stack"":23}","{""recursive_calls"":13581,""memo_hits"":1923,""branch_attempts"":2914,""branch_successes"":0,""max_stack"":23}",21635072,21635072,0,21635072,21635072,0,"","",canonical
freese,29,0,0,0,17173,5701,22874,"{""recursive_calls"":43429,""memo_hits"":11914,""branch_attempts"":11915,""branch_successes"":2,""max_stack"":23}","{""recursive_calls"":13521,""memo_hits"":1861,""branch_attempts"":2914,""branch_successes"":0,""max_stack"":23}",21635072,21635072,0,21635072,21635072,0,"","",canonical
freese,30,0,0,0,17352,5766,23118,"{""recursive_calls"":43862,""memo_hits"":11924,""branch_attempts"":12065,""branch_successes"":8,""max_stack"":23}","{""recursive_calls"":13643,""memo_hits"":1860,""branch_attempts"":2945,""branch_successes"":0,""max_stack"":23}",21635072,21635072,0,21635072,21635072,0,"","",canonical
freese,31,0,0,0,17373,5793,23166,"{""recursive_calls"":43805,""memo_hits"":11912,""branch_attempts"":12041,""branch_successes"":2,""max_stack"":23}","{""recursive_calls"":13643,""memo_hits"":1860,""branch_attempts"":2945,""branch_successes"":0,""max_stack"":23}",21635072,21635072,0,21635072,21635072,0,"","",canonical
