engine,pair_id,u_leq_v,v_leq_u,eq,uv_us,vu_us,total_us,uv_stats,vu_stats,uv_working_set,uv_peak_working_set,uv_private_bytes,vu_working_set,vu_peak_working_set,vu_private_bytes,uv_error,vu_error,representation
freese,0,0,0,0,10779,5419,16198,"{""recursive_calls"":13517,""memo_hits"":1861,""branch_attempts"":2914,""branch_successes"":0,""max_stack"":21}","{""recursive_calls"":10635,""memo_hits"":2884,""branch_attempts"":2945,""branch_successes"":0,""max_stack"":21}",20283392,20283392,0,20283392,20283392,0,"","",canonical
freese,1,0,0,0,5942,4255,10197,"{""recursive_calls"":13642,""memo_hits"":1860,""branch_attempts"":2945,""branch_successes"":0,""max_stack"":21}","{""recursive_calls"":10635,""memo_hits"":2884,""branch_attempts"":2945,""branch_successes"":0,""max_stack"":21}",20283392,20283392,0,20283392,20283392,0,"","",canonical
freese,2,0,0,0,5960,4202,10162,"{""recursive_calls"":13641,""memo_hits"":1860,""branch_attempts"":2945,""branch_successes"":0,""max_stack"":21}","{""recursive_calls"":10573,""memo_hits"":2915,""branch_attempts"":2914,""branch_successes"":0,""max_stack"":21}",20283392,20283392,0,20283392,20283392,0,"","",canonical
freese,3,0,0,0,5827,4115,9942,"{""recursive_calls"":13641,""memo_hits"":1860,""branch_attempts"":2945,""branch_successes"":0,""max_stack"":21}","{""recursive_calls"":10543,""memo_hits"":2885,""branch_attempts"":2914,""branch_successes"":0,""max_stack"":21}",20283392,20283392,0,20283392,20283392,0,"","",canonical
freese,4,0,0,0,5773,4167,9940,"{""recursive_calls"":13641,""memo_hits"":1860,""branch_attempts"":2945,""branch_successes"":0,""max_stack"":21}","{""recursive_calls"":10635,""memo_hits"":2884,""branch_attempts"":2945,""branch_successes"":0,""max_stack"":21}",20283392,20283392,0,20283392,20283392,0,"","",canonical
freese,5,0,0,0,5782,4079,9861,"{""recursive_calls"":13642,""memo_hits"":1860,""branch_attempts"":2945,""branch_successes"":0,""max_stack"":21}","{""recursive_calls"":10543,""memo_hits"":2885,""branch_attempts"":2914,""branch_successes"":0,""max_stack"":21}",20283392,20283392,0,20283392,20283392,0,"","",canonical
freese,6,0,0,0,5737,4121,9858,"{""recursive_calls"":13641,""memo_hits"":1860,""branch_attempts"":2945,""branch_successes"":0,""max_stack"":21}","{""recursive_calls"":10635,""memo_hits"":2884,""branch_attempts"":2945,""branch_successes"":0,""max_stack"":21}",20283392,20283392,0,20283392,20283392,0,"","",canonical
freese,7,0,0,0,5745,4081,9826,"{""recursive_calls"":13642,""memo_hits"":1860,""branch_attempts"":2945,""branch_successes"":0,""max_stack"":21}","{""recursive_calls"":10573,""memo_hits"":2915,""branch_attempts"":2914,""branch_successes"":0,""max_stack"":21}",20283392,20283392,0,20283392,20283392,0,"","",canonical
freese,8,0,0,0,5761,4123,9884,"{""recursive_calls"":13641,""memo_hits"":1860,""branch_attempts"":2945,""branch_successes"":0,""max_stack"":21}","{""recursive_calls"":10654,""memo_hits"":2888,""branch_attempts"":2953,""branch_successes"":2,""max_stack"":21}",20283392,20283392,0,20283392,20283392,0,"","",canonical
freese,9,0,0,0,5783,4182,9965,"{""recursive_calls"":13641,""memo_hits"":1860,""branch_attempts"":2945,""branch_successes"":0,""max_stack"":21}","{""recursive_calls"":10635,""memo_hits"":2884,""branch_attempts"":2945,""branch_successes"":0,""max_stack"":21}",20283392,20283392,0,20283392,20283392,0,"","",canonical
freese,10,0,0,0,5758,4253,10011,"{""recursive_calls"":13580,""memo_hits"":1923,""branch_attempts"":2914,""branch_successes"":0,""max_stack"":21}","{""recursive_calls"":10655,""memo_hits"":2889,""branch_attempts"":2953,""branch_successes"":2,""max_stack"":21}",20283392,20283392,0,20283392,20283392,0,"","",canonical
freese,11,0,0,0,5677,4138,9815,"{""recursive_calls"":13455,""memo_hits"":1923,""branch_attempts"":2883,""branch_successes"":0,""max_stack"":21}","{""recursive_calls"":10562,""memo_hits"":2889,""branch_attempts"":2922,""branch_successes"":2,""max_stack"":21}",20283392,20283392,0,20283392,20283392,0,"","",canonical
freese,12,0,0,0,5742,4161,9903,"{""recursive_calls"":13518,""memo_hits"":1861,""branch_attempts"":2914,""branch_successes"":0,""max_stack"":21}","{""recursive_calls"":10635,""memo_hits"":2884,""branch_attempts"":2945,""branch_successes"":0,""max_stack"":21}",20283392,20283392,0,20283392,20283392,0,"","",canonical
freese,13,0,0,0,5804,4176,9980,"{""recursive_calls"":13642,""memo_hits"":1860,""branch_attempts"":2945,""branch_successes"":0,""max_stack"":21}","{""recursive_calls"":10543,""memo_hits"":2885,""branch_attempts"":2914,""branch_successes"":0,""max_stack"":21}",20283392,20283392,0,20283392,20283392,0,"","",canonical
freese,14,0,0,0,5761,4163,9924,"{""recursive_calls"":13641,""memo_hits"":1860,""branch_attempts"":2945,""branch_successes"":0,""max_stack"":21}","{""recursive_calls"":10635,""memo_hits"":2884,""branch_attempts"":2945,""branch_successes"":0,""max_stack"":21}",20283392,20283392,0,20283392,20283392,0,"","",canonical
freese,15,0,0,0,5724,4187,9911,"{""recursive_calls"":13579,""memo_hits"":1923,""branch_attempts"":2914,""branch_successes"":0,""max_stack"":21}","{""recursive_calls"":10655,""memo_hits"":2889,""branch_attempts"":2953,""branch_successes"":2,""max_stack"":21}",20283392,20283392,0,20283392,20283392,0,"","",canonical
freese,16,0,0,0,5820,4151,9971,"{""recursive_calls"":13517,""memo_hits"":1861,""branch_attempts"":2914,""branch_successes"":0,""max_stack"":21}","{""recursive_calls"":10635,""memo_hits"":2884,""branch_attempts"":2945,""branch_successes"":0,""max_stack"":21}",20283392,20283392,0,20283392,20283392,0,"","",canonical
freese,17,0,0,0,5693,4143,9836,"{""recursive_calls"":13455,""memo_hits"":1923,""branch_attempts"":2883,""branch_successes"":0,""max_stack"":21}","{""recursive_calls"":10635,""memo_hits"":2884,""branch_attempts"":2945,""branch_successes"":0,""max_stack"":21}",20283392,20283392,0,20283392,20283392,0,"","",canonical
freese,18,0,0,0,5856,4152,10008,"{""recursive_calls"":13642,""memo_hits"":1860,""branch_attempts"":2945,""branch_successes"":0,""max_stack"":21}","{""recursive_calls"":10635,""memo_hits"":2884,""branch_attempts"":2945,""branch_successes"":0,""max_stack"":21}",20283392,20283392,0,20283392,20283392,0,"","",canonical
freese,19,0,0,0,5760,4093,9853,"{""recursive_calls"":13642,""memo_hits"":1861,""branch_attempts"":2945,""branch_successes"":0,""max_stack"":21}","{""recursive_calls"":10635,""memo_hits"":2884,""branch_attempts"":2945,""branch_successes"":0,""max_stack"":21}",20283392,20283392,0,20283392,20283392,0,"","",canonical
freese,20,0,0,0,5773,4145,9918,"{""recursive_calls"":13641,""memo_hits"":1860,""branch_attempts"":2945,""branch_successes"":0,""max_stack"":21}","{""recursive_calls"":10635,""memo_hits"":2884,""branch_attempts"":2945,""branch_successes"":0,""max_stack"":21}",20283392,20283392,0,20283392,20283392,0,"","",canonical
freese,21,0,0,0,5722,4113,9835,"{""recursive_calls"":13641,""memo_hits"":1860,""branch_attempts"":2945,""branch_successes"":0,""max_stack"":21}","{""recursive_calls"":10635,""memo_hits"":2884,""branch_attempts"":2945,""branch_successes"":0,""max_stack"":21}",20283392,20283392,0,20283392,20283392,0,"","",canonical
freese,22,0,0,0,5734,4136,9870,"{""recursive_calls"":13642,""memo_hits"":1860,""branch_attempts"":2945,""branch_successes"":0,""max_stack"":21}","{""recursive_calls"":10635,""memo_hits"":2884,""branch_attempts"":2945,""branch_successes"":0,""max_stack"":21}",20283392,20283392,0,20283392,20283392,0,"","",canonical
freese,23,0,0,0,5783,4137,9920,"{""recursive_calls"":13641,""memo_hits"":1860,""branch_attempts"":2945,""branch_successes"":0,""max_stack"":21}","{""recursive_calls"":10635,""memo_hits"":2884,""branch_attempts"":2945,""branch_successes"":0,""max_stack"":21}",20283392,20283392,0,20283392,20283392,0,"","",canonical
freese,24,0,0,0,5737,4155,9892,"{""recursive_calls"":13641,""memo_hits"":1860,""branch_attempts"":2945,""branch_successes"":0,""max_stack"":21}","{""recursive_calls"":10635,""memo_hits"":2884,""branch_attempts"":2945,""branch_successes"":0,""max_stack"":21}",20283392,20283392,0,20283392,20283392,0,"","",canonical
freese,25,0,0,0,5867,4090,9957,"{""recursive_calls"":13641,""memo_hits"":1860,""branch_attempts"":2945,""branch_successes"":0,""max_stack"":21}","{""recursive_calls"":10592,""memo_hits"":2919,""branch_attempts"":2922,""branch_successes"":2,""max_stack"":21}",20283392,20283392,0,20283392,20283392,0,"","",canonical
freese,26,0,0,0,5794,4144,9938,"{""recursive_calls"":13643,""memo_hits"":1860,""branch_attempts"":2945,""branch_successes"":0,""max_stack"":21}","{""recursive_calls"":10635,""memo_hits"":2884,""branch_attempts"":2945,""branch_successes"":0,""max_stack"":21}",20283392,20283392,0,20283392,20283392,0,"","",canonical
freese,27,0,0,0,5779,4124,9903,"{""recursive_calls"":13641,""memo_hits"":1860,""branch_attempts"":2945,""branch_successes"":0,""max_stack"":21}","{""recursive_calls"":10543,""memo_hits"":2885,""branch_attempts"":2914,""branch_successes"":0,""max_stack"":21}",20283392,20283392,0,20283392,20283392,0,"","",canonical
freese,28,0,0,0,5735,4204,9939,"{""recursive_calls"":13455,""memo_hits"":1923,""branch_attempts"":2883,""branch_successes"":0,""max_stack"":21}","{""recursive_calls"":10635,""memo_hits"":2884,""branch_attempts"":2945,""branch_successes"":0,""max_stack"":21}",20283392,20283392,0,20283392,20283392,0,"","",canonical
freese,29,0,0,0,5752,4119,9871,"{""recursive_calls"":13642,""memo_hits"":1860,""branch_attempts"":2945,""branch_successes"":0,""max_stack"":21}","{""recursive_calls"":10635,""memo_hits"":2884,""branch_attempts"":2945,""branch_successes"":0,""max_stack"":21}",20283392,20283392,0,20283392,20283392,0,"","",canonical
freese,30,0,0,0,5915,4183,10098,"{""recursive_calls"":13578,""memo_hits"":1860,""branch_attempts"":2945,""branch_successes"":0,""max_stack"":21}","{""recursive_calls"":10635,""memo_hits"":2884,""branch_attempts"":2945,""branch_successes"":0,""max_stack"":21}",20283392,20283392,0,20283392,20283392,0,"","",canonical
freese,31,0,0,0,5697,4151,9848,"{""recursive_calls"":13520,""memo_hits"":1986,""branch_attempts"":2883,""branch_successes"":0,""max_stack"":21}","{""recursive_calls"":10635,""memo_hits"":2884,""branch_attempts"":2945,""branch_successes"":0,""max_stack"":21}",20283392,20283392,0,20283392,20283392,0,"","",canonical
