engine,pair_id,u_leq_v,v_leq_u,eq,uv_us,vu_us,total_us,uv_stats,vu_stats,uv_working_set,uv_peak_working_set,uv_private_bytes,vu_working_set,vu_peak_working_set,vu_private_bytes,uv_error,vu_error,representation
freese,0,0,0,0,3830,1124,4954,"{""recursive_calls"":2505,""memo_hits"":676,""branch_attempts"":705,""branch_successes"":0,""max_stack"":15}","{""recursive_calls"":731,""memo_hits"":84,""branch_attempts"":161,""branch_successes"":0,""max_stack"":15}",18391040,18391040,0,18391040,18391040,0,"","",canonical
freese,1,0,0,0,3231,1105,4336,"{""recursive_calls"":2505,""memo_hits"":676,""branch_attempts"":705,""branch_successes"":0,""max_stack"":15}","{""recursive_calls"":731,""memo_hits"":84,""branch_attempts"":161,""branch_successes"":0,""max_stack"":15}",18391040,18391040,0,18391040,18391040,0,"","",canonical
freese,2,0,0,0,2097,709,2806,"{""recursive_calls"":2505,""memo_hits"":676,""branch_attempts"":705,""branch_successes"":0,""max_stack"":15}","{""recursive_calls"":731,""memo_hits"":84,""branch_attempts"":161,""branch_successes"":0,""max_stack"":15}",18391040,18391040,0,18391040,18391040,0,"","",canonical
freese,3,0,0,0,2055,713,2768,"{""recursive_calls"":2505,""memo_hits"":676,""branch_attempts"":705,""branch_successes"":0,""max_stack"":15}","{""recursive_calls"":731,""memo_hits"":84,""branch_attempts"":161,""branch_successes"":0,""max_stack"":15}",18391040,18391040,0,18391040,18391040,0,"","",canonical
freese,4,0,0,0,1388,470,1858,"{""recursive_calls"":2505,""memo_hits"":676,""branch_attempts"":705,""branch_successes"":0,""max_stack"":15}","{""recursive_calls"":731,""memo_hits"":84,""branch_attempts"":161,""branch_successes"":0,""max_stack"":15}",18391040,18391040,0,18391040,18391040,0,"","",canonical
freese,5,0,0,0,1377,488,1865,"{""recursive_calls"":2505,""memo_hits"":676,""branch_attempts"":705,""branch_successes"":0,""max_stack"":15}","{""recursive_calls"":731,""memo_hits"":84,""branch_attempts"":161,""branch_successes"":0,""max_stack"":15}",18391040,18391040,0,18391040,18391040,0,"","",canonical
freese,6,0,0,0,1364,481,1845,"{""recursive_calls"":2505,""memo_hits"":676,""branch_attempts"":705,""branch_successes"":0,""max_stack"":15}","{""recursive_calls"":731,""memo_hits"":84,""branch_attempts"":161,""branch_successes"":0,""max_stack"":15}",18391040,18391040,0,18391040,18391040,0,"","",canonical
freese,7,0,0,0,1042,343,1385,"{""recursive_calls"":2505,""memo_hits"":676,""branch_attempts"":705,""branch_successes"":0,""max_stack"":15}","{""recursive_calls"":731,""memo_hits"":84,""branch_attempts"":161,""branch_successes"":0,""max_stack"":15}",18391040,18391040,0,18391040,18391040,0,"","",canonical
freese,8,0,0,0,1002,349,1351,"{""recursive_calls"":2505,""memo_hits"":676,""branch_attempts"":705,""branch_successes"":0,""max_stack"":15}","{""recursive_calls"":731,""memo_hits"":84,""branch_attempts"":161,""branch_successes"":0,""max_stack"":15}",18391040,18391040,0,18391040,18391040,0,"","",canonical
freese,9,0,0,0,1000,349,1349,"{""recursive_calls"":2505,""memo_hits"":676,""branch_attempts"":705,""branch_successes"":0,""max_stack"":15}","{""recursive_calls"":731,""memo_hits"":84,""branch_attempts"":161,""branch_successes"":0,""max_stack"":15}",18391040,18391040,0,18391040,18391040,0,"","",canonical
freese,10,0,0,0,1023,344,1367,"{""recursive_calls"":2505,""memo_hits"":676,""branch_attempts"":705,""branch_successes"":0,""max_stack"":15}","{""recursive_calls"":731,""memo_hits"":84,""branch_attempts"":161,""branch_successes"":0,""max_stack"":15}",18391040,18391040,0,18391040,18391040,0,"","",canonical
freese,11,0,0,0,984,338,1322,"{""recursive_calls"":2505,""memo_hits"":676,""branch_attempts"":705,""branch_successes"":0,""max_stack"":15}","{""recursive_calls"":732,""memo_hits"":84,""branch_attempts"":161,""branch_successes"":0,""max_stack"":15}",18391040,18391040,0,18391040,18391040,0,"","",canonical
freese,12,0,0,0,1031,328,1359,"{""recursive_calls"":2505,""memo_hits"":676,""branch_attempts"":705,""branch_successes"":0,""max_stack"":15}","{""recursive_calls"":717,""memo_hits"":99,""branch_attempts"":154,""branch_successes"":0,""max_stack"":15}",18391040,18391040,0,18391040,18391040,0,"","",canonical
freese,13,0,0,0,983,342,1325,"{""recursive_calls"":2505,""memo_hits"":676,""branch_attempts"":705,""branch_successes"":0,""max_stack"":15}","{""recursive_calls"":731,""memo_hits"":84,""branch_attempts"":161,""branch_successes"":0,""max_stack"":15}",18391040,18391040,0,18391040,18391040,0,"","",canonical
freese,14,0,0,0,3797,1317,5114,"{""recursive_calls"":2505,""memo_hits"":676,""branch_attempts"":705,""branch_successes"":0,""max_stack"":15}","{""recursive_calls"":731,""memo_hits"":84,""branch_attempts"":161,""branch_successes"":0,""max_stack"":15}",18391040,18391040,0,18391040,18391040,0,"","",canonical
freese,15,0,0,0,3200,849,4049,"{""recursive_calls"":2461,""memo_hits"":677,""branch_attempts"":690,""branch_successes"":0,""max_stack"":15}","{""recursive_calls"":731,""memo_hits"":84,""branch_attempts"":161,""branch_successes"":0,""max_stack"":15}",18391040,18391040,0,18391040,18391040,0,"","",canonical
freese,16,0,0,0,2380,842,3222,"{""recursive_calls"":2505,""memo_hits"":676,""branch_attempts"":705,""branch_successes"":0,""max_stack"":15}","{""recursive_calls"":731,""memo_hits"":84,""branch_attempts"":161,""branch_successes"":0,""max_stack"":15}",18391040,18391040,0,18391040,18391040,0,"","",canonical
freese,17,0,0,0,1816,540,2356,"{""recursive_calls"":2505,""memo_hits"":676,""branch_attempts"":705,""branch_successes"":0,""max_stack"":15}","{""recursive_calls"":731,""memo_hits"":84,""branch_attempts"":161,""branch_successes"":0,""max_stack"":15}",18391040,18391040,0,18391040,18391040,0,"","",canonical
freese,18,0,0,0,1548,537,2085,"{""recursive_calls"":2505,""memo_hits"":676,""branch_attempts"":705,""branch_successes"":0,""max_stack"":15}","{""recursive_calls"":731,""memo_hits"":84,""branch_attempts"":161,""branch_successes"":0,""max_stack"":15}",18391040,18391040,0,18391040,18391040,0,"","",canonical
freese,19,0,0,0,1552,541,2093,"{""recursive_calls"":2505,""memo_hits"":676,""branch_attempts"":705,""branch_successes"":0,""max_stack"":15}","{""recursive_calls"":731,""memo_hits"":84,""branch_attempts"":161,""branch_successes"":0,""max_stack"":15}",18391040,18391040,0,18391040,18391040,0,"","",canonical
freese,20,0,0,0,1044,368,1412,"{""recursive_calls"":2505,""memo_hits"":676,""branch_attempts"":705,""branch_successes"":0,""max_stack"":15}","{""recursive_calls"":731,""memo_hits"":84,""branch_attempts"":161,""branch_successes"":0,""max_stack"":15}",18391040,18391040,0,18391040,18391040,0,"","",canonical
freese,21,0,0,0,1056,365,1421,"{""recursive_calls"":2505,""memo_hits"":676,""branch_attempts"":705,""branch_successes"":0,""max_stack"":15}","{""recursive_calls"":731,""memo_hits"":84,""branch_attempts"":161,""branch_successes"":0,""max_stack"":15}",18391040,18391040,0,18391040,18391040,0,"","",canonical
freese,22,0,0,0,1053,351,1404,"{""recursive_calls"":2505,""memo_hits"":676,""branch_attempts"":705,""branch_successes"":0,""max_stack"":15}","{""recursive_calls"":731,""memo_hits"":84,""branch_attempts"":161,""branch_successes"":0,""max_stack"":15}",18391040,18391040,0,18391040,18391040,0,"","",canonical
freese,23,0,0,0,1048,373,1421,"{""recursive_calls"":2505,""memo_hits"":676,""branch_attempts"":705,""branch_successes"":0,""max_stack"":15}","{""recursive_calls"":731,""memo_hits"":84,""branch_attempts"":161,""branch_successes"":0,""max_stack"":15}",18391040,18391040,0,18391040,18391040,0,"","",canonical
freese,24,0,0,0,982,362,1344,"{""recursive_calls"":2475,""memo_hits"":691,""branch_attempts"":690,""branch_successes"":0,""max_stack"":15}","{""recursive_calls"":731,""memo_hits"":84,""branch_attempts"":161,""branch_successes"":0,""max_stack"":15}",18391040,18391040,0,18391040,18391040,0,"","",canonical
freese,25,0,0,0,979,339,1318,"{""recursive_calls"":2505,""memo_hits"":676,""branch_attempts"":705,""branch_successes"":0,""max_stack"":15}","{""recursive_calls"":731,""memo_hits"":84,""branch_attempts"":161,""branch_successes"":0,""max_stack"":15}",18391040,18391040,0,18391040,18391040,0,"","",canonical
freese,26,0,0,0,970,340,1310,"{""recursive_calls"":2505,""memo_hits"":676,""branch_attempts"":705,""branch_successes"":0,""max_stack"":15}","{""recursive_calls"":731,""memo_hits"":84,""branch_attempts"":161,""branch_successes"":0,""max_stack"":15}",18391040,18391040,0,18391040,18391040,0,"","",canonical
freese,27,0,0,0,977,347,1324,"{""recursive_calls"":2505,""memo_hits"":676,""branch_attempts"":705,""branch_successes"":0,""max_stack"":15}","{""recursive_calls"":731,""memo_hits"":84,""branch_attempts"":161,""branch_successes"":0,""max_stack"":15}",18391040,18391040,0,18391040,18391040,0,"","",canonical
freese,28,0,0,0,988,337,1325,"{""recursive_calls"":2505,""memo_hits"":676,""branch_attempts"":705,""branch_successes"":0,""max_stack"":15}","{""recursive_calls"":731,""memo_hits"":84,""branch_attempts"":161,""branch_successes"":0,""max_stack"":15}",18391040,18391040,0,18391040,18391040,0,"","",canonical
freese,29,0,0,0,981,340,1321,"{""recursive_calls"":2505,""memo_hits"":676,""branch_attempts"":705,""branch_successes"":0,""max_stack"":15}","{""recursive_calls"":731,""memo_hits"":84,""branch_attempts"":161,""branch_successes"":0,""max_stack"":15}",18391040,18391040,0,18391040,18391040,0,"","",canonical
freese,30,0,0,0,974,336,1310,"{""recursive_calls"":2461,""memo_hits"":677,""branch_attempts"":690,""branch_successes"":0,""max_stack"":15}","{""recursive_calls"":731,""memo_hits"":84,""branch_attempts"":161,""branch_successes"":0,""max_stack"":15}",18391040,18391040,0,18391040,18391040,0,"","",canonical
freese,31,0,0,0,971,347,1318,"{""recursive_calls"":2505,""memo_hits"":676,""branch_attempts"":705,""branch_successes"":0,""max_stack"":15}","{""recursive_calls"":731,""memo_hits"":84,""branch_attempts"":161,""branch_successes"":0,""max_stack"":15}",18391040,18391040,0,18391040,18391040,0,"","",canonical
