engine,pair_id,u_leq_v,v_leq_u,eq,uv_us,vu_us,total_us,uv_stats,vu_stats,uv_working_set,uv_peak_working_set,uv_private_bytes,vu_working_set,vu_peak_working_set,vu_private_bytes,uv_error,vu_error,representation
freese,0,0,0,0,963,251,1214,"{""recursive_calls"":553,""memo_hits"":148,""branch_attempts"":161,""branch_successes"":0,""max_stack"":11}","{""recursive_calls"":147,""memo_hits"":12,""branch_attempts"":33,""branch_successes"":0,""max_stack"":11}",17850368,17850368,0,17850368,17850368,0,"","",canonical
freese,1,0,0,0,981,248,1229,"{""recursive_calls"":553,""memo_hits"":148,""branch_attempts"":161,""branch_successes"":0,""max_stack"":11}","{""recursive_calls"":147,""memo_hits"":12,""branch_attempts"":33,""branch_successes"":0,""max_stack"":11}",17850368,17850368,0,17850368,17850368,0,"","",canonical
freese,2,0,0,0,957,247,1204,"{""recursive_calls"":553,""memo_hits"":148,""branch_attempts"":161,""branch_successes"":0,""max_stack"":11}","{""recursive_calls"":147,""memo_hits"":12,""branch_attempts"":33,""branch_successes"":0,""max_stack"":11}",17850368,17850368,0,17850368,17850368,0,"","",canonical
freese,3,0,0,0,956,249,1205,"{""recursive_calls"":553,""memo_hits"":148,""branch_attempts"":161,""branch_successes"":0,""max_stack"":11}","{""recursive_calls"":147,""memo_hits"":12,""branch_attempts"":33,""branch_successes"":0,""max_stack"":11}",17850368,17850368,0,17850368,17850368,0,"","",canonical
freese,4,0,0,0,957,249,1206,"{""recursive_calls"":553,""memo_hits"":148,""branch_attempts"":161,""branch_successes"":0,""max_stack"":11}","{""recursive_calls"":147,""memo_hits"":12,""branch_attempts"":33,""branch_successes"":0,""max_stack"":11}",17850368,17850368,0,17850368,17850368,0,"","",canonical
freese,5,0,0,0,961,156,1117,"{""recursive_calls"":553,""memo_hits"":148,""branch_attempts"":161,""branch_successes"":0,""max_stack"":11}","{""recursive_calls"":147,""memo_hits"":12,""branch_attempts"":33,""branch_successes"":0,""max_stack"":11}",17850368,17850368,0,17850368,17850368,0,"","",canonical
freese,6,0,0,0,603,156,759,"{""recursive_calls"":553,""memo_hits"":148,""branch_attempts"":161,""branch_successes"":0,""max_stack"":11}","{""recursive_calls"":147,""memo_hits"":12,""branch_attempts"":33,""branch_successes"":0,""max_stack"":11}",17850368,17850368,0,17850368,17850368,0,"","",canonical
freese,7,0,0,0,614,157,771,"{""recursive_calls"":553,""memo_hits"":148,""branch_attempts"":161,""branch_successes"":0,""max_stack"":11}","{""recursive_calls"":147,""memo_hits"":12,""branch_attempts"":33,""branch_successes"":0,""max_stack"":11}",17850368,17850368,0,17850368,17850368,0,"","",canonical
freese,8,0,0,0,602,156,758,"{""recursive_calls"":553,""memo_hits"":148,""branch_attempts"":161,""branch_successes"":0,""max_stack"":11}","{""recursive_calls"":147,""memo_hits"":12,""branch_attempts"":33,""branch_successes"":0,""max_stack"":11}",17850368,17850368,0,17850368,17850368,0,"","",canonical
freese,9,0,0,0,605,156,761,"{""recursive_calls"":553,""memo_hits"":148,""branch_attempts"":161,""branch_successes"":0,""max_stack"":11}","{""recursive_calls"":147,""memo_hits"":12,""branch_attempts"":33,""branch_successes"":0,""max_stack"":11}",17850368,17850368,0,17850368,17850368,0,"","",canonical
freese,10,0,0,0,602,158,760,"{""recursive_calls"":553,""memo_hits"":148,""branch_attempts"":161,""branch_successes"":0,""max_stack"":11}","{""recursive_calls"":147,""memo_hits"":12,""branch_attempts"":33,""branch_successes"":0,""max_stack"":11}",17850368,17850368,0,17850368,17850368,0,"","",canonical
freese,11,0,0,0,603,156,759,"{""recursive_calls"":553,""memo_hits"":148,""branch_attempts"":161,""branch_successes"":0,""max_stack"":11}","{""recursive_calls"":147,""memo_hits"":12,""branch_attempts"":33,""branch_successes"":0,""max_stack"":11}",17850368,17850368,0,17850368,17850368,0,"","",canonical
freese,12,0,0,0,601,165,766,"{""recursive_calls"":553,""memo_hits"":148,""branch_attempts"":161,""branch_successes"":0,""max_stack"":11}","{""recursive_calls"":147,""memo_hits"":12,""branch_attempts"":33,""branch_successes"":0,""max_stack"":11}",17850368,17850368,0,17850368,17850368,0,"","",canonical
freese,13,0,0,0,392,115,507,"{""recursive_calls"":553,""memo_hits"":148,""branch_attempts"":161,""branch_successes"":0,""max_stack"":11}","{""recursive_calls"":147,""memo_hits"":12,""branch_attempts"":33,""branch_successes"":0,""max_stack"":11}",17850368,17850368,0,17850368,17850368,0,"","",canonical
freese,14,0,0,0,977,251,1228,"{""recursive_calls"":553,""memo_hits"":148,""branch_attempts"":161,""branch_successes"":0,""max_stack"":11}","{""recursive_calls"":147,""memo_hits"":12,""branch_attempts"":33,""branch_successes"":0,""max_stack"":11}",17850368,17850368,0,17850368,17850368,0,"","",canonical
freese,15,0,0,0,950,248,1198,"{""recursive_calls"":553,""memo_hits"":148,""branch_attempts"":161,""branch_successes"":0,""max_stack"":11}","{""recursive_calls"":147,""memo_hits"":12,""branch_attempts"":33,""branch_successes"":0,""max_stack"":11}",17850368,17850368,0,17850368,17850368,0,"","",canonical
freese,16,0,0,0,956,247,1203,"{""recursive_calls"":553,""memo_hits"":148,""branch_attempts"":161,""branch_successes"":0,""max_stack"":11}","{""recursive_calls"":147,""memo_hits"":12,""branch_attempts"":33,""branch_successes"":0,""max_stack"":11}",17850368,17850368,0,17850368,17850368,0,"","",canonical
freese,17,0,0,0,993,248,1241,"{""recursive_calls"":553,""memo_hits"":148,""branch_attempts"":161,""branch_successes"":0,""max_stack"":11}","{""recursive_calls"":147,""memo_hits"":12,""branch_attempts"":33,""branch_successes"":0,""max_stack"":11}",17850368,17850368,0,17850368,17850368,0,"","",canonical
freese,18,0,0,0,827,210,1037,"{""recursive_calls"":553,""memo_hits"":148,""branch_attempts"":161,""branch_successes"":0,""max_stack"":11}","{""recursive_calls"":147,""memo_hits"":12,""branch_attempts"":33,""branch_successes"":0,""max_stack"":11}",17850368,17850368,0,17850368,17850368,0,"","",canonical
freese,19,0,0,0,813,214,1027,"{""recursive_calls"":553,""memo_hits"":148,""branch_attempts"":161,""branch_successes"":0,""max_stack"":11}","{""recursive_calls"":147,""memo_hits"":12,""branch_attempts"":33,""branch_successes"":0,""max_stack"":11}",17850368,17850368,0,17850368,17850368,0,"","",canonical
freese,20,0,0,0,824,213,1037,"{""recursive_calls"":553,""memo_hits"":148,""branch_attempts"":161,""branch_successes"":0,""max_stack"":11}","{""recursive_calls"":147,""memo_hits"":12,""branch_attempts"":33,""branch_successes"":0,""max_stack"":11}",17850368,17850368,0,17850368,17850368,0,"","",canonical
freese,21,0,0,0,821,219,1040,"{""recursive_calls"":553,""memo_hits"":148,""branch_attempts"":161,""branch_successes"":0,""max_stack"":11}","{""recursive_calls"":147,""memo_hits"":12,""branch_attempts"":33,""branch_successes"":0,""max_stack"":11}",17850368,17850368,0,17850368,17850368,0,"","",canonical
freese,22,0,0,0,816,211,1027,"{""recursive_calls"":553,""memo_hits"":148,""branch_attempts"":161,""branch_successes"":0,""max_stack"":11}","{""recursive_calls"":148,""memo_hits"":12,""branch_attempts"":33,""branch_successes"":0,""max_stack"":11}",17850368,17850368,0,17850368,17850368,0,"","",canonical
freese,23,0,0,0,758,141,899,"{""recursive_calls"":553,""memo_hits"":148,""branch_attempts"":161,""branch_successes"":0,""max_stack"":11}","{""recursive_calls"":147,""memo_hits"":12,""branch_attempts"":33,""branch_successes"":0,""max_stack"":11}",17850368,17850368,0,17850368,17850368,0,"","",canonical
freese,24,0,0,0,547,141,688,"{""recursive_calls"":553,""memo_hits"":148,""branch_attempts"":161,""branch_successes"":0,""max_stack"":11}","{""recursive_calls"":147,""memo_hits"":12,""branch_attempts"":33,""branch_successes"":0,""max_stack"":11}",17850368,17850368,0,17850368,17850368,0,"","",canonical
freese,25,0,0,0,549,140,689,"{""recursive_calls"":553,""memo_hits"":148,""branch_attempts"":161,""branch_successes"":0,""max_stack"":11}","{""recursive_calls"":147,""memo_hits"":12,""branch_attempts"":33,""branch_successes"":0,""max_stack"":11}",17850368,17850368,0,17850368,17850368,0,"","",canonical
freese,26,0,0,0,546,141,687,"{""recursive_calls"":553,""memo_hits"":148,""branch_attempts"":161,""branch_successes"":0,""max_stack"":11}","{""recursive_calls"":147,""memo_hits"":12,""branch_attempts"":33,""branch_successes"":0,""max_stack"":11}",17850368,17850368,0,17850368,17850368,0,"","",canonical
freese,27,0,0,0,552,141,693,"{""recursive_calls"":553,""memo_hits"":148,""branch_attempts"":161,""branch_successes"":0,""max_stack"":11}","{""recursive_calls"":147,""memo_hits"":12,""branch_attempts"":33,""branch_successes"":0,""max_stack"":11}",17850368,17850368,0,17850368,17850368,0,"","",canonical
freese,28,0,0,0,542,141,683,"{""recursive_calls"":553,""memo_hits"":148,""branch_attempts"":161,""branch_successes"":0,""max_stack"":11}","{""recursive_calls"":147,""memo_hits"":12,""branch_attempts"":33,""branch_successes"":0,""max_stack"":11}",17850368,17850368,0,17850368,17850368,0,"","",canonical
freese,29,0,0,0,542,142,684,"{""recursive_calls"":553,""memo_hits"":148,""branch_attempts"":161,""branch_successes"":0,""max_stack"":11}","{""recursive_calls"":147,""memo_hits"":12,""branch_attempts"":33,""branch_successes"":0,""max_stack"":11}",17850368,17850368,0,17850368,17850368,0,"","",canonical
freese,30,0,0,0,552,142,694,"{""recursive_calls"":553,""memo_hits"":148,""branch_attempts"":161,""branch_successes"":0,""max_stack"":11}","{""recursive_calls"":147,""memo_hits"":12,""branch_attempts"":33,""branch_successes"":0,""max_stack"":11}",17850368,17850368,0,17850368,17850368,0,"","",canonical
freese,31,0,0,0,526,92,618,"{""recursive_calls"":553,""memo_hits"":148,""branch_attempts"":161,""branch_successes"":0,""max_stack"":11}","{""recursive_calls"":147,""memo_hits"":12,""branch_attempts"":33,""branch_successes"":0,""max_stack"":11}",17850368,17850368,0,17850368,17850368,0,"","",canonical
