engine,pair_id,u_leq_v,v_leq_u,eq,uv_us,vu_us,total_us,uv_stats,vu_stats,uv_working_set,uv_peak_working_set,uv_private_bytes,vu_working_set,vu_peak_working_set,vu_private_bytes,uv_error,vu_error,representation
freese,0,0,0,0,10284,2703,12987,"{""recursive_calls"":10571,""memo_hits"":2915,""branch_attempts"":2914,""branch_successes"":0,""max_stack"":19}","{""recursive_calls"":3243,""memo_hits"":420,""branch_attempts"":705,""branch_successes"":0,""max_stack"":19}",19472384,19472384,0,19472384,19472384,0,"","",canonical
freese,1,0,0,0,10310,2342,12652,"{""recursive_calls"":10571,""memo_hits"":2915,""branch_attempts"":2914,""branch_successes"":0,""max_stack"":19}","{""recursive_calls"":3243,""memo_hits"":420,""branch_attempts"":705,""branch_successes"":0,""max_stack"":19}",19472384,19472384,0,19472384,19472384,0,"","",canonical
freese,2,0,0,0,4991,1525,6516,"{""recursive_calls"":10633,""memo_hits"":2884,""branch_attempts"":2945,""branch_successes"":0,""max_stack"":19}","{""recursive_calls"":3243,""memo_hits"":420,""branch_attempts"":705,""branch_successes"":0,""max_stack"":19}",19472384,19472384,0,19472384,19472384,0,"","",canonical
freese,3,0,0,0,4207,1350,5557,"{""recursive_calls"":10633,""memo_hits"":2884,""branch_attempts"":2945,""branch_successes"":0,""max_stack"":19}","{""recursive_calls"":3243,""memo_hits"":420,""branch_attempts"":705,""branch_successes"":0,""max_stack"":19}",19472384,19472384,0,19472384,19472384,0,"","",canonical
freese,4,0,0,0,4128,1369,5497,"{""recursive_calls"":10560,""memo_hits"":2889,""branch_attempts"":2922,""branch_successes"":2,""max_stack"":19}","{""recursive_calls"":3243,""memo_hits"":420,""branch_attempts"":705,""branch_successes"":0,""max_stack"":19}",19472384,19472384,0,19472384,19472384,0,"","",canonical
freese,5,0,0,0,4138,1369,5507,"{""recursive_calls"":10560,""memo_hits"":2889,""branch_attempts"":2922,""branch_successes"":2,""max_stack"":19}","{""recursive_calls"":3243,""memo_hits"":420,""branch_attempts"":705,""branch_successes"":0,""max_stack"":19}",19472384,19472384,0,19472384,19472384,0,"","",canonical
freese,6,0,0,0,4143,1455,5598,"{""recursive_calls"":10633,""memo_hits"":2884,""branch_attempts"":2945,""branch_successes"":0,""max_stack"":19}","{""recursive_calls"":3243,""memo_hits"":420,""branch_attempts"":705,""branch_successes"":0,""max_stack"":19}",19472384,19472384,0,19472384,19472384,0,"","",canonical
freese,7,0,0,0,4128,1379,5507,"{""recursive_calls"":10633,""memo_hits"":2884,""branch_attempts"":2945,""branch_successes"":0,""max_stack"":19}","{""recursive_calls"":3243,""memo_hits"":420,""branch_attempts"":705,""branch_successes"":0,""max_stack"":19}",19472384,19472384,0,19472384,19472384,0,"","",canonical
freese,8,0,0,0,4129,1357,5486,"{""recursive_calls"":10652,""memo_hits"":2888,""branch_attempts"":2953,""branch_successes"":2,""max_stack"":19}","{""recursive_calls"":3243,""memo_hits"":420,""branch_attempts"":705,""branch_successes"":0,""max_stack"":19}",19472384,19472384,0,19472384,19472384,0,"","",canonical
freese,9,0,0,0,4158,1364,5522,"{""recursive_calls"":10633,""memo_hits"":2884,""branch_attempts"":2945,""branch_successes"":0,""max_stack"":19}","{""recursive_calls"":3243,""memo_hits"":420,""branch_attempts"":705,""branch_successes"":0,""max_stack"":19}",19472384,19472384,0,19472384,19472384,0,"","",canonical
freese,10,0,0,0,4213,1350,5563,"{""recursive_calls"":10633,""memo_hits"":2884,""branch_attempts"":2945,""branch_successes"":0,""max_stack"":19}","{""recursive_calls"":3243,""memo_hits"":420,""branch_attempts"":705,""branch_successes"":0,""max_stack"":19}",19472384,19472384,0,19472384,19472384,0,"","",canonical
freese,11,0,0,0,4267,1367,5634,"{""recursive_calls"":10652,""memo_hits"":2888,""branch_attempts"":2953,""branch_successes"":2,""max_stack"":19}","{""recursive_calls"":3243,""memo_hits"":420,""branch_attempts"":705,""branch_successes"":0,""max_stack"":19}",19472384,19472384,0,19472384,19472384,0,"","",canonical
freese,12,0,0,0,4140,1367,5507,"{""recursive_calls"":10633,""memo_hits"":2884,""branch_attempts"":2945,""branch_successes"":0,""max_stack"":19}","{""recursive_calls"":3243,""memo_hits"":420,""branch_attempts"":705,""branch_successes"":0,""max_stack"":19}",19472384,19472384,0,19472384,19472384,0,"","",canonical
freese,13,0,0,0,4172,1384,5556,"{""recursive_calls"":10652,""memo_hits"":2888,""branch_attempts"":2953,""branch_successes"":2,""max_stack"":19}","{""recursive_calls"":3243,""memo_hits"":420,""branch_attempts"":705,""branch_successes"":0,""max_stack"":19}",19472384,19472384,0,19472384,19472384,0,"","",canonical
freese,14,0,0,0,4188,1373,5561,"{""recursive_calls"":10674,""memo_hits"":2893,""branch_attempts"":2961,""branch_successes"":4,""max_stack"":19}","{""recursive_calls"":3244,""memo_hits"":420,""branch_attempts"":705,""branch_successes"":0,""max_stack"":19}",19472384,19472384,0,19472384,19472384,0,"","",canonical
freese,15,0,0,0,4225,1364,5589,"{""recursive_calls"":10633,""memo_hits"":2884,""branch_attempts"":2945,""branch_successes"":0,""max_stack"":19}","{""recursive_calls"":3243,""memo_hits"":420,""branch_attempts"":705,""branch_successes"":0,""max_stack"":19}",19472384,19472384,0,19472384,19472384,0,"","",canonical
freese,16,0,0,0,4125,1362,5487,"{""recursive_calls"":10633,""memo_hits"":2884,""branch_attempts"":2945,""branch_successes"":0,""max_stack"":19}","{""recursive_calls"":3243,""memo_hits"":420,""branch_attempts"":705,""branch_successes"":0,""max_stack"":19}",19472384,19472384,0,19472384,19472384,0,"","",canonical
freese,17,0,0,0,4182,1344,5526,"{""recursive_calls"":10633,""memo_hits"":2884,""branch_attempts"":2945,""branch_successes"":0,""max_stack"":19}","{""recursive_calls"":3183,""memo_hits"":421,""branch_attempts"":690,""branch_successes"":0,""max_stack"":19}",19472384,19472384,0,19472384,19472384,0,"","",canonical
freese,18,0,0,0,4118,1361,5479,"{""recursive_calls"":10633,""memo_hits"":2884,""branch_attempts"":2945,""branch_successes"":0,""max_stack"":19}","{""recursive_calls"":3243,""memo_hits"":420,""branch_attempts"":705,""branch_successes"":0,""max_stack"":19}",19472384,19472384,0,19472384,19472384,0,"","",canonical
freese,19,0,0,0,4133,1372,5505,"{""recursive_calls"":10633,""memo_hits"":2884,""branch_attempts"":2945,""branch_successes"":0,""max_stack"":19}","{""recursive_calls"":3243,""memo_hits"":420,""branch_attempts"":705,""branch_successes"":0,""max_stack"":19}",19472384,19472384,0,19472384,19472384,0,"","",canonical
freese,20,0,0,0,4158,1331,5489,"{""recursive_calls"":10633,""memo_hits"":2884,""branch_attempts"":2945,""branch_successes"":0,""max_stack"":19}","{""recursive_calls"":3153,""memo_hits"":451,""branch_attempts"":675,""branch_successes"":0,""max_stack"":19}",19472384,19472384,0,19472384,19472384,0,"","",canonical
freese,21,0,0,0,4159,1354,5513,"{""recursive_calls"":10633,""memo_hits"":2884,""branch_attempts"":2945,""branch_successes"":0,""max_stack"":19}","{""recursive_calls"":3243,""memo_hits"":420,""branch_attempts"":705,""branch_successes"":0,""max_stack"":19}",19472384,19472384,0,19472384,19472384,0,"","",canonical
freese,22,0,0,0,4147,1367,5514,"{""recursive_calls"":10653,""memo_hits"":2890,""branch_attempts"":2953,""branch_successes"":2,""max_stack"":19}","{""recursive_calls"":3243,""memo_hits"":420,""branch_attempts"":705,""branch_successes"":0,""max_stack"":19}",19472384,19472384,0,19472384,19472384,0,"","",canonical
freese,23,0,0,0,4151,1331,5482,"{""recursive_calls"":10633,""memo_hits"":2884,""branch_attempts"":2945,""branch_successes"":0,""max_stack"":19}","{""recursive_calls"":3183,""memo_hits"":421,""branch_attempts"":690,""branch_successes"":0,""max_stack"":19}",19472384,19472384,0,19472384,19472384,0,"","",canonical
freese,24,0,0,0,4142,1345,5487,"{""recursive_calls"":10633,""memo_hits"":2884,""branch_attempts"":2945,""branch_successes"":0,""max_stack"":19}","{""recursive_calls"":3228,""memo_hits"":436,""branch_attempts"":705,""branch_successes"":0,""max_stack"":19}",19472384,19472384,0,19472384,19472384,0,"","",canonical
freese,25,0,0,0,4148,1364,5512,"{""recursive_calls"":10653,""memo_hits"":2888,""branch_attempts"":2953,""branch_successes"":2,""max_stack"":19}","{""recursive_calls"":3243,""memo_hits"":420,""branch_attempts"":705,""branch_successes"":0,""max_stack"":19}",19472384,19472384,0,19472384,19472384,0,"","",canonical
freese,26,0,0,0,4147,1372,5519,"{""recursive_calls"":10633,""memo_hits"":2884,""branch_attempts"":2945,""branch_successes"":0,""max_stack"":19}","{""recursive_calls"":3243,""memo_hits"":420,""branch_attempts"":705,""branch_successes"":0,""max_stack"":19}",19472384,19472384,0,19472384,19472384,0,"","",canonical
freese,27,0,0,0,4085,1362,5447,"{""recursive_calls"":10498,""memo_hits"":2919,""branch_attempts"":2891,""branch_successes"":2,""max_stack"":19}","{""recursive_calls"":3243,""memo_hits"":420,""branch_attempts"":705,""branch_successes"":0,""max_stack"":19}",19472384,19472384,0,19472384,19472384,0,"","",canonical
freese,28,0,0,0,4141,1387,5528,"{""recursive_calls"":10633,""memo_hits"":2884,""branch_attempts"":2945,""branch_successes"":0,""max_stack"":19}","{""recursive_calls"":3243,""memo_hits"":420,""branch_attempts"":705,""branch_successes"":0,""max_stack"":19}",19472384,19472384,0,19472384,19472384,0,"","",canonical
freese,29,0,0,0,4233,1363,5596,"{""recursive_calls"":10633,""memo_hits"":2884,""branch_attempts"":2945,""branch_successes"":0,""max_stack"":19}","{""recursive_calls"":3244,""memo_hits"":420,""branch_attempts"":705,""branch_successes"":0,""max_stack"":19}",19472384,19472384,0,19472384,19472384,0,"","",canonical
freese,30,0,0,0,4118,1365,5483,"{""recursive_calls"":10633,""memo_hits"":2884,""branch_attempts"":2945,""branch_successes"":0,""max_stack"":19}","{""recursive_calls"":3243,""memo_hits"":420,""branch_attempts"":705,""branch_successes"":0,""max_stack"":19}",19472384,19472384,0,19472384,19472384,0,"","",canonical
freese,31,0,0,0,4113,1349,5462,"{""recursive_calls"":10541,""memo_hits"":2885,""branch_attempts"":2914,""branch_successes"":0,""max_stack"":19}","{""recursive_calls"":3213,""memo_hits"":451,""branch_attempts"":690,""branch_successes"":0,""max_stack"":19}",19472384,19472384,0,19472384,19472384,0,"","",canonical
