engine,pair_id,u_leq_v,v_leq_u,eq,uv_us,vu_us,total_us,uv_stats,vu_stats,uv_working_set,uv_peak_working_set,uv_private_bytes,vu_working_set,vu_peak_working_set,vu_private_bytes,uv_error,vu_error,representation
hunt,0,0,0,0,85,71,156,"{""RU"":7,""RV"":7,""cells"":49,""and_checks"":56,""or_checks"":28,""max_hU"":2,""max_hV"":2}","{""RU"":7,""RV"":7,""cells"":49,""and_checks"":28,""or_checks"":56,""max_hU"":2,""max_hV"":2}",16769024,16769024,0,16769024,16769024,0,"","",canonical
hunt,1,0,0,0,70,67,137,"{""RU"":7,""RV"":7,""cells"":49,""and_checks"":56,""or_checks"":28,""max_hU"":2,""max_hV"":2}","{""RU"":7,""RV"":7,""cells"":49,""and_checks"":28,""or_checks"":56,""max_hU"":2,""max_hV"":2}",16769024,16769024,0,16769024,16769024,0,"","",canonical
hunt,2,0,0,0,68,66,134,"{""RU"":7,""RV"":7,""cells"":49,""and_checks"":56,""or_checks"":28,""max_hU"":2,""max_hV"":2}","{""RU"":7,""RV"":7,""cells"":49,""and_checks"":28,""or_checks"":56,""max_hU"":2,""max_hV"":2}",16769024,16769024,0,16769024,16769024,0,"","",canonical
hunt,3,0,0,0,67,66,133,"{""RU"":7,""RV"":7,""cells"":49,""and_checks"":56,""or_checks"":28,""max_hU"":2,""max_hV"":2}","{""RU"":7,""RV"":7,""cells"":49,""and_checks"":28,""or_checks"":56,""max_hU"":2,""max_hV"":2}",16769024,16769024,0,16769024,16769024,0,"","",canonical
hunt,4,0,0,0,67,67,134,"{""RU"":7,""RV"":7,""cells"":49,""and_checks"":56,""or_checks"":28,""max_hU"":2,""max_hV"":2}","{""RU"":7,""RV"":7,""cells"":49,""and_checks"":28,""or_checks"":56,""max_hU"":2,""max_hV"":2}",16769024,16769024,0,16769024,16769024,0,"","",canonical
hunt,5,0,0,0,67,67,134,"{""RU"":7,""RV"":7,""cells"":49,""and_checks"":56,""or_checks"":28,""max_hU"":2,""max_hV"":2}","{""RU"":7,""RV"":7,""cells"":49,""and_checks"":28,""or_checks"":56,""max_hU"":2,""max_hV"":2}",16769024,16769024,0,16769024,16769024,0,"","",canonical
hunt,6,0,0,0,67,67,134,"{""RU"":7,""RV"":7,""cells"":49,""and_checks"":56,""or_checks"":28,""max_hU"":2,""max_hV"":2}","{""RU"":7,""RV"":7,""cells"":49,""and_checks"":28,""or_checks"":56,""max_hU"":2,""max_hV"":2}",16769024,16769024,0,16769024,16769024,0,"","",canonical
hunt,7,0,0,0,67,67,134,"{""RU"":7,""RV"":7,""cells"":49,""and_checks"":56,""or_checks"":28,""max_hU"":2,""max_hV"":2}","{""RU"":7,""RV"":7,""cells"":49,""and_checks"":28,""or_checks"":56,""max_hU"":2,""max_hV"":2}",16769024,16769024,0,16769024,16769024,0,"","",canonical
hunt,8,0,0,0,67,66,133,"{""RU"":7,""RV"":7,""cells"":49,""and_checks"":56,""or_checks"":28,""max_hU"":2,""max_hV"":2}","{""RU"":7,""RV"":7,""cells"":49,""and_checks"":28,""or_checks"":56,""max_hU"":2,""max_hV"":2}",16769024,16769024,0,16769024,16769024,0,"","",canonical
hunt,9,0,0,0,70,67,137,"{""RU"":7,""RV"":7,""cells"":49,""and_checks"":56,""or_checks"":28,""max_hU"":2,""max_hV"":2}","{""RU"":7,""RV"":7,""cells"":49,""and_checks"":28,""or_checks"":56,""max_hU"":2,""max_hV"":2}",16769024,16769024,0,16769024,16769024,0,"","",canonical
hunt,10,0,0,0,80,67,147,"{""RU"":7,""RV"":7,""cells"":49,""and_checks"":56,""or_checks"":28,""max_hU"":2,""max_hV"":2}","{""RU"":7,""RV"":7,""cells"":49,""and_checks"":28,""or_checks"":56,""max_hU"":2,""max_hV"":2}",16769024,16769024,0,16769024,16769024,0,"","",canonical
hunt,11,0,0,0,67,119,186,"{""RU"":7,""RV"":7,""cells"":49,""and_checks"":56,""or_checks"":28,""max_hU"":2,""max_hV"":2}","{""RU"":7,""RV"":7,""cells"":49,""and_checks"":28,""or_checks"":56,""max_hU"":2,""max_hV"":2}",16769024,16769024,0,16769024,16769024,0,"","",canonical
hunt,12,0,0,0,80,71,151,"{""RU"":7,""RV"":7,""cells"":49,""and_checks"":56,""or_checks"":28,""max_hU"":2,""max_hV"":2}","{""RU"":7,""RV"":7,""cells"":49,""and_checks"":28,""or_checks"":56,""max_hU"":2,""max_hV"":2}",16769024,16769024,0,16769024,16769024,0,"","",canonical
hunt,13,0,0,0,69,67,136,"{""RU"":7,""RV"":7,""cells"":49,""and_checks"":56,""or_checks"":28,""max_hU"":2,""max_hV"":2}","{""RU"":7,""RV"":7,""cells"":49,""and_checks"":28,""or_checks"":56,""max_hU"":2,""max_hV"":2}",16769024,16769024,0,16769024,16769024,0,"","",canonical
hunt,14,0,0,0,68,67,135,"{""RU"":7,""RV"":7,""cells"":49,""and_checks"":56,""or_checks"":28,""max_hU"":2,""max_hV"":2}","{""RU"":7,""RV"":7,""cells"":49,""and_checks"":28,""or_checks"":56,""max_hU"":2,""max_hV"":2}",16769024,16769024,0,16769024,16769024,0,"","",canonical
hunt,15,0,0,0,67,67,134,"{""RU"":7,""RV"":7,""cells"":49,""and_checks"":56,""or_checks"":28,""max_hU"":2,""max_hV"":2}","{""RU"":7,""RV"":7,""cells"":49,""and_checks"":28,""or_checks"":56,""max_hU"":2,""max_hV"":2}",16769024,16769024,0,16769024,16769024,0,"","",canonical
hunt,16,0,0,0,67,66,133,"{""RU"":7,""RV"":7,""cells"":49,""and_checks"":56,""or_checks"":28,""max_hU"":2,""max_hV"":2}","{""RU"":7,""RV"":7,""cells"":49,""and_checks"":28,""or_checks"":56,""max_hU"":2,""max_hV"":2}",16769024,16769024,0,16769024,16769024,0,"","",canonical
hunt,17,0,0,0,67,67,134,"{""RU"":7,""RV"":7,""cells"":49,""and_checks"":56,""or_checks"":28,""max_hU"":2,""max_hV"":2}","{""RU"":7,""RV"":7,""cells"":49,""and_checks"":28,""or_checks"":56,""max_hU"":2,""max_hV"":2}",16769024,16769024,0,16769024,16769024,0,"","",canonical
hunt,18,0,0,0,67,66,133,"{""RU"":7,""RV"":7,""cells"":49,""and_checks"":56,""or_checks"":28,""max_hU"":2,""max_hV"":2}","{""RU"":7,""RV"":7,""cells"":49,""and_checks"":28,""or_checks"":56,""max_hU"":2,""max_hV"":2}",16769024,16769024,0,16769024,16769024,0,"","",canonical
hunt,19,0,0,0,67,66,133,"{""RU"":7,""RV"":7,""cells"":49,""and_checks"":56,""or_checks"":28,""max_hU"":2,""max_hV"":2}","{""RU"":7,""RV"":7,""cells"":49,""and_checks"":28,""or_checks"":56,""max_hU"":2,""max_hV"":2}",16769024,16769024,0,16769024,16769024,0,"","",canonical
hunt,20,0,0,0,67,67,134,"{""RU"":7,""RV"":7,""cells"":49,""and_checks"":56,""or_checks"":28,""max_hU"":2,""max_hV"":2}","{""RU"":7,""RV"":7,""cells"":49,""and_checks"":28,""or_checks"":56,""max_hU"":2,""max_hV"":2}",16769024,16769024,0,16769024,16769024,0,"","",canonical
hunt,21,0,0,0,67,67,134,"{""RU"":7,""RV"":7,""cells"":49,""and_checks"":56,""or_checks"":28,""max_hU"":2,""max_hV"":2}","{""RU"":7,""RV"":7,""cells"":49,""and_checks"":28,""or_checks"":56,""max_hU"":2,""max_hV"":2}",16769024,16769024,0,16769024,16769024,0,"","",canonical
hunt,22,0,0,0,67,66,133,"{""RU"":7,""RV"":7,""cells"":49,""and_checks"":56,""or_checks"":28,""max_hU"":2,""max_hV"":2}","{""RU"":7,""RV"":7,""cells"":49,""and_checks"":28,""or_checks"":56,""max_hU"":2,""max_hV"":2}",16769024,16769024,0,16769024,16769024,0,"","",canonical
hunt,23,0,0,0,67,67,134,"{""RU"":7,""RV"":7,""cells"":49,""and_checks"":56,""or_checks"":28,""max_hU"":2,""max_hV"":2}","{""RU"":7,""RV"":7,""cells"":49,""and_checks"":28,""or_checks"":56,""max_hU"":2,""max_hV"":2}",16769024,16769024,0,16769024,16769024,0,"","",canonical
hunt,24,0,0,0,67,66,133,"{""RU"":7,""RV"":7,""cells"":49,""and_checks"":56,""or_checks"":28,""max_hU"":2,""max_hV"":2}","{""RU"":7,""RV"":7,""cells"":49,""and_checks"":28,""or_checks"":56,""max_hU"":2,""max_hV"":2}",16769024,16769024,0,16769024,16769024,0,"","",canonical
hunt,25,0,0,0,68,67,135,"{""RU"":7,""RV"":7,""cells"":49,""and_checks"":56,""or_checks"":28,""max_hU"":2,""max_hV"":2}","{""RU"":7,""RV"":7,""cells"":49,""and_checks"":28,""or_checks"":56,""max_hU"":2,""max_hV"":2}",16769024,16769024,0,16769024,16769024,0,"","",canonical
hunt,26,0,0,0,67,67,134,"{""RU"":7,""RV"":7,""cells"":49,""and_checks"":56,""or_checks"":28,""max_hU"":2,""max_hV"":2}","{""RU"":7,""RV"":7,""cells"":49,""and_checks"":28,""or_checks"":56,""max_hU"":2,""max_hV"":2}",16769024,16769024,0,16769024,16769024,0,"","",canonical
hunt,27,0,0,0,67,67,134,"{""RU"":7,""RV"":7,""cells"":49,""and_checks"":56,""or_checks"":28,""max_hU"":2,""max_hV"":2}","{""RU"":7,""RV"":7,""cells"":49,""and_checks"":28,""or_checks"":56,""max_hU"":2,""max_hV"":2}",16769024,16769024,0,16769024,16769024,0,"","",canonical
hunt,28,0,0,0,68,66,134,"{""RU"":7,""RV"":7,""cells"":49,""and_checks"":56,""or_checks"":28,""max_hU"":2,""max_hV"":2}","{""RU"":7,""RV"":7,""cells"":49,""and_checks"":28,""or_checks"":56,""max_hU"":2,""max_hV"":2}",16769024,16769024,0,16769024,16769024,0,"","",canonical
hunt,29,0,0,0,67,66,133,"{""RU"":7,""RV"":7,""cells"":49,""and_checks"":56,""or_checks"":28,""max_hU"":2,""max_hV"":2}","{""RU"":7,""RV"":7,""cells"":49,""and_checks"":28,""or_checks"":56,""max_hU"":2,""max_hV"":2}",16769024,16769024,0,16769024,16769024,0,"","",canonical
hunt,30,0,0,0,69,67,136,"{""RU"":7,""RV"":7,""cells"":49,""and_checks"":56,""or_checks"":28,""max_hU"":2,""max_hV"":2}","{""RU"":7,""RV"":7,""cells"":49,""and_checks"":28,""or_checks"":56,""max_hU"":2,""max_hV"":2}",16769024,16769024,0,16769024,16769024,0,"","",canonical
hunt,31,0,0,0,67,67,134,"{""RU"":7,""RV"":7,""cells"":49,""and_checks"":56,""or_checks"":28,""max_hU"":2,""max_hV"":2}","{""RU"":7,""RV"":7,""cells"":49,""and_checks"":28,""or_checks"":56,""max_hU"":2,""max_hV"":2}",16769024,16769024,0,16769024,16769024,0,"","",canonical
