engine,pair_id,u_leq_v,v_leq_u,eq,uv_us,vu_us,total_us,uv_stats,vu_stats,uv_working_set,uv_peak_working_set,uv_private_bytes,vu_working_set,vu_peak_working_set,vu_private_bytes,uv_error,vu_error,representation
hunt,0,0,0,0,441,436,877,"{""RU"":31,""RV"":31,""cells"":961,""and_checks"":1240,""or_checks"":620,""max_hU"":4,""max_hV"":4}","{""RU"":31,""RV"":31,""cells"":961,""and_checks"":620,""or_checks"":1240,""max_hU"":4,""max_hV"":4}",17580032,17580032,0,17580032,17580032,0,"","",canonical
hunt,1,0,0,0,418,437,855,"{""RU"":31,""RV"":31,""cells"":961,""and_checks"":1240,""or_checks"":620,""max_hU"":4,""max_hV"":4}","{""RU"":31,""RV"":31,""cells"":961,""and_checks"":620,""or_checks"":1240,""max_hU"":4,""max_hV"":4}",17580032,17580032,0,17580032,17580032,0,"","",canonical
hunt,2,0,0,0,426,435,861,"{""RU"":31,""RV"":31,""cells"":961,""and_checks"":1240,""or_checks"":620,""max_hU"":4,""max_hV"":4}","{""RU"":31,""RV"":31,""cells"":961,""and_checks"":620,""or_checks"":1240,""max_hU"":4,""max_hV"":4}",17580032,17580032,0,17580032,17580032,0,"","",canonical
hunt,3,0,0,0,414,432,846,"{""RU"":31,""RV"":31,""cells"":961,""and_checks"":1240,""or_checks"":620,""max_hU"":4,""max_hV"":4}","{""RU"":31,""RV"":31,""cells"":961,""and_checks"":620,""or_checks"":1240,""max_hU"":4,""max_hV"":4}",17580032,17580032,0,17580032,17580032,0,"","",canonical
hunt,4,0,0,0,415,433,848,"{""RU"":31,""RV"":31,""cells"":961,""and_checks"":1240,""or_checks"":620,""max_hU"":4,""max_hV"":4}","{""RU"":31,""RV"":31,""cells"":961,""and_checks"":620,""or_checks"":1240,""max_hU"":4,""max_hV"":4}",17580032,17580032,0,17580032,17580032,0,"","",canonical
hunt,5,0,0,0,413,439,852,"{""RU"":31,""RV"":31,""cells"":961,""and_checks"":1240,""or_checks"":620,""max_hU"":4,""max_hV"":4}","{""RU"":31,""RV"":31,""cells"":961,""and_checks"":620,""or_checks"":1240,""max_hU"":4,""max_hV"":4}",17580032,17580032,0,17580032,17580032,0,"","",canonical
hunt,6,0,0,0,416,430,846,"{""RU"":31,""RV"":31,""cells"":961,""and_checks"":1240,""or_checks"":620,""max_hU"":4,""max_hV"":4}","{""RU"":31,""RV"":31,""cells"":961,""and_checks"":620,""or_checks"":1240,""max_hU"":4,""max_hV"":4}",17580032,17580032,0,17580032,17580032,0,"","",canonical
hunt,7,0,0,0,277,287,564,"{""RU"":31,""RV"":31,""cells"":961,""and_checks"":1240,""or_checks"":620,""max_hU"":4,""max_hV"":4}","{""RU"":31,""RV"":31,""cells"":961,""and_checks"":620,""or_checks"":1240,""max_hU"":4,""max_hV"":4}",17580032,17580032,0,17580032,17580032,0,"","",canonical
hunt,8,0,0,0,276,288,564,"{""RU"":31,""RV"":31,""cells"":961,""and_checks"":1240,""or_checks"":620,""max_hU"":4,""max_hV"":4}","{""RU"":31,""RV"":31,""cells"":961,""and_checks"":620,""or_checks"":1240,""max_hU"":4,""max_hV"":4}",17580032,17580032,0,17580032,17580032,0,"","",canonical
hunt,9,0,0,0,279,284,563,"{""RU"":30,""RV"":31,""cells"":930,""and_checks"":1220,""or_checks"":610,""max_hU"":4,""max_hV"":4}","{""RU"":31,""RV"":30,""cells"":930,""and_checks"":610,""or_checks"":1220,""max_hU"":4,""max_hV"":4}",17580032,17580032,0,17580032,17580032,0,"","",canonical
hunt,10,0,0,0,277,288,565,"{""RU"":31,""RV"":31,""cells"":961,""and_checks"":1240,""or_checks"":620,""max_hU"":4,""max_hV"":4}","{""RU"":31,""RV"":31,""cells"":961,""and_checks"":620,""or_checks"":1240,""max_hU"":4,""max_hV"":4}",17580032,17580032,0,17580032,17580032,0,"","",canonical
hunt,11,0,0,0,277,287,564,"{""RU"":31,""RV"":31,""cells"":961,""and_checks"":1240,""or_checks"":620,""max_hU"":4,""max_hV"":4}","{""RU"":31,""RV"":31,""cells"":961,""and_checks"":620,""or_checks"":1240,""max_hU"":4,""max_hV"":4}",17580032,17580032,0,17580032,17580032,0,"","",canonical
hunt,12,0,0,0,278,288,566,"{""RU"":31,""RV"":31,""cells"":961,""and_checks"":1240,""or_checks"":620,""max_hU"":4,""max_hV"":4}","{""RU"":31,""RV"":31,""cells"":961,""and_checks"":620,""or_checks"":1240,""max_hU"":4,""max_hV"":4}",17580032,17580032,0,17580032,17580032,0,"","",canonical
hunt,13,0,0,0,278,287,565,"{""RU"":31,""RV"":31,""cells"":961,""and_checks"":1240,""or_checks"":620,""max_hU"":4,""max_hV"":4}","{""RU"":31,""RV"":31,""cells"":961,""and_checks"":620,""or_checks"":1240,""max_hU"":4,""max_hV"":4}",17580032,17580032,0,17580032,17580032,0,"","",canonical
hunt,14,0,0,0,276,289,565,"{""RU"":31,""RV"":31,""cells"":961,""and_checks"":1240,""or_checks"":620,""max_hU"":4,""max_hV"":4}","{""RU"":31,""RV"":31,""cells"":961,""and_checks"":620,""or_checks"":1240,""max_hU"":4,""max_hV"":4}",17580032,17580032,0,17580032,17580032,0,"","",canonical
hunt,15,0,0,0,276,287,563,"{""RU"":31,""RV"":31,""cells"":961,""and_checks"":1240,""or_checks"":620,""max_hU"":4,""max_hV"":4}","{""RU"":31,""RV"":31,""cells"":961,""and_checks"":620,""or_checks"":1240,""max_hU"":4,""max_hV"":4}",17580032,17580032,0,17580032,17580032,0,"","",canonical
hunt,16,0,0,0,277,288,565,"{""RU"":31,""RV"":31,""cells"":961,""and_checks"":1240,""or_checks"":620,""max_hU"":4,""max_hV"":4}","{""RU"":31,""RV"":31,""cells"":961,""and_checks"":620,""or_checks"":1240,""max_hU"":4,""max_hV"":4}",17580032,17580032,0,17580032,17580032,0,"","",canonical
hunt,17,0,0,0,275,289,564,"{""RU"":31,""RV"":31,""cells"":961,""and_checks"":1240,""or_checks"":620,""max_hU"":4,""max_hV"":4}","{""RU"":31,""RV"":31,""cells"":961,""and_checks"":620,""or_checks"":1240,""max_hU"":4,""max_hV"":4}",17580032,17580032,0,17580032,17580032,0,"","",canonical
hunt,18,0,0,0,184,195,379,"{""RU"":31,""RV"":31,""cells"":961,""and_checks"":1240,""or_checks"":620,""max_hU"":4,""max_hV"":4}","{""RU"":31,""RV"":31,""cells"":961,""and_checks"":620,""or_checks"":1240,""max_hU"":4,""max_hV"":4}",17580032,17580032,0,17580032,17580032,0,"","",canonical
hunt,19,0,0,0,184,193,377,"{""RU"":31,""RV"":31,""cells"":961,""and_checks"":1240,""or_checks"":620,""max_hU"":4,""max_hV"":4}","{""RU"":31,""RV"":31,""cells"":961,""and_checks"":620,""or_checks"":1240,""max_hU"":4,""max_hV"":4}",17580032,17580032,0,17580032,17580032,0,"","",canonical
hunt,20,0,0,0,184,191,375,"{""RU"":31,""RV"":31,""cells"":961,""and_checks"":1240,""or_checks"":620,""max_hU"":4,""max_hV"":4}","{""RU"":31,""RV"":31,""cells"":961,""and_checks"":620,""or_checks"":1240,""max_hU"":4,""max_hV"":4}",17580032,17580032,0,17580032,17580032,0,"","",canonical
hunt,21,0,0,0,183,192,375,"{""RU"":31,""RV"":31,""cells"":961,""and_checks"":1240,""or_checks"":620,""max_hU"":4,""max_hV"":4}","{""RU"":31,""RV"":31,""cells"":961,""and_checks"":620,""or_checks"":1240,""max_hU"":4,""max_hV"":4}",17580032,17580032,0,17580032,17580032,0,"","",canonical
hunt,22,0,0,0,184,192,376,"{""RU"":31,""RV"":31,""cells"":961,""and_checks"":1240,""or_checks"":620,""max_hU"":4,""max_hV"":4}","{""RU"":31,""RV"":31,""cells"":961,""and_checks"":620,""or_checks"":1240,""max_hU"":4,""max_hV"":4}",17580032,17580032,0,17580032,17580032,0,"","",canonical
hunt,23,0,0,0,184,193,377,"{""RU"":31,""RV"":31,""cells"":961,""and_checks"":1240,""or_checks"":620,""max_hU"":4,""max_hV"":4}","{""RU"":31,""RV"":31,""cells"":961,""and_checks"":620,""or_checks"":1240,""max_hU"":4,""max_hV"":4}",17580032,17580032,0,17580032,17580032,0,"","",canonical
hunt,24,0,0,0,185,191,376,"{""RU"":31,""RV"":31,""cells"":961,""and_checks"":1240,""or_checks"":620,""max_hU"":4,""max_hV"":4}","{""RU"":31,""RV"":31,""cells"":961,""and_checks"":620,""or_checks"":1240,""max_hU"":4,""max_hV"":4}",17580032,17580032,0,17580032,17580032,0,"","",canonical
hunt,25,0,0,0,187,192,379,"{""RU"":31,""RV"":31,""cells"":961,""and_checks"":1240,""or_checks"":620,""max_hU"":4,""max_hV"":4}","{""RU"":31,""RV"":31,""cells"":961,""and_checks"":620,""or_checks"":1240,""max_hU"":4,""max_hV"":4}",17580032,17580032,0,17580032,17580032,0,"","",canonical
hunt,26,0,0,0,184,191,375,"{""RU"":31,""RV"":31,""cells"":961,""and_checks"":1240,""or_checks"":620,""max_hU"":4,""max_hV"":4}","{""RU"":31,""RV"":31,""cells"":961,""and_checks"":620,""or_checks"":1240,""max_hU"":4,""max_hV"":4}",17580032,17580032,0,17580032,17580032,0,"","",canonical
hunt,27,0,0,0,184,192,376,"{""RU"":31,""RV"":31,""cells"":961,""and_checks"":1240,""or_checks"":620,""max_hU"":4,""max_hV"":4}","{""RU"":31,""RV"":31,""cells"":961,""and_checks"":620,""or_checks"":1240,""max_hU"":4,""max_hV"":4}",17580032,17580032,0,17580032,17580032,0,"","",canonical
hunt,28,0,0,0,183,192,375,"{""RU"":31,""RV"":31,""cells"":961,""and_checks"":1240,""or_checks"":620,""max_hU"":4,""max_hV"":4}","{""RU"":31,""RV"":31,""cells"":961,""and_checks"":620,""or_checks"":1240,""max_hU"":4,""max_hV"":4}",17580032,17580032,0,17580032,17580032,0,"","",canonical
hunt,29,0,0,0,184,192,376,"{""RU"":31,""RV"":31,""cells"":961,""and_checks"":1240,""or_checks"":620,""max_hU"":4,""max_hV"":4}","{""RU"":31,""RV"":31,""cells"":961,""and_checks"":620,""or_checks"":1240,""max_hU"":4,""max_hV"":4}",17580032,17580032,0,17580032,17580032,0,"","",canonical
hunt,30,0,0,0,184,192,376,"{""RU"":31,""RV"":31,""cells"":961,""and_checks"":1240,""or_checks"":620,""max_hU"":4,""max_hV"":4}","{""RU"":31,""RV"":31,""cells"":961,""and_checks"":620,""or_checks"":1240,""max_hU"":4,""max_hV"":4}",17580032,17580032,0,17580032,17580032,0,"","",canonical
hunt,31,0,0,0,183,192,375,"{""RU"":31,""RV"":31,""cells"":961,""and_checks"":1240,""or_checks"":620,""max_hU"":4,""max_hV"":4}","{""RU"":31,""RV"":31,""cells"":961,""and_checks"":620,""or_checks"":1240,""max_hU"":4,""max_hV"":4}",17580032,17580032,0,17580032,17580032,0,"","",canonical
