engine,pair_id,u_leq_v,v_leq_u,eq,uv_us,vu_us,total_us,uv_stats,vu_stats,uv_working_set,uv_peak_working_set,uv_private_bytes,vu_working_set,vu_peak_working_set,vu_private_bytes,uv_error,vu_error,representation
hunt,0,0,0,0,1402,1253,2655,"{""RU"":62,""RV"":63,""cells"":3906,""and_checks"":2500,""or_checks"":5250,""max_hU"":5,""max_hV"":5}","{""RU"":63,""RV"":62,""cells"":3906,""and_checks"":5250,""or_checks"":2500,""max_hU"":5,""max_hV"":5}",17850368,17850368,0,17850368,17850368,0,"","",canonical
hunt,1,0,0,0,1365,1241,2606,"{""RU"":63,""RV"":63,""cells"":3969,""and_checks"":2520,""or_checks"":5292,""max_hU"":5,""max_hV"":5}","{""RU"":63,""RV"":63,""cells"":3969,""and_checks"":5292,""or_checks"":2520,""max_hU"":5,""max_hV"":5}",17850368,17850368,0,17850368,17850368,0,"","",canonical
hunt,2,0,0,0,1355,1259,2614,"{""RU"":63,""RV"":63,""cells"":3969,""and_checks"":2520,""or_checks"":5292,""max_hU"":5,""max_hV"":5}","{""RU"":63,""RV"":63,""cells"":3969,""and_checks"":5292,""or_checks"":2520,""max_hU"":5,""max_hV"":5}",17850368,17850368,0,17850368,17850368,0,"","",canonical
hunt,3,0,0,0,1308,1030,2338,"{""RU"":63,""RV"":61,""cells"":3843,""and_checks"":2480,""or_checks"":5080,""max_hU"":5,""max_hV"":5}","{""RU"":61,""RV"":63,""cells"":3843,""and_checks"":5082,""or_checks"":2480,""max_hU"":5,""max_hV"":5}",17850368,17850368,0,17850368,17850368,0,"","",canonical
hunt,4,0,0,0,898,828,1726,"{""RU"":63,""RV"":63,""cells"":3969,""and_checks"":2520,""or_checks"":5292,""max_hU"":5,""max_hV"":5}","{""RU"":63,""RV"":63,""cells"":3969,""and_checks"":5292,""or_checks"":2520,""max_hU"":5,""max_hV"":5}",17850368,17850368,0,17850368,17850368,0,"","",canonical
hunt,5,0,0,0,907,826,1733,"{""RU"":63,""RV"":63,""cells"":3969,""and_checks"":2520,""or_checks"":5292,""max_hU"":5,""max_hV"":5}","{""RU"":63,""RV"":63,""cells"":3969,""and_checks"":5292,""or_checks"":2520,""max_hU"":5,""max_hV"":5}",17850368,17850368,0,17850368,17850368,0,"","",canonical
hunt,6,0,0,0,896,824,1720,"{""RU"":63,""RV"":63,""cells"":3969,""and_checks"":2520,""or_checks"":5292,""max_hU"":5,""max_hV"":5}","{""RU"":63,""RV"":63,""cells"":3969,""and_checks"":5292,""or_checks"":2520,""max_hU"":5,""max_hV"":5}",17850368,17850368,0,17850368,17850368,0,"","",canonical
hunt,7,0,0,0,897,827,1724,"{""RU"":63,""RV"":63,""cells"":3969,""and_checks"":2520,""or_checks"":5292,""max_hU"":5,""max_hV"":5}","{""RU"":63,""RV"":63,""cells"":3969,""and_checks"":5292,""or_checks"":2520,""max_hU"":5,""max_hV"":5}",17850368,17850368,0,17850368,17850368,0,"","",canonical
hunt,8,0,0,0,598,551,1149,"{""RU"":63,""RV"":63,""cells"":3969,""and_checks"":2520,""or_checks"":5290,""max_hU"":5,""max_hV"":5}","{""RU"":63,""RV"":63,""cells"":3969,""and_checks"":5292,""or_checks"":2520,""max_hU"":5,""max_hV"":5}",17850368,17850368,0,17850368,17850368,0,"","",canonical
hunt,9,0,0,0,598,550,1148,"{""RU"":63,""RV"":63,""cells"":3969,""and_checks"":2520,""or_checks"":5292,""max_hU"":5,""max_hV"":5}","{""RU"":63,""RV"":63,""cells"":3969,""and_checks"":5292,""or_checks"":2520,""max_hU"":5,""max_hV"":5}",17850368,17850368,0,17850368,17850368,0,"","",canonical
hunt,10,0,0,0,594,562,1156,"{""RU"":63,""RV"":62,""cells"":3906,""and_checks"":2500,""or_checks"":5248,""max_hU"":5,""max_hV"":5}","{""RU"":62,""RV"":63,""cells"":3906,""and_checks"":5250,""or_checks"":2500,""max_hU"":5,""max_hV"":5}",17850368,17850368,0,17850368,17850368,0,"","",canonical
hunt,11,0,0,0,599,556,1155,"{""RU"":63,""RV"":63,""cells"":3969,""and_checks"":2520,""or_checks"":5290,""max_hU"":5,""max_hV"":5}","{""RU"":63,""RV"":63,""cells"":3969,""and_checks"":5292,""or_checks"":2520,""max_hU"":5,""max_hV"":5}",17850368,17850368,0,17850368,17850368,0,"","",canonical
hunt,12,0,0,0,592,545,1137,"{""RU"":62,""RV"":63,""cells"":3906,""and_checks"":2500,""or_checks"":5250,""max_hU"":5,""max_hV"":5}","{""RU"":63,""RV"":62,""cells"":3906,""and_checks"":5250,""or_checks"":2500,""max_hU"":5,""max_hV"":5}",17850368,17850368,0,17850368,17850368,0,"","",canonical
hunt,13,0,0,0,590,545,1135,"{""RU"":62,""RV"":63,""cells"":3906,""and_checks"":2500,""or_checks"":5248,""max_hU"":5,""max_hV"":5}","{""RU"":63,""RV"":62,""cells"":3906,""and_checks"":5250,""or_checks"":2500,""max_hU"":5,""max_hV"":5}",17850368,17850368,0,17850368,17850368,0,"","",canonical
hunt,14,0,0,0,568,372,940,"{""RU"":63,""RV"":63,""cells"":3969,""and_checks"":2520,""or_checks"":5292,""max_hU"":5,""max_hV"":5}","{""RU"":63,""RV"":63,""cells"":3969,""and_checks"":5292,""or_checks"":2520,""max_hU"":5,""max_hV"":5}",17850368,17850368,0,17850368,17850368,0,"","",canonical
hunt,15,0,0,0,398,368,766,"{""RU"":62,""RV"":63,""cells"":3906,""and_checks"":2500,""or_checks"":5250,""max_hU"":5,""max_hV"":5}","{""RU"":63,""RV"":62,""cells"":3906,""and_checks"":5250,""or_checks"":2500,""max_hU"":5,""max_hV"":5}",17850368,17850368,0,17850368,17850368,0,"","",canonical
hunt,16,0,0,0,404,371,775,"{""RU"":63,""RV"":63,""cells"":3969,""and_checks"":2520,""or_checks"":5292,""max_hU"":5,""max_hV"":5}","{""RU"":63,""RV"":63,""cells"":3969,""and_checks"":5292,""or_checks"":2520,""max_hU"":5,""max_hV"":5}",17850368,17850368,0,17850368,17850368,0,"","",canonical
hunt,17,0,0,0,403,371,774,"{""RU"":63,""RV"":63,""cells"":3969,""and_checks"":2520,""or_checks"":5290,""max_hU"":5,""max_hV"":5}","{""RU"":63,""RV"":63,""cells"":3969,""and_checks"":5292,""or_checks"":2520,""max_hU"":5,""max_hV"":5}",17850368,17850368,0,17850368,17850368,0,"","",canonical
hunt,18,0,0,0,400,384,784,"{""RU"":63,""RV"":62,""cells"":3906,""and_checks"":2500,""or_checks"":5248,""max_hU"":5,""max_hV"":5}","{""RU"":62,""RV"":63,""cells"":3906,""and_checks"":5250,""or_checks"":2500,""max_hU"":5,""max_hV"":5}",17850368,17850368,0,17850368,17850368,0,"","",canonical
hunt,19,0,0,0,398,368,766,"{""RU"":62,""RV"":63,""cells"":3906,""and_checks"":2500,""or_checks"":5250,""max_hU"":5,""max_hV"":5}","{""RU"":63,""RV"":62,""cells"":3906,""and_checks"":5250,""or_checks"":2500,""max_hU"":5,""max_hV"":5}",17850368,17850368,0,17850368,17850368,0,"","",canonical
hunt,20,0,0,0,403,371,774,"{""RU"":63,""RV"":63,""cells"":3969,""and_checks"":2520,""or_checks"":5292,""max_hU"":5,""max_hV"":5}","{""RU"":63,""RV"":63,""cells"":3969,""and_checks"":5292,""or_checks"":2520,""max_hU"":5,""max_hV"":5}",17850368,17850368,0,17850368,17850368,0,"","",canonical
hunt,21,0,0,0,403,374,777,"{""RU"":63,""RV"":63,""cells"":3969,""and_checks"":2520,""or_checks"":5292,""max_hU"":5,""max_hV"":5}","{""RU"":63,""RV"":63,""cells"":3969,""and_checks"":5292,""or_checks"":2520,""max_hU"":5,""max_hV"":5}",17850368,17850368,0,17850368,17850368,0,"","",canonical
hunt,22,0,0,0,402,371,773,"{""RU"":63,""RV"":63,""cells"":3969,""and_checks"":2520,""or_checks"":5290,""max_hU"":5,""max_hV"":5}","{""RU"":63,""RV"":63,""cells"":3969,""and_checks"":5292,""or_checks"":2520,""max_hU"":5,""max_hV"":5}",17850368,17850368,0,17850368,17850368,0,"","",canonical
hunt,23,0,0,0,404,372,776,"{""RU"":63,""RV"":63,""cells"":3969,""and_checks"":2520,""or_checks"":5292,""max_hU"":5,""max_hV"":5}","{""RU"":63,""RV"":63,""cells"":3969,""and_checks"":5292,""or_checks"":2520,""max_hU"":5,""max_hV"":5}",17850368,17850368,0,17850368,17850368,0,"","",canonical
hunt,24,0,0,0,350,323,673,"{""RU"":63,""RV"":63,""cells"":3969,""and_checks"":2520,""or_checks"":5292,""max_hU"":5,""max_hV"":5}","{""RU"":63,""RV"":63,""cells"":3969,""and_checks"":5292,""or_checks"":2520,""max_hU"":5,""max_hV"":5}",17850368,17850368,0,17850368,17850368,0,"","",canonical
hunt,25,0,0,0,350,322,672,"{""RU"":63,""RV"":63,""cells"":3969,""and_checks"":2520,""or_checks"":5292,""max_hU"":5,""max_hV"":5}","{""RU"":63,""RV"":63,""cells"":3969,""and_checks"":5292,""or_checks"":2520,""max_hU"":5,""max_hV"":5}",17850368,17850368,0,17850368,17850368,0,"","",canonical
hunt,26,0,0,0,384,345,729,"{""RU"":63,""RV"":63,""cells"":3969,""and_checks"":2520,""or_checks"":5292,""max_hU"":5,""max_hV"":5}","{""RU"":63,""RV"":63,""cells"":3969,""and_checks"":5292,""or_checks"":2520,""max_hU"":5,""max_hV"":5}",17850368,17850368,0,17850368,17850368,0,"","",canonical
hunt,27,0,0,0,388,324,712,"{""RU"":63,""RV"":63,""cells"":3969,""and_checks"":2520,""or_checks"":5292,""max_hU"":5,""max_hV"":5}","{""RU"":63,""RV"":63,""cells"":3969,""and_checks"":5292,""or_checks"":2520,""max_hU"":5,""max_hV"":5}",17850368,17850368,0,17850368,17850368,0,"","",canonical
hunt,28,0,0,0,348,335,683,"{""RU"":62,""RV"":63,""cells"":3906,""and_checks"":2500,""or_checks"":5250,""max_hU"":5,""max_hV"":5}","{""RU"":63,""RV"":62,""cells"":3906,""and_checks"":5250,""or_checks"":2500,""max_hU"":5,""max_hV"":5}",17850368,17850368,0,17850368,17850368,0,"","",canonical
hunt,29,0,0,0,347,321,668,"{""RU"":62,""RV"":63,""cells"":3906,""and_checks"":2500,""or_checks"":5250,""max_hU"":5,""max_hV"":5}","{""RU"":63,""RV"":62,""cells"":3906,""and_checks"":5250,""or_checks"":2500,""max_hU"":5,""max_hV"":5}",17850368,17850368,0,17850368,17850368,0,"","",canonical
hunt,30,0,0,0,371,345,716,"{""RU"":63,""RV"":63,""cells"":3969,""and_checks"":2520,""or_checks"":5292,""max_hU"":5,""max_hV"":5}","{""RU"":63,""RV"":63,""cells"":3969,""and_checks"":5292,""or_checks"":2520,""max_hU"":5,""max_hV"":5}",17850368,17850368,0,17850368,17850368,0,"","",canonical
hunt,31,0,0,0,380,340,720,"{""RU"":63,""RV"":62,""cells"":3906,""and_checks"":2500,""or_checks"":5250,""max_hU"":5,""max_hV"":5}","{""RU"":62,""RV"":63,""cells"":3906,""and_checks"":5250,""or_checks"":2500,""max_hU"":5,""max_hV"":5}",17850368,17850368,0,17850368,17850368,0,"","",canonical
