engine,pair_id,u_leq_v,v_leq_u,eq,uv_us,vu_us,total_us,uv_stats,vu_stats,uv_working_set,uv_peak_working_set,uv_private_bytes,vu_working_set,vu_peak_working_set,vu_private_bytes,uv_error,vu_error,representation
hunt,0,0,0,0,182,158,340,"{""RU"":15,""RV"":15,""cells"":225,""and_checks"":120,""or_checks"":300,""max_hU"":3,""max_hV"":3}","{""RU"":15,""RV"":15,""cells"":225,""and_checks"":300,""or_checks"":120,""max_hU"":3,""max_hV"":3}",17039360,17039360,0,17039360,17039360,0,"","",canonical
hunt,1,0,0,0,167,155,322,"{""RU"":15,""RV"":15,""cells"":225,""and_checks"":120,""or_checks"":300,""max_hU"":3,""max_hV"":3}","{""RU"":15,""RV"":15,""cells"":225,""and_checks"":300,""or_checks"":120,""max_hU"":3,""max_hV"":3}",17039360,17039360,0,17039360,17039360,0,"","",canonical
hunt,2,0,0,0,166,154,320,"{""RU"":15,""RV"":15,""cells"":225,""and_checks"":120,""or_checks"":300,""max_hU"":3,""max_hV"":3}","{""RU"":15,""RV"":15,""cells"":225,""and_checks"":300,""or_checks"":120,""max_hU"":3,""max_hV"":3}",17039360,17039360,0,17039360,17039360,0,"","",canonical
hunt,3,0,0,0,166,154,320,"{""RU"":15,""RV"":15,""cells"":225,""and_checks"":120,""or_checks"":300,""max_hU"":3,""max_hV"":3}","{""RU"":15,""RV"":15,""cells"":225,""and_checks"":300,""or_checks"":120,""max_hU"":3,""max_hV"":3}",17039360,17039360,0,17039360,17039360,0,"","",canonical
hunt,4,0,0,0,166,154,320,"{""RU"":15,""RV"":15,""cells"":225,""and_checks"":120,""or_checks"":300,""max_hU"":3,""max_hV"":3}","{""RU"":15,""RV"":15,""cells"":225,""and_checks"":300,""or_checks"":120,""max_hU"":3,""max_hV"":3}",17039360,17039360,0,17039360,17039360,0,"","",canonical
hunt,5,0,0,0,166,153,319,"{""RU"":15,""RV"":15,""cells"":225,""and_checks"":120,""or_checks"":300,""max_hU"":3,""max_hV"":3}","{""RU"":15,""RV"":15,""cells"":225,""and_checks"":300,""or_checks"":120,""max_hU"":3,""max_hV"":3}",17039360,17039360,0,17039360,17039360,0,"","",canonical
hunt,6,0,0,0,165,165,330,"{""RU"":15,""RV"":15,""cells"":225,""and_checks"":120,""or_checks"":300,""max_hU"":3,""max_hV"":3}","{""RU"":15,""RV"":15,""cells"":225,""and_checks"":300,""or_checks"":120,""max_hU"":3,""max_hV"":3}",17039360,17039360,0,17039360,17039360,0,"","",canonical
hunt,7,0,0,0,166,154,320,"{""RU"":15,""RV"":15,""cells"":225,""and_checks"":120,""or_checks"":300,""max_hU"":3,""max_hV"":3}","{""RU"":15,""RV"":15,""cells"":225,""and_checks"":300,""or_checks"":120,""max_hU"":3,""max_hV"":3}",17039360,17039360,0,17039360,17039360,0,"","",canonical
hunt,8,0,0,0,166,154,320,"{""RU"":15,""RV"":15,""cells"":225,""and_checks"":120,""or_checks"":300,""max_hU"":3,""max_hV"":3}","{""RU"":15,""RV"":15,""cells"":225,""and_checks"":300,""or_checks"":120,""max_hU"":3,""max_hV"":3}",17039360,17039360,0,17039360,17039360,0,"","",canonical
hunt,9,0,0,0,166,154,320,"{""RU"":15,""RV"":15,""cells"":225,""and_checks"":120,""or_checks"":300,""max_hU"":3,""max_hV"":3}","{""RU"":15,""RV"":15,""cells"":225,""and_checks"":300,""or_checks"":120,""max_hU"":3,""max_hV"":3}",17039360,17039360,0,17039360,17039360,0,"","",canonical
hunt,10,0,0,0,165,154,319,"{""RU"":15,""RV"":15,""cells"":225,""and_checks"":120,""or_checks"":300,""max_hU"":3,""max_hV"":3}","{""RU"":15,""RV"":15,""cells"":225,""and_checks"":300,""or_checks"":120,""max_hU"":3,""max_hV"":3}",17039360,17039360,0,17039360,17039360,0,"","",canonical
hunt,11,0,0,0,173,143,316,"{""RU"":15,""RV"":15,""cells"":225,""and_checks"":120,""or_checks"":300,""max_hU"":3,""max_hV"":3}","{""RU"":15,""RV"":15,""cells"":225,""and_checks"":300,""or_checks"":120,""max_hU"":3,""max_hV"":3}",17039360,17039360,0,17039360,17039360,0,"","",canonical
hunt,12,0,0,0,152,142,294,"{""RU"":15,""RV"":15,""cells"":225,""and_checks"":120,""or_checks"":300,""max_hU"":3,""max_hV"":3}","{""RU"":15,""RV"":15,""cells"":225,""and_checks"":300,""or_checks"":120,""max_hU"":3,""max_hV"":3}",17039360,17039360,0,17039360,17039360,0,"","",canonical
hunt,13,0,0,0,153,143,296,"{""RU"":15,""RV"":15,""cells"":225,""and_checks"":120,""or_checks"":300,""max_hU"":3,""max_hV"":3}","{""RU"":15,""RV"":15,""cells"":225,""and_checks"":300,""or_checks"":120,""max_hU"":3,""max_hV"":3}",17039360,17039360,0,17039360,17039360,0,"","",canonical
hunt,14,0,0,0,152,143,295,"{""RU"":15,""RV"":15,""cells"":225,""and_checks"":120,""or_checks"":300,""max_hU"":3,""max_hV"":3}","{""RU"":15,""RV"":15,""cells"":225,""and_checks"":300,""or_checks"":120,""max_hU"":3,""max_hV"":3}",17039360,17039360,0,17039360,17039360,0,"","",canonical
hunt,15,0,0,0,153,142,295,"{""RU"":15,""RV"":15,""cells"":225,""and_checks"":120,""or_checks"":300,""max_hU"":3,""max_hV"":3}","{""RU"":15,""RV"":15,""cells"":225,""and_checks"":300,""or_checks"":120,""max_hU"":3,""max_hV"":3}",17039360,17039360,0,17039360,17039360,0,"","",canonical
hunt,16,0,0,0,153,142,295,"{""RU"":15,""RV"":15,""cells"":225,""and_checks"":120,""or_checks"":300,""max_hU"":3,""max_hV"":3}","{""RU"":15,""RV"":15,""cells"":225,""and_checks"":300,""or_checks"":120,""max_hU"":3,""max_hV"":3}",17039360,17039360,0,17039360,17039360,0,"","",canonical
hunt,17,0,0,0,152,142,294,"{""RU"":15,""RV"":15,""cells"":225,""and_checks"":120,""or_checks"":300,""max_hU"":3,""max_hV"":3}","{""RU"":15,""RV"":15,""cells"":225,""and_checks"":300,""or_checks"":120,""max_hU"":3,""max_hV"":3}",17039360,17039360,0,17039360,17039360,0,"","",canonical
hunt,18,0,0,0,152,142,294,"{""RU"":15,""RV"":15,""cells"":225,""and_checks"":120,""or_checks"":300,""max_hU"":3,""max_hV"":3}","{""RU"":15,""RV"":15,""cells"":225,""and_checks"":300,""or_checks"":120,""max_hU"":3,""max_hV"":3}",17039360,17039360,0,17039360,17039360,0,"","",canonical
hunt,19,0,0,0,152,141,293,"{""RU"":15,""RV"":15,""cells"":225,""and_checks"":120,""or_checks"":300,""max_hU"":3,""max_hV"":3}","{""RU"":15,""RV"":15,""cells"":225,""and_checks"":300,""or_checks"":120,""max_hU"":3,""max_hV"":3}",17039360,17039360,0,17039360,17039360,0,"","",canonical
hunt,20,0,0,0,153,142,295,"{""RU"":15,""RV"":15,""cells"":225,""and_checks"":120,""or_checks"":300,""max_hU"":3,""max_hV"":3}","{""RU"":15,""RV"":15,""cells"":225,""and_checks"":300,""or_checks"":120,""max_hU"":3,""max_hV"":3}",17039360,17039360,0,17039360,17039360,0,"","",canonical
hunt,21,0,0,0,152,149,301,"{""RU"":15,""RV"":15,""cells"":225,""and_checks"":120,""or_checks"":300,""max_hU"":3,""max_hV"":3}","{""RU"":15,""RV"":15,""cells"":225,""and_checks"":300,""or_checks"":120,""max_hU"":3,""max_hV"":3}",17039360,17039360,0,17039360,17039360,0,"","",canonical
hunt,22,0,0,0,153,142,295,"{""RU"":15,""RV"":15,""cells"":225,""and_checks"":120,""or_checks"":300,""max_hU"":3,""max_hV"":3}","{""RU"":15,""RV"":15,""cells"":225,""and_checks"":300,""or_checks"":120,""max_hU"":3,""max_hV"":3}",17039360,17039360,0,17039360,17039360,0,"","",canonical
hunt,23,0,0,0,153,142,295,"{""RU"":15,""RV"":15,""cells"":225,""and_checks"":120,""or_checks"":300,""max_hU"":3,""max_hV"":3}","{""RU"":15,""RV"":15,""cells"":225,""and_checks"":300,""or_checks"":120,""max_hU"":3,""max_hV"":3}",17039360,17039360,0,17039360,17039360,0,"","",canonical
hunt,24,0,0,0,153,143,296,"{""RU"":15,""RV"":15,""cells"":225,""and_checks"":120,""or_checks"":300,""max_hU"":3,""max_hV"":3}","{""RU"":15,""RV"":15,""cells"":225,""and_checks"":300,""or_checks"":120,""max_hU"":3,""max_hV"":3}",17039360,17039360,0,17039360,17039360,0,"","",canonical
hunt,25,0,0,0,153,143,296,"{""RU"":15,""RV"":15,""cells"":225,""and_checks"":120,""or_checks"":300,""max_hU"":3,""max_hV"":3}","{""RU"":15,""RV"":15,""cells"":225,""and_checks"":300,""or_checks"":120,""max_hU"":3,""max_hV"":3}",17039360,17039360,0,17039360,17039360,0,"","",canonical
hunt,26,0,0,0,152,142,294,"{""RU"":15,""RV"":15,""cells"":225,""and_checks"":120,""or_checks"":300,""max_hU"":3,""max_hV"":3}","{""RU"":15,""RV"":15,""cells"":225,""and_checks"":300,""or_checks"":120,""max_hU"":3,""max_hV"":3}",17039360,17039360,0,17039360,17039360,0,"","",canonical
hunt,27,0,0,0,153,143,296,"{""RU"":15,""RV"":15,""cells"":225,""and_checks"":120,""or_checks"":300,""max_hU"":3,""max_hV"":3}","{""RU"":15,""RV"":15,""cells"":225,""and_checks"":300,""or_checks"":120,""max_hU"":3,""max_hV"":3}",17039360,17039360,0,17039360,17039360,0,"","",canonical
hunt,28,0,0,0,153,143,296,"{""RU"":15,""RV"":15,""cells"":225,""and_checks"":120,""or_checks"":300,""max_hU"":3,""max_hV"":3}","{""RU"":15,""RV"":15,""cells"":225,""and_checks"":300,""or_checks"":120,""max_hU"":3,""max_hV"":3}",17039360,17039360,0,17039360,17039360,0,"","",canonical
hunt,29,0,0,0,163,142,305,"{""RU"":15,""RV"":15,""cells"":225,""and_checks"":120,""or_checks"":300,""max_hU"":3,""max_hV"":3}","{""RU"":15,""RV"":15,""cells"":225,""and_checks"":300,""or_checks"":120,""max_hU"":3,""max_hV"":3}",17039360,17039360,0,17039360,17039360,0,"","",canonical
hunt,30,0,0,0,99,92,191,"{""RU"":15,""RV"":15,""cells"":225,""and_checks"":120,""or_checks"":300,""max_hU"":3,""max_hV"":3}","{""RU"":15,""RV"":15,""cells"":225,""and_checks"":300,""or_checks"":120,""max_hU"":3,""max_hV"":3}",17039360,17039360,0,17039360,17039360,0,"","",canonical
hunt,31,0,0,0,100,93,193,"{""RU"":15,""RV"":15,""cells"":225,""and_checks"":120,""or_checks"":300,""max_hU"":3,""max_hV"":3}","{""RU"":15,""RV"":15,""cells"":225,""and_checks"":300,""or_checks"":120,""max_hU"":3,""max_hV"":3}",17039360,17039360,0,17039360,17039360,0,"","",canonical
