experiment,shape,budget,engine,median_pairDepth,p25_us,median_us,p75_us,mean_us,n_pairs,median_alt_index,median_share,csv_path,json_path
C1_altfull,altfull,1,cosma,1.0,99.0,99.0,100.0,100.375,32,0.0,1.0,cosma_B1.csv,pairs_B1.jsonl
C1_altfull,altfull,2,cosma,2.0,210.0,220.0,228.0,220.312,32,1.0,1.0,cosma_B2.csv,pairs_B2.jsonl
C1_altfull,altfull,3,cosma,3.0,320.0,321.0,482.0,392.719,32,1.0,1.0,cosma_B3.csv,pairs_B3.jsonl
C1_altfull,altfull,4,cosma,4.0,446.0,630.0,993.0,707.906,32,1.0,1.0,cosma_B4.csv,pairs_B4.jsonl
C1_altfull,altfull,5,cosma,5.0,589.0,867.0,1324.0,1022.25,32,1.0,1.0,cosma_B5.csv,pairs_B5.jsonl
C1_altfull,altfull,6,cosma,6.0,1227.0,1309.0,2006.0,1906.406,32,1.0,0.996063,cosma_B6.csv,pairs_B6.jsonl
C1_altfull,altfull,7,cosma,7.0,2972.0,3013.0,3272.0,4073.844,32,1.0,0.992157,cosma_B7.csv,pairs_B7.jsonl
C1_altfull,altfull,8,cosma,8.0,8648.0,8672.0,8751.0,8752.125,32,1.0,0.984344,cosma_B8.csv,pairs_B8.jsonl
C1_altfull,altfull,9,cosma,9.0,27223.0,27306.0,27405.0,27776.969,32,1.0,0.968719,cosma_B9.csv,pairs_B9.jsonl
C1_altfull,altfull,10,cosma,10.0,104426.0,105690.0,108553.0,106309.281,32,1.0,0.942599,cosma_B10.csv,pairs_B10.jsonl
C1_altfull,altfull,11,cosma,11.0,434773.0,452439.0,461460.0,450144.719,32,1.0,0.892918,cosma_B11.csv,pairs_B11.jsonl
C1_altfull,altfull,12,cosma,12.0,1832308.0,1832308.0,1832308.0,1834010.5,2,1.0,0.813881,cosma_B12.csv,pairs_B12.jsonl
C1_altfull,altfull,13,cosma,13.0,9309897.0,9309897.0,9309897.0,9697841.5,2,1.0,0.815479,cosma_B13.csv,pairs_B13.jsonl
C1_altfull,altfull,14,cosma,14.0,43468859.0,43468859.0,43468859.0,44570116.5,2,1.0,0.816065,cosma_B14.csv,pairs_B14.jsonl
C1_altfull,altfull,1,freese,1.0,4.0,16.0,16.0,14.438,32,0.0,1.0,freese_B1.csv,pairs_B1.jsonl
C1_altfull,altfull,2,freese,2.0,45.0,45.0,45.0,45.688,32,1.0,1.0,freese_B2.csv,pairs_B2.jsonl
C1_altfull,altfull,3,freese,3.0,92.0,92.0,100.0,95.25,32,1.0,1.0,freese_B3.csv,pairs_B3.jsonl
C1_altfull,altfull,4,freese,4.0,229.0,314.0,392.0,313.781,32,1.0,1.0,freese_B4.csv,pairs_B4.jsonl
C1_altfull,altfull,5,freese,5.0,693.0,771.0,1198.0,918.406,32,1.0,1.0,freese_B5.csv,pairs_B5.jsonl
C1_altfull,altfull,6,freese,6.0,604.0,899.0,1408.0,1082.5,32,1.0,0.996063,freese_B6.csv,pairs_B6.jsonl
C1_altfull,altfull,7,freese,7.0,1325.0,1404.0,2093.0,2032.406,32,1.0,0.992157,freese_B7.csv,pairs_B7.jsonl
C1_altfull,altfull,8,freese,8.0,2338.0,2355.0,2399.0,2795.219,32,1.0,0.984344,freese_B8.csv,pairs_B8.jsonl
C1_altfull,altfull,9,freese,9.0,5487.0,5513.0,5561.0,6008.375,32,1.0,0.968719,freese_B9.csv,pairs_B9.jsonl
C1_altfull,altfull,10,freese,10.0,9861.0,9918.0,9965.0,10126.062,32,1.0,0.942599,freese_B10.csv,pairs_B10.jsonl
C1_altfull,altfull,11,freese,11.0,23030.0,23141.0,23192.0,23534.219,32,1.0,0.892918,freese_B11.csv,pairs_B11.jsonl
C1_altfull,altfull,12,freese,12.0,42193.0,42193.0,42193.0,43067.5,2,1.0,0.813881,freese_B12.csv,pairs_B12.jsonl
C1_altfull,altfull,13,freese,13.0,98057.0,98057.0,98057.0,100072.5,2,1.0,0.815479,freese_B13.csv,pairs_B13.jsonl
C1_altfull,altfull,14,freese,14.0,180876.0,180876.0,180876.0,183407.0,2,1.0,0.816065,freese_B14.csv,pairs_B14.jsonl
C1_altfull,altfull,1,hunt,1.0,62.0,62.0,62.0,63.281,32,0.0,1.0,hunt_B1.csv,pairs_B1.jsonl
C1_altfull,altfull,2,hunt,2.0,133.0,134.0,135.0,137.375,32,1.0,1.0,hunt_B2.csv,pairs_B2.jsonl
C1_altfull,altfull,3,hunt,3.0,295.0,296.0,320.0,299.219,32,1.0,1.0,hunt_B3.csv,pairs_B3.jsonl
C1_altfull,altfull,4,hunt,4.0,376.0,563.0,565.0,545.625,32,1.0,1.0,hunt_B4.csv,pairs_B4.jsonl
C1_altfull,altfull,5,hunt,5.0,729.0,777.0,1156.0,1171.062,32,1.0,1.0,hunt_B5.csv,pairs_B5.jsonl
C1_altfull,altfull,6,hunt,6.0,2285.0,2302.0,2566.0,3261.344,32,1.0,0.996063,hunt_B6.csv,pairs_B6.jsonl
C1_altfull,altfull,7,hunt,7.0,8355.0,8381.0,8463.0,8953.719,32,1.0,0.992157,hunt_B7.csv,pairs_B7.jsonl
C1_altfull,altfull,8,hunt,8.0,31539.0,31781.0,31935.0,32945.0,32,1.0,0.984344,hunt_B8.csv,pairs_B8.jsonl
C1_altfull,altfull,9,hunt,9.0,121295.0,121575.0,122088.0,121725.719,32,1.0,0.968719,hunt_B9.csv,pairs_B9.jsonl
C1_altfull,altfull,10,hunt,10.0,462056.0,463578.0,464872.0,464185.625,32,1.0,0.942599,hunt_B10.csv,pairs_B10.jsonl
C1_altfull,altfull,11,hunt,11.0,1708546.0,1711515.0,1720121.0,1714422.094,32,1.0,0.892918,hunt_B11.csv,pairs_B11.jsonl
C1_altfull,altfull,12,hunt,12.0,6004868.0,6004868.0,6004868.0,6026197.5,2,1.0,0.813881,hunt_B12.csv,pairs_B12.jsonl
C1_altfull,altfull,13,hunt,13.0,24093290.0,24093290.0,24093290.0,24135633.0,2,1.0,0.815479,hunt_B13.csv,pairs_B13.jsonl
C1_altfull,altfull,14,hunt,14.0,97894975.0,97894975.0,97894975.0,97917651.5,2,1.0,0.816065,hunt_B14.csv,pairs_B14.jsonl
C1_altfull,altfull,1,whitman,1.0,1.0,1.0,1.0,1.219,32,0.0,1.0,whitman_B1.csv,pairs_B1.jsonl
C1_altfull,altfull,2,whitman,2.0,5.0,5.0,5.0,5.156,32,1.0,1.0,whitman_B2.csv,pairs_B2.jsonl
C1_altfull,altfull,3,whitman,3.0,55.0,69.0,70.0,66.062,32,1.0,1.0,whitman_B3.csv,pairs_B3.jsonl
C1_altfull,altfull,4,whitman,4.0,88.0,132.0,133.0,115.344,32,1.0,1.0,whitman_B4.csv,pairs_B4.jsonl
C1_altfull,altfull,5,whitman,5.0,519.0,799.0,810.0,713.031,32,1.0,1.0,whitman_B5.csv,pairs_B5.jsonl
C1_altfull,altfull,6,whitman,6.0,460.0,675.0,1042.0,763.625,32,1.0,0.996063,whitman_B6.csv,pairs_B6.jsonl
C1_altfull,altfull,7,whitman,7.0,3030.0,3035.0,3119.0,3722.188,32,1.0,0.992157,whitman_B7.csv,pairs_B7.jsonl
C1_altfull,altfull,8,whitman,8.0,5809.0,5820.0,5881.0,6746.75,32,1.0,0.984344,whitman_B8.csv,pairs_B8.jsonl
C1_altfull,altfull,9,whitman,9.0,42472.0,42538.0,42649.0,43681.719,32,1.0,0.968719,whitman_B9.csv,pairs_B9.jsonl
C1_altfull,altfull,10,whitman,10.0,81838.0,81972.0,82097.0,82435.312,32,1.0,0.942599,whitman_B10.csv,pairs_B10.jsonl
C1_altfull,altfull,11,whitman,11.0,613000.0,613327.0,613794.0,614120.656,32,1.0,0.892918,whitman_B11.csv,pairs_B11.jsonl
C1_altfull,altfull,12,whitman,12.0,1181598.0,1181598.0,1181598.0,1182803.0,2,1.0,0.813881,whitman_B12.csv,pairs_B12.jsonl
C1_altfull,altfull,13,whitman,13.0,9024469.0,9024469.0,9024469.0,9027234.5,2,1.0,0.815479,whitman_B13.csv,pairs_B13.jsonl
C1_altfull,altfull,14,whitman,14.0,17423995.0,17423995.0,17423995.0,17446163.5,2,1.0,0.816065,whitman_B14.csv,pairs_B14.jsonl
