engine,pair_id,u_leq_v,v_leq_u,eq,uv_us,vu_us,total_us,uv_stats,vu_stats,uv_working_set,uv_peak_working_set,uv_private_bytes,vu_working_set,vu_peak_working_set,vu_private_bytes,uv_error,vu_error,representation
whitman,0,0,0,0,249,209,458,"{""pairs"":2313,""max_stack"":12,""branch_attempts"":661,""branch_right"":826,""branch_left"":826,""branch_successes"":0,""join_decomp"":660,""meet_decomp"":660}","{""pairs"":1819,""max_stack"":13,""branch_attempts"":661,""branch_right"":826,""branch_left"":826,""branch_successes"":0,""join_decomp"":166,""meet_decomp"":166}",18120704,18120704,0,18120704,18120704,0,"","",canonical
whitman,1,0,0,0,223,207,430,"{""pairs"":2313,""max_stack"":12,""branch_attempts"":661,""branch_right"":826,""branch_left"":826,""branch_successes"":0,""join_decomp"":660,""meet_decomp"":660}","{""pairs"":1819,""max_stack"":13,""branch_attempts"":661,""branch_right"":826,""branch_left"":826,""branch_successes"":0,""join_decomp"":166,""meet_decomp"":166}",18120704,18120704,0,18120704,18120704,0,"","",canonical
whitman,2,0,0,0,224,208,432,"{""pairs"":2313,""max_stack"":12,""branch_attempts"":661,""branch_right"":826,""branch_left"":826,""branch_successes"":0,""join_decomp"":660,""meet_decomp"":660}","{""pairs"":1819,""max_stack"":13,""branch_attempts"":661,""branch_right"":826,""branch_left"":826,""branch_successes"":0,""join_decomp"":166,""meet_decomp"":166}",18120704,18120704,0,18120704,18120704,0,"","",canonical
whitman,3,0,0,0,224,207,431,"{""pairs"":2313,""max_stack"":12,""branch_attempts"":661,""branch_right"":826,""branch_left"":826,""branch_successes"":0,""join_decomp"":660,""meet_decomp"":660}","{""pairs"":1819,""max_stack"":13,""branch_attempts"":661,""branch_right"":826,""branch_left"":826,""branch_successes"":0,""join_decomp"":166,""meet_decomp"":166}",18120704,18120704,0,18120704,18120704,0,"","",canonical
whitman,4,0,0,0,227,448,675,"{""pairs"":2313,""max_stack"":12,""branch_attempts"":661,""branch_right"":826,""branch_left"":826,""branch_successes"":0,""join_decomp"":660,""meet_decomp"":660}","{""pairs"":1819,""max_stack"":13,""branch_attempts"":661,""branch_right"":826,""branch_left"":826,""branch_successes"":0,""join_decomp"":166,""meet_decomp"":166}",18120704,18120704,0,18120704,18120704,0,"","",canonical
whitman,5,0,0,0,862,812,1674,"{""pairs"":2313,""max_stack"":12,""branch_attempts"":661,""branch_right"":826,""branch_left"":826,""branch_successes"":0,""join_decomp"":660,""meet_decomp"":660}","{""pairs"":1819,""max_stack"":13,""branch_attempts"":661,""branch_right"":826,""branch_left"":826,""branch_successes"":0,""join_decomp"":166,""meet_decomp"":166}",18120704,18120704,0,18120704,18120704,0,"","",canonical
whitman,6,0,0,0,859,798,1657,"{""pairs"":2313,""max_stack"":12,""branch_attempts"":661,""branch_right"":826,""branch_left"":826,""branch_successes"":0,""join_decomp"":660,""meet_decomp"":660}","{""pairs"":1819,""max_stack"":13,""branch_attempts"":661,""branch_right"":826,""branch_left"":826,""branch_successes"":0,""join_decomp"":166,""meet_decomp"":166}",18120704,18120704,0,18120704,18120704,0,"","",canonical
whitman,7,0,0,0,857,796,1653,"{""pairs"":2313,""max_stack"":12,""branch_attempts"":661,""branch_right"":826,""branch_left"":826,""branch_successes"":0,""join_decomp"":660,""meet_decomp"":660}","{""pairs"":1819,""max_stack"":13,""branch_attempts"":661,""branch_right"":826,""branch_left"":826,""branch_successes"":0,""join_decomp"":166,""meet_decomp"":166}",18120704,18120704,0,18120704,18120704,0,"","",canonical
whitman,8,0,0,0,859,815,1674,"{""pairs"":2313,""max_stack"":12,""branch_attempts"":661,""branch_right"":826,""branch_left"":826,""branch_successes"":0,""join_decomp"":660,""meet_decomp"":660}","{""pairs"":1819,""max_stack"":13,""branch_attempts"":661,""branch_right"":826,""branch_left"":826,""branch_successes"":0,""join_decomp"":166,""meet_decomp"":166}",18120704,18120704,0,18120704,18120704,0,"","",canonical
whitman,9,0,0,0,558,505,1063,"{""pairs"":2313,""max_stack"":12,""branch_attempts"":661,""branch_right"":826,""branch_left"":826,""branch_successes"":0,""join_decomp"":660,""meet_decomp"":660}","{""pairs"":1819,""max_stack"":13,""branch_attempts"":661,""branch_right"":826,""branch_left"":826,""branch_successes"":0,""join_decomp"":166,""meet_decomp"":166}",18120704,18120704,0,18120704,18120704,0,"","",canonical
whitman,10,0,0,0,540,503,1043,"{""pairs"":2313,""max_stack"":12,""branch_attempts"":661,""branch_right"":826,""branch_left"":826,""branch_successes"":0,""join_decomp"":660,""meet_decomp"":660}","{""pairs"":1819,""max_stack"":13,""branch_attempts"":661,""branch_right"":826,""branch_left"":826,""branch_successes"":0,""join_decomp"":166,""meet_decomp"":166}",18120704,18120704,0,18120704,18120704,0,"","",canonical
whitman,11,0,0,0,539,503,1042,"{""pairs"":2313,""max_stack"":12,""branch_attempts"":661,""branch_right"":826,""branch_left"":826,""branch_successes"":0,""join_decomp"":660,""meet_decomp"":660}","{""pairs"":1819,""max_stack"":13,""branch_attempts"":661,""branch_right"":826,""branch_left"":826,""branch_successes"":0,""join_decomp"":166,""meet_decomp"":166}",18120704,18120704,0,18120704,18120704,0,"","",canonical
whitman,12,0,0,0,541,504,1045,"{""pairs"":2313,""max_stack"":12,""branch_attempts"":661,""branch_right"":826,""branch_left"":826,""branch_successes"":0,""join_decomp"":660,""meet_decomp"":660}","{""pairs"":1819,""max_stack"":13,""branch_attempts"":661,""branch_right"":826,""branch_left"":826,""branch_successes"":0,""join_decomp"":166,""meet_decomp"":166}",18120704,18120704,0,18120704,18120704,0,"","",canonical
whitman,13,0,0,0,543,502,1045,"{""pairs"":2313,""max_stack"":12,""branch_attempts"":661,""branch_right"":826,""branch_left"":826,""branch_successes"":0,""join_decomp"":660,""meet_decomp"":660}","{""pairs"":1819,""max_stack"":13,""branch_attempts"":661,""branch_right"":826,""branch_left"":826,""branch_successes"":0,""join_decomp"":166,""meet_decomp"":166}",18120704,18120704,0,18120704,18120704,0,"","",canonical
whitman,14,0,0,0,409,330,739,"{""pairs"":2313,""max_stack"":12,""branch_attempts"":661,""branch_right"":826,""branch_left"":826,""branch_successes"":0,""join_decomp"":660,""meet_decomp"":660}","{""pairs"":1819,""max_stack"":13,""branch_attempts"":661,""branch_right"":826,""branch_left"":826,""branch_successes"":0,""join_decomp"":166,""meet_decomp"":166}",18120704,18120704,0,18120704,18120704,0,"","",canonical
whitman,15,0,0,0,355,330,685,"{""pairs"":2313,""max_stack"":12,""branch_attempts"":661,""branch_right"":826,""branch_left"":826,""branch_successes"":0,""join_decomp"":660,""meet_decomp"":660}","{""pairs"":1819,""max_stack"":13,""branch_attempts"":661,""branch_right"":826,""branch_left"":826,""branch_successes"":0,""join_decomp"":166,""meet_decomp"":166}",18120704,18120704,0,18120704,18120704,0,"","",canonical
whitman,16,0,0,0,354,329,683,"{""pairs"":2313,""max_stack"":12,""branch_attempts"":661,""branch_right"":826,""branch_left"":826,""branch_successes"":0,""join_decomp"":660,""meet_decomp"":660}","{""pairs"":1819,""max_stack"":13,""branch_attempts"":661,""branch_right"":826,""branch_left"":826,""branch_successes"":0,""join_decomp"":166,""meet_decomp"":166}",18120704,18120704,0,18120704,18120704,0,"","",canonical
whitman,17,0,0,0,354,329,683,"{""pairs"":2313,""max_stack"":12,""branch_attempts"":661,""branch_right"":826,""branch_left"":826,""branch_successes"":0,""join_decomp"":660,""meet_decomp"":660}","{""pairs"":1819,""max_stack"":13,""branch_attempts"":661,""branch_right"":826,""branch_left"":826,""branch_successes"":0,""join_decomp"":166,""meet_decomp"":166}",18120704,18120704,0,18120704,18120704,0,"","",canonical
whitman,18,0,0,0,355,330,685,"{""pairs"":2313,""max_stack"":12,""branch_attempts"":661,""branch_right"":826,""branch_left"":826,""branch_successes"":0,""join_decomp"":660,""meet_decomp"":660}","{""pairs"":1819,""max_stack"":13,""branch_attempts"":661,""branch_right"":826,""branch_left"":826,""branch_successes"":0,""join_decomp"":166,""meet_decomp"":166}",18120704,18120704,0,18120704,18120704,0,"","",canonical
whitman,19,0,0,0,354,329,683,"{""pairs"":2313,""max_stack"":12,""branch_attempts"":661,""branch_right"":826,""branch_left"":826,""branch_successes"":0,""join_decomp"":660,""meet_decomp"":660}","{""pairs"":1819,""max_stack"":13,""branch_attempts"":661,""branch_right"":826,""branch_left"":826,""branch_successes"":0,""join_decomp"":166,""meet_decomp"":166}",18120704,18120704,0,18120704,18120704,0,"","",canonical
whitman,20,0,0,0,354,330,684,"{""pairs"":2313,""max_stack"":12,""branch_attempts"":661,""branch_right"":826,""branch_left"":826,""branch_successes"":0,""join_decomp"":660,""meet_decomp"":660}","{""pairs"":1819,""max_stack"":13,""branch_attempts"":661,""branch_right"":826,""branch_left"":826,""branch_successes"":0,""join_decomp"":166,""meet_decomp"":166}",18120704,18120704,0,18120704,18120704,0,"","",canonical
whitman,21,0,0,0,353,310,663,"{""pairs"":2313,""max_stack"":12,""branch_attempts"":661,""branch_right"":826,""branch_left"":826,""branch_successes"":0,""join_decomp"":660,""meet_decomp"":660}","{""pairs"":1819,""max_stack"":13,""branch_attempts"":661,""branch_right"":826,""branch_left"":826,""branch_successes"":0,""join_decomp"":166,""meet_decomp"":166}",18120704,18120704,0,18120704,18120704,0,"","",canonical
whitman,22,0,0,0,238,222,460,"{""pairs"":2313,""max_stack"":12,""branch_attempts"":661,""branch_right"":826,""branch_left"":826,""branch_successes"":0,""join_decomp"":660,""meet_decomp"":660}","{""pairs"":1819,""max_stack"":13,""branch_attempts"":661,""branch_right"":826,""branch_left"":826,""branch_successes"":0,""join_decomp"":166,""meet_decomp"":166}",18120704,18120704,0,18120704,18120704,0,"","",canonical
whitman,23,0,0,0,238,222,460,"{""pairs"":2313,""max_stack"":12,""branch_attempts"":661,""branch_right"":826,""branch_left"":826,""branch_successes"":0,""join_decomp"":660,""meet_decomp"":660}","{""pairs"":1819,""max_stack"":13,""branch_attempts"":661,""branch_right"":826,""branch_left"":826,""branch_successes"":0,""join_decomp"":166,""meet_decomp"":166}",18120704,18120704,0,18120704,18120704,0,"","",canonical
whitman,24,0,0,0,239,225,464,"{""pairs"":2313,""max_stack"":12,""branch_attempts"":661,""branch_right"":826,""branch_left"":826,""branch_successes"":0,""join_decomp"":660,""meet_decomp"":660}","{""pairs"":1819,""max_stack"":13,""branch_attempts"":661,""branch_right"":826,""branch_left"":826,""branch_successes"":0,""join_decomp"":166,""meet_decomp"":166}",18120704,18120704,0,18120704,18120704,0,"","",canonical
whitman,25,0,0,0,239,222,461,"{""pairs"":2313,""max_stack"":12,""branch_attempts"":661,""branch_right"":826,""branch_left"":826,""branch_successes"":0,""join_decomp"":660,""meet_decomp"":660}","{""pairs"":1819,""max_stack"":13,""branch_attempts"":661,""branch_right"":826,""branch_left"":826,""branch_successes"":0,""join_decomp"":166,""meet_decomp"":166}",18120704,18120704,0,18120704,18120704,0,"","",canonical
whitman,26,0,0,0,238,222,460,"{""pairs"":2313,""max_stack"":12,""branch_attempts"":661,""branch_right"":826,""branch_left"":826,""branch_successes"":0,""join_decomp"":660,""meet_decomp"":660}","{""pairs"":1819,""max_stack"":13,""branch_attempts"":661,""branch_right"":826,""branch_left"":826,""branch_successes"":0,""join_decomp"":166,""meet_decomp"":166}",18120704,18120704,0,18120704,18120704,0,"","",canonical
whitman,27,0,0,0,239,221,460,"{""pairs"":2313,""max_stack"":12,""branch_attempts"":661,""branch_right"":826,""branch_left"":826,""branch_successes"":0,""join_decomp"":660,""meet_decomp"":660}","{""pairs"":1819,""max_stack"":13,""branch_attempts"":661,""branch_right"":826,""branch_left"":826,""branch_successes"":0,""join_decomp"":166,""meet_decomp"":166}",18120704,18120704,0,18120704,18120704,0,"","",canonical
whitman,28,0,0,0,239,222,461,"{""pairs"":2313,""max_stack"":12,""branch_attempts"":661,""branch_right"":826,""branch_left"":826,""branch_successes"":0,""join_decomp"":660,""meet_decomp"":660}","{""pairs"":1819,""max_stack"":13,""branch_attempts"":661,""branch_right"":826,""branch_left"":826,""branch_successes"":0,""join_decomp"":166,""meet_decomp"":166}",18120704,18120704,0,18120704,18120704,0,"","",canonical
whitman,29,0,0,0,239,222,461,"{""pairs"":2313,""max_stack"":12,""branch_attempts"":661,""branch_right"":826,""branch_left"":826,""branch_successes"":0,""join_decomp"":660,""meet_decomp"":660}","{""pairs"":1819,""max_stack"":13,""branch_attempts"":661,""branch_right"":826,""branch_left"":826,""branch_successes"":0,""join_decomp"":166,""meet_decomp"":166}",18120704,18120704,0,18120704,18120704,0,"","",canonical
whitman,30,0,0,0,239,222,461,"{""pairs"":2313,""max_stack"":12,""branch_attempts"":661,""branch_right"":826,""branch_left"":826,""branch_successes"":0,""join_decomp"":660,""meet_decomp"":660}","{""pairs"":1819,""max_stack"":13,""branch_attempts"":661,""branch_right"":826,""branch_left"":826,""branch_successes"":0,""join_decomp"":166,""meet_decomp"":166}",18120704,18120704,0,18120704,18120704,0,"","",canonical
whitman,31,0,0,0,239,222,461,"{""pairs"":2313,""max_stack"":12,""branch_attempts"":661,""branch_right"":826,""branch_left"":826,""branch_successes"":0,""join_decomp"":660,""meet_decomp"":660}","{""pairs"":1819,""max_stack"":13,""branch_attempts"":661,""branch_right"":826,""branch_left"":826,""branch_successes"":0,""join_decomp"":166,""meet_decomp"":166}",18120704,18120704,0,18120704,18120704,0,"","",canonical
