engine,pair_id,u_leq_v,v_leq_u,eq,uv_us,vu_us,total_us,uv_stats,vu_stats,uv_working_set,uv_peak_working_set,uv_private_bytes,vu_working_set,vu_peak_working_set,vu_private_bytes,uv_error,vu_error,representation
whitman,0,0,0,0,69,6,75,"{""pairs"":145,""max_stack"":7,""branch_attempts"":53,""branch_right"":66,""branch_left"":66,""branch_successes"":0,""join_decomp"":12,""meet_decomp"":12}","{""pairs"":19,""max_stack"":6,""branch_attempts"":5,""branch_right"":6,""branch_left"":6,""branch_successes"":0,""join_decomp"":6,""meet_decomp"":6}",17039360,17039360,0,17039360,17039360,0,"","",canonical
whitman,1,0,0,0,65,6,71,"{""pairs"":145,""max_stack"":7,""branch_attempts"":53,""branch_right"":66,""branch_left"":66,""branch_successes"":0,""join_decomp"":12,""meet_decomp"":12}","{""pairs"":19,""max_stack"":6,""branch_attempts"":5,""branch_right"":6,""branch_left"":6,""branch_successes"":0,""join_decomp"":6,""meet_decomp"":6}",17039360,17039360,0,17039360,17039360,0,"","",canonical
whitman,2,0,0,0,64,6,70,"{""pairs"":145,""max_stack"":7,""branch_attempts"":53,""branch_right"":66,""branch_left"":66,""branch_successes"":0,""join_decomp"":12,""meet_decomp"":12}","{""pairs"":19,""max_stack"":6,""branch_attempts"":5,""branch_right"":6,""branch_left"":6,""branch_successes"":0,""join_decomp"":6,""meet_decomp"":6}",17039360,17039360,0,17039360,17039360,0,"","",canonical
whitman,3,0,0,0,64,6,70,"{""pairs"":145,""max_stack"":7,""branch_attempts"":53,""branch_right"":66,""branch_left"":66,""branch_successes"":0,""join_decomp"":12,""meet_decomp"":12}","{""pairs"":19,""max_stack"":6,""branch_attempts"":5,""branch_right"":6,""branch_left"":6,""branch_successes"":0,""join_decomp"":6,""meet_decomp"":6}",17039360,17039360,0,17039360,17039360,0,"","",canonical
whitman,4,0,0,0,64,6,70,"{""pairs"":145,""max_stack"":7,""branch_attempts"":53,""branch_right"":66,""branch_left"":66,""branch_successes"":0,""join_decomp"":12,""meet_decomp"":12}","{""pairs"":19,""max_stack"":6,""branch_attempts"":5,""branch_right"":6,""branch_left"":6,""branch_successes"":0,""join_decomp"":6,""meet_decomp"":6}",17039360,17039360,0,17039360,17039360,0,"","",canonical
whitman,5,0,0,0,64,5,69,"{""pairs"":145,""max_stack"":7,""branch_attempts"":53,""branch_right"":66,""branch_left"":66,""branch_successes"":0,""join_decomp"":12,""meet_decomp"":12}","{""pairs"":19,""max_stack"":6,""branch_attempts"":5,""branch_right"":6,""branch_left"":6,""branch_successes"":0,""join_decomp"":6,""meet_decomp"":6}",17039360,17039360,0,17039360,17039360,0,"","",canonical
whitman,6,0,0,0,63,5,68,"{""pairs"":145,""max_stack"":7,""branch_attempts"":53,""branch_right"":66,""branch_left"":66,""branch_successes"":0,""join_decomp"":12,""meet_decomp"":12}","{""pairs"":19,""max_stack"":6,""branch_attempts"":5,""branch_right"":6,""branch_left"":6,""branch_successes"":0,""join_decomp"":6,""meet_decomp"":6}",17039360,17039360,0,17039360,17039360,0,"","",canonical
whitman,7,0,0,0,64,5,69,"{""pairs"":145,""max_stack"":7,""branch_attempts"":53,""branch_right"":66,""branch_left"":66,""branch_successes"":0,""join_decomp"":12,""meet_decomp"":12}","{""pairs"":19,""max_stack"":6,""branch_attempts"":5,""branch_right"":6,""branch_left"":6,""branch_successes"":0,""join_decomp"":6,""meet_decomp"":6}",17039360,17039360,0,17039360,17039360,0,"","",canonical
whitman,8,0,0,0,64,6,70,"{""pairs"":145,""max_stack"":7,""branch_attempts"":53,""branch_right"":66,""branch_left"":66,""branch_successes"":0,""join_decomp"":12,""meet_decomp"":12}","{""pairs"":19,""max_stack"":6,""branch_attempts"":5,""branch_right"":6,""branch_left"":6,""branch_successes"":0,""join_decomp"":6,""meet_decomp"":6}",17039360,17039360,0,17039360,17039360,0,"","",canonical
whitman,9,0,0,0,63,6,69,"{""pairs"":145,""max_stack"":7,""branch_attempts"":53,""branch_right"":66,""branch_left"":66,""branch_successes"":0,""join_decomp"":12,""meet_decomp"":12}","{""pairs"":19,""max_stack"":6,""branch_attempts"":5,""branch_right"":6,""branch_left"":6,""branch_successes"":0,""join_decomp"":6,""meet_decomp"":6}",17039360,17039360,0,17039360,17039360,0,"","",canonical
whitman,10,0,0,0,63,5,68,"{""pairs"":145,""max_stack"":7,""branch_attempts"":53,""branch_right"":66,""branch_left"":66,""branch_successes"":0,""join_decomp"":12,""meet_decomp"":12}","{""pairs"":19,""max_stack"":6,""branch_attempts"":5,""branch_right"":6,""branch_left"":6,""branch_successes"":0,""join_decomp"":6,""meet_decomp"":6}",17039360,17039360,0,17039360,17039360,0,"","",canonical
whitman,11,0,0,0,64,5,69,"{""pairs"":145,""max_stack"":7,""branch_attempts"":53,""branch_right"":66,""branch_left"":66,""branch_successes"":0,""join_decomp"":12,""meet_decomp"":12}","{""pairs"":19,""max_stack"":6,""branch_attempts"":5,""branch_right"":6,""branch_left"":6,""branch_successes"":0,""join_decomp"":6,""meet_decomp"":6}",17039360,17039360,0,17039360,17039360,0,"","",canonical
whitman,12,0,0,0,64,6,70,"{""pairs"":145,""max_stack"":7,""branch_attempts"":53,""branch_right"":66,""branch_left"":66,""branch_successes"":0,""join_decomp"":12,""meet_decomp"":12}","{""pairs"":19,""max_stack"":6,""branch_attempts"":5,""branch_right"":6,""branch_left"":6,""branch_successes"":0,""join_decomp"":6,""meet_decomp"":6}",17039360,17039360,0,17039360,17039360,0,"","",canonical
whitman,13,0,0,0,73,6,79,"{""pairs"":145,""max_stack"":7,""branch_attempts"":53,""branch_right"":66,""branch_left"":66,""branch_successes"":0,""join_decomp"":12,""meet_decomp"":12}","{""pairs"":19,""max_stack"":6,""branch_attempts"":5,""branch_right"":6,""branch_left"":6,""branch_successes"":0,""join_decomp"":6,""meet_decomp"":6}",17039360,17039360,0,17039360,17039360,0,"","",canonical
whitman,14,0,0,0,63,6,69,"{""pairs"":145,""max_stack"":7,""branch_attempts"":53,""branch_right"":66,""branch_left"":66,""branch_successes"":0,""join_decomp"":12,""meet_decomp"":12}","{""pairs"":19,""max_stack"":6,""branch_attempts"":5,""branch_right"":6,""branch_left"":6,""branch_successes"":0,""join_decomp"":6,""meet_decomp"":6}",17039360,17039360,0,17039360,17039360,0,"","",canonical
whitman,15,0,0,0,63,5,68,"{""pairs"":145,""max_stack"":7,""branch_attempts"":53,""branch_right"":66,""branch_left"":66,""branch_successes"":0,""join_decomp"":12,""meet_decomp"":12}","{""pairs"":19,""max_stack"":6,""branch_attempts"":5,""branch_right"":6,""branch_left"":6,""branch_successes"":0,""join_decomp"":6,""meet_decomp"":6}",17039360,17039360,0,17039360,17039360,0,"","",canonical
whitman,16,0,0,0,63,5,68,"{""pairs"":145,""max_stack"":7,""branch_attempts"":53,""branch_right"":66,""branch_left"":66,""branch_successes"":0,""join_decomp"":12,""meet_decomp"":12}","{""pairs"":19,""max_stack"":6,""branch_attempts"":5,""branch_right"":6,""branch_left"":6,""branch_successes"":0,""join_decomp"":6,""meet_decomp"":6}",17039360,17039360,0,17039360,17039360,0,"","",canonical
whitman,17,0,0,0,63,5,68,"{""pairs"":145,""max_stack"":7,""branch_attempts"":53,""branch_right"":66,""branch_left"":66,""branch_successes"":0,""join_decomp"":12,""meet_decomp"":12}","{""pairs"":19,""max_stack"":6,""branch_attempts"":5,""branch_right"":6,""branch_left"":6,""branch_successes"":0,""join_decomp"":6,""meet_decomp"":6}",17039360,17039360,0,17039360,17039360,0,"","",canonical
whitman,18,0,0,0,64,5,69,"{""pairs"":145,""max_stack"":7,""branch_attempts"":53,""branch_right"":66,""branch_left"":66,""branch_successes"":0,""join_decomp"":12,""meet_decomp"":12}","{""pairs"":19,""max_stack"":6,""branch_attempts"":5,""branch_right"":6,""branch_left"":6,""branch_successes"":0,""join_decomp"":6,""meet_decomp"":6}",17039360,17039360,0,17039360,17039360,0,"","",canonical
whitman,19,0,0,0,64,6,70,"{""pairs"":145,""max_stack"":7,""branch_attempts"":53,""branch_right"":66,""branch_left"":66,""branch_successes"":0,""join_decomp"":12,""meet_decomp"":12}","{""pairs"":19,""max_stack"":6,""branch_attempts"":5,""branch_right"":6,""branch_left"":6,""branch_successes"":0,""join_decomp"":6,""meet_decomp"":6}",17039360,17039360,0,17039360,17039360,0,"","",canonical
whitman,20,0,0,0,64,6,70,"{""pairs"":145,""max_stack"":7,""branch_attempts"":53,""branch_right"":66,""branch_left"":66,""branch_successes"":0,""join_decomp"":12,""meet_decomp"":12}","{""pairs"":19,""max_stack"":6,""branch_attempts"":5,""branch_right"":6,""branch_left"":6,""branch_successes"":0,""join_decomp"":6,""meet_decomp"":6}",17039360,17039360,0,17039360,17039360,0,"","",canonical
whitman,21,0,0,0,64,6,70,"{""pairs"":145,""max_stack"":7,""branch_attempts"":53,""branch_right"":66,""branch_left"":66,""branch_successes"":0,""join_decomp"":12,""meet_decomp"":12}","{""pairs"":19,""max_stack"":6,""branch_attempts"":5,""branch_right"":6,""branch_left"":6,""branch_successes"":0,""join_decomp"":6,""meet_decomp"":6}",17039360,17039360,0,17039360,17039360,0,"","",canonical
whitman,22,0,0,0,64,5,69,"{""pairs"":145,""max_stack"":7,""branch_attempts"":53,""branch_right"":66,""branch_left"":66,""branch_successes"":0,""join_decomp"":12,""meet_decomp"":12}","{""pairs"":19,""max_stack"":6,""branch_attempts"":5,""branch_right"":6,""branch_left"":6,""branch_successes"":0,""join_decomp"":6,""meet_decomp"":6}",17039360,17039360,0,17039360,17039360,0,"","",canonical
whitman,23,0,0,0,63,6,69,"{""pairs"":145,""max_stack"":7,""branch_attempts"":53,""branch_right"":66,""branch_left"":66,""branch_successes"":0,""join_decomp"":12,""meet_decomp"":12}","{""pairs"":19,""max_stack"":6,""branch_attempts"":5,""branch_right"":6,""branch_left"":6,""branch_successes"":0,""join_decomp"":6,""meet_decomp"":6}",17039360,17039360,0,17039360,17039360,0,"","",canonical
whitman,24,0,0,0,51,4,55,"{""pairs"":145,""max_stack"":7,""branch_attempts"":53,""branch_right"":66,""branch_left"":66,""branch_successes"":0,""join_decomp"":12,""meet_decomp"":12}","{""pairs"":19,""max_stack"":6,""branch_attempts"":5,""branch_right"":6,""branch_left"":6,""branch_successes"":0,""join_decomp"":6,""meet_decomp"":6}",17039360,17039360,0,17039360,17039360,0,"","",canonical
whitman,25,0,0,0,51,4,55,"{""pairs"":145,""max_stack"":7,""branch_attempts"":53,""branch_right"":66,""branch_left"":66,""branch_successes"":0,""join_decomp"":12,""meet_decomp"":12}","{""pairs"":19,""max_stack"":6,""branch_attempts"":5,""branch_right"":6,""branch_left"":6,""branch_successes"":0,""join_decomp"":6,""meet_decomp"":6}",17039360,17039360,0,17039360,17039360,0,"","",canonical
whitman,26,0,0,0,50,4,54,"{""pairs"":145,""max_stack"":7,""branch_attempts"":53,""branch_right"":66,""branch_left"":66,""branch_successes"":0,""join_decomp"":12,""meet_decomp"":12}","{""pairs"":19,""max_stack"":6,""branch_attempts"":5,""branch_right"":6,""branch_left"":6,""branch_successes"":0,""join_decomp"":6,""meet_decomp"":6}",17039360,17039360,0,17039360,17039360,0,"","",canonical
whitman,27,0,0,0,50,4,54,"{""pairs"":145,""max_stack"":7,""branch_attempts"":53,""branch_right"":66,""branch_left"":66,""branch_successes"":0,""join_decomp"":12,""meet_decomp"":12}","{""pairs"":19,""max_stack"":6,""branch_attempts"":5,""branch_right"":6,""branch_left"":6,""branch_successes"":0,""join_decomp"":6,""meet_decomp"":6}",17039360,17039360,0,17039360,17039360,0,"","",canonical
whitman,28,0,0,0,51,4,55,"{""pairs"":145,""max_stack"":7,""branch_attempts"":53,""branch_right"":66,""branch_left"":66,""branch_successes"":0,""join_decomp"":12,""meet_decomp"":12}","{""pairs"":19,""max_stack"":6,""branch_attempts"":5,""branch_right"":6,""branch_left"":6,""branch_successes"":0,""join_decomp"":6,""meet_decomp"":6}",17039360,17039360,0,17039360,17039360,0,"","",canonical
whitman,29,0,0,0,50,4,54,"{""pairs"":145,""max_stack"":7,""branch_attempts"":53,""branch_right"":66,""branch_left"":66,""branch_successes"":0,""join_decomp"":12,""meet_decomp"":12}","{""pairs"":19,""max_stack"":6,""branch_attempts"":5,""branch_right"":6,""branch_left"":6,""branch_successes"":0,""join_decomp"":6,""meet_decomp"":6}",17039360,17039360,0,17039360,17039360,0,"","",canonical
whitman,30,0,0,0,51,4,55,"{""pairs"":145,""max_stack"":7,""branch_attempts"":53,""branch_right"":66,""branch_left"":66,""branch_successes"":0,""join_decomp"":12,""meet_decomp"":12}","{""pairs"":19,""max_stack"":6,""branch_attempts"":5,""branch_right"":6,""branch_left"":6,""branch_successes"":0,""join_decomp"":6,""meet_decomp"":6}",17039360,17039360,0,17039360,17039360,0,"","",canonical
whitman,31,0,0,0,51,4,55,"{""pairs"":145,""max_stack"":7,""branch_attempts"":53,""branch_right"":66,""branch_left"":66,""branch_successes"":0,""join_decomp"":12,""meet_decomp"":12}","{""pairs"":19,""max_stack"":6,""branch_attempts"":5,""branch_right"":6,""branch_left"":6,""branch_successes"":0,""join_decomp"":6,""meet_decomp"":6}",17039360,17039360,0,17039360,17039360,0,"","",canonical
