engine,pair_id,u_leq_v,v_leq_u,eq,uv_us,vu_us,total_us,uv_stats,vu_stats,uv_working_set,uv_peak_working_set,uv_private_bytes,vu_working_set,vu_peak_working_set,vu_private_bytes,uv_error,vu_error,representation
whitman,0,0,0,0,9426,6127,15553,"{""pairs"":31209,""max_stack"":16,""branch_attempts"":8917,""branch_right"":11146,""branch_left"":11146,""branch_successes"":0,""join_decomp"":8916,""meet_decomp"":8916}","{""pairs"":24523,""max_stack"":17,""branch_attempts"":8917,""branch_right"":11146,""branch_left"":11146,""branch_successes"":0,""join_decomp"":2230,""meet_decomp"":2230}",18931712,18931712,0,18931712,18931712,0,"","",canonical
whitman,1,0,0,0,4642,3796,8438,"{""pairs"":31209,""max_stack"":16,""branch_attempts"":8917,""branch_right"":11146,""branch_left"":11146,""branch_successes"":0,""join_decomp"":8916,""meet_decomp"":8916}","{""pairs"":24523,""max_stack"":17,""branch_attempts"":8917,""branch_right"":11146,""branch_left"":11146,""branch_successes"":0,""join_decomp"":2230,""meet_decomp"":2230}",18931712,18931712,0,18931712,18931712,0,"","",canonical
whitman,2,0,0,0,3412,2925,6337,"{""pairs"":31209,""max_stack"":16,""branch_attempts"":8917,""branch_right"":11146,""branch_left"":11146,""branch_successes"":0,""join_decomp"":8916,""meet_decomp"":8916}","{""pairs"":24523,""max_stack"":17,""branch_attempts"":8917,""branch_right"":11146,""branch_left"":11146,""branch_successes"":0,""join_decomp"":2230,""meet_decomp"":2230}",18931712,18931712,0,18931712,18931712,0,"","",canonical
whitman,3,0,0,0,3115,5558,8673,"{""pairs"":31209,""max_stack"":16,""branch_attempts"":8917,""branch_right"":11146,""branch_left"":11146,""branch_successes"":0,""join_decomp"":8916,""meet_decomp"":8916}","{""pairs"":24523,""max_stack"":17,""branch_attempts"":8917,""branch_right"":11146,""branch_left"":11146,""branch_successes"":0,""join_decomp"":2230,""meet_decomp"":2230}",18931712,18931712,0,18931712,18931712,0,"","",canonical
whitman,4,0,0,0,9880,6471,16351,"{""pairs"":31209,""max_stack"":16,""branch_attempts"":8917,""branch_right"":11146,""branch_left"":11146,""branch_successes"":0,""join_decomp"":8916,""meet_decomp"":8916}","{""pairs"":24523,""max_stack"":17,""branch_attempts"":8917,""branch_right"":11146,""branch_left"":11146,""branch_successes"":0,""join_decomp"":2230,""meet_decomp"":2230}",18931712,18931712,0,18931712,18931712,0,"","",canonical
whitman,5,0,0,0,4611,4300,8911,"{""pairs"":31209,""max_stack"":16,""branch_attempts"":8917,""branch_right"":11146,""branch_left"":11146,""branch_successes"":0,""join_decomp"":8916,""meet_decomp"":8916}","{""pairs"":24643,""max_stack"":17,""branch_attempts"":8977,""branch_right"":11186,""branch_left"":11206,""branch_successes"":40,""join_decomp"":2230,""meet_decomp"":2230}",18931712,18931712,0,18931712,18931712,0,"","",canonical
whitman,6,0,0,0,3109,2868,5977,"{""pairs"":31209,""max_stack"":16,""branch_attempts"":8917,""branch_right"":11146,""branch_left"":11146,""branch_successes"":0,""join_decomp"":8916,""meet_decomp"":8916}","{""pairs"":24523,""max_stack"":17,""branch_attempts"":8917,""branch_right"":11146,""branch_left"":11146,""branch_successes"":0,""join_decomp"":2230,""meet_decomp"":2230}",18931712,18931712,0,18931712,18931712,0,"","",canonical
whitman,7,0,0,0,3010,2811,5821,"{""pairs"":31209,""max_stack"":16,""branch_attempts"":8917,""branch_right"":11146,""branch_left"":11146,""branch_successes"":0,""join_decomp"":8916,""meet_decomp"":8916}","{""pairs"":24523,""max_stack"":17,""branch_attempts"":8917,""branch_right"":11146,""branch_left"":11146,""branch_successes"":0,""join_decomp"":2230,""meet_decomp"":2230}",18931712,18931712,0,18931712,18931712,0,"","",canonical
whitman,8,0,0,0,3018,2806,5824,"{""pairs"":31209,""max_stack"":16,""branch_attempts"":8917,""branch_right"":11146,""branch_left"":11146,""branch_successes"":0,""join_decomp"":8916,""meet_decomp"":8916}","{""pairs"":24523,""max_stack"":17,""branch_attempts"":8917,""branch_right"":11146,""branch_left"":11146,""branch_successes"":0,""join_decomp"":2230,""meet_decomp"":2230}",18931712,18931712,0,18931712,18931712,0,"","",canonical
whitman,9,0,0,0,3000,2821,5821,"{""pairs"":31209,""max_stack"":16,""branch_attempts"":8917,""branch_right"":11146,""branch_left"":11146,""branch_successes"":0,""join_decomp"":8916,""meet_decomp"":8916}","{""pairs"":24523,""max_stack"":17,""branch_attempts"":8917,""branch_right"":11146,""branch_left"":11146,""branch_successes"":0,""join_decomp"":2230,""meet_decomp"":2230}",18931712,18931712,0,18931712,18931712,0,"","",canonical
whitman,10,0,0,0,3004,2803,5807,"{""pairs"":31209,""max_stack"":16,""branch_attempts"":8917,""branch_right"":11146,""branch_left"":11146,""branch_successes"":0,""join_decomp"":8916,""meet_decomp"":8916}","{""pairs"":24523,""max_stack"":17,""branch_attempts"":8917,""branch_right"":11146,""branch_left"":11146,""branch_successes"":0,""join_decomp"":2230,""meet_decomp"":2230}",18931712,18931712,0,18931712,18931712,0,"","",canonical
whitman,11,0,0,0,3005,2804,5809,"{""pairs"":31209,""max_stack"":16,""branch_attempts"":8917,""branch_right"":11146,""branch_left"":11146,""branch_successes"":0,""join_decomp"":8916,""meet_decomp"":8916}","{""pairs"":24523,""max_stack"":17,""branch_attempts"":8917,""branch_right"":11146,""branch_left"":11146,""branch_successes"":0,""join_decomp"":2230,""meet_decomp"":2230}",18931712,18931712,0,18931712,18931712,0,"","",canonical
whitman,12,0,0,0,3015,2805,5820,"{""pairs"":31209,""max_stack"":16,""branch_attempts"":8917,""branch_right"":11146,""branch_left"":11146,""branch_successes"":0,""join_decomp"":8916,""meet_decomp"":8916}","{""pairs"":24523,""max_stack"":17,""branch_attempts"":8917,""branch_right"":11146,""branch_left"":11146,""branch_successes"":0,""join_decomp"":2230,""meet_decomp"":2230}",18931712,18931712,0,18931712,18931712,0,"","",canonical
whitman,13,0,0,0,3011,2819,5830,"{""pairs"":31209,""max_stack"":16,""branch_attempts"":8917,""branch_right"":11146,""branch_left"":11146,""branch_successes"":0,""join_decomp"":8916,""meet_decomp"":8916}","{""pairs"":24523,""max_stack"":17,""branch_attempts"":8917,""branch_right"":11146,""branch_left"":11146,""branch_successes"":0,""join_decomp"":2230,""meet_decomp"":2230}",18931712,18931712,0,18931712,18931712,0,"","",canonical
whitman,14,0,0,0,2998,2802,5800,"{""pairs"":31209,""max_stack"":16,""branch_attempts"":8917,""branch_right"":11146,""branch_left"":11146,""branch_successes"":0,""join_decomp"":8916,""meet_decomp"":8916}","{""pairs"":24523,""max_stack"":17,""branch_attempts"":8917,""branch_right"":11146,""branch_left"":11146,""branch_successes"":0,""join_decomp"":2230,""meet_decomp"":2230}",18931712,18931712,0,18931712,18931712,0,"","",canonical
whitman,15,0,0,0,2999,2819,5818,"{""pairs"":31209,""max_stack"":16,""branch_attempts"":8917,""branch_right"":11146,""branch_left"":11146,""branch_successes"":0,""join_decomp"":8916,""meet_decomp"":8916}","{""pairs"":24523,""max_stack"":17,""branch_attempts"":8917,""branch_right"":11146,""branch_left"":11146,""branch_successes"":0,""join_decomp"":2230,""meet_decomp"":2230}",18931712,18931712,0,18931712,18931712,0,"","",canonical
whitman,16,0,0,0,2997,2805,5802,"{""pairs"":31209,""max_stack"":16,""branch_attempts"":8917,""branch_right"":11146,""branch_left"":11146,""branch_successes"":0,""join_decomp"":8916,""meet_decomp"":8916}","{""pairs"":24523,""max_stack"":17,""branch_attempts"":8917,""branch_right"":11146,""branch_left"":11146,""branch_successes"":0,""join_decomp"":2230,""meet_decomp"":2230}",18931712,18931712,0,18931712,18931712,0,"","",canonical
whitman,17,0,0,0,3002,2803,5805,"{""pairs"":31209,""max_stack"":16,""branch_attempts"":8917,""branch_right"":11146,""branch_left"":11146,""branch_successes"":0,""join_decomp"":8916,""meet_decomp"":8916}","{""pairs"":24523,""max_stack"":17,""branch_attempts"":8917,""branch_right"":11146,""branch_left"":11146,""branch_successes"":0,""join_decomp"":2230,""meet_decomp"":2230}",18931712,18931712,0,18931712,18931712,0,"","",canonical
whitman,18,0,0,0,3014,2803,5817,"{""pairs"":31209,""max_stack"":16,""branch_attempts"":8917,""branch_right"":11146,""branch_left"":11146,""branch_successes"":0,""join_decomp"":8916,""meet_decomp"":8916}","{""pairs"":24523,""max_stack"":17,""branch_attempts"":8917,""branch_right"":11146,""branch_left"":11146,""branch_successes"":0,""join_decomp"":2230,""meet_decomp"":2230}",18931712,18931712,0,18931712,18931712,0,"","",canonical
whitman,19,0,0,0,3003,2806,5809,"{""pairs"":31209,""max_stack"":16,""branch_attempts"":8917,""branch_right"":11146,""branch_left"":11146,""branch_successes"":0,""join_decomp"":8916,""meet_decomp"":8916}","{""pairs"":24523,""max_stack"":17,""branch_attempts"":8917,""branch_right"":11146,""branch_left"":11146,""branch_successes"":0,""join_decomp"":2230,""meet_decomp"":2230}",18931712,18931712,0,18931712,18931712,0,"","",canonical
whitman,20,0,0,0,3005,2805,5810,"{""pairs"":31209,""max_stack"":16,""branch_attempts"":8917,""branch_right"":11146,""branch_left"":11146,""branch_successes"":0,""join_decomp"":8916,""meet_decomp"":8916}","{""pairs"":24523,""max_stack"":17,""branch_attempts"":8917,""branch_right"":11146,""branch_left"":11146,""branch_successes"":0,""join_decomp"":2230,""meet_decomp"":2230}",18931712,18931712,0,18931712,18931712,0,"","",canonical
whitman,21,0,0,0,3001,2804,5805,"{""pairs"":31209,""max_stack"":16,""branch_attempts"":8917,""branch_right"":11146,""branch_left"":11146,""branch_successes"":0,""join_decomp"":8916,""meet_decomp"":8916}","{""pairs"":24523,""max_stack"":17,""branch_attempts"":8917,""branch_right"":11146,""branch_left"":11146,""branch_successes"":0,""join_decomp"":2230,""meet_decomp"":2230}",18931712,18931712,0,18931712,18931712,0,"","",canonical
whitman,22,0,0,0,3022,2859,5881,"{""pairs"":31209,""max_stack"":16,""branch_attempts"":8917,""branch_right"":11146,""branch_left"":11146,""branch_successes"":0,""join_decomp"":8916,""meet_decomp"":8916}","{""pairs"":24523,""max_stack"":17,""branch_attempts"":8917,""branch_right"":11146,""branch_left"":11146,""branch_successes"":0,""join_decomp"":2230,""meet_decomp"":2230}",18931712,18931712,0,18931712,18931712,0,"","",canonical
whitman,23,0,0,0,3002,2879,5881,"{""pairs"":31209,""max_stack"":16,""branch_attempts"":8917,""branch_right"":11146,""branch_left"":11146,""branch_successes"":0,""join_decomp"":8916,""meet_decomp"":8916}","{""pairs"":24523,""max_stack"":17,""branch_attempts"":8917,""branch_right"":11146,""branch_left"":11146,""branch_successes"":0,""join_decomp"":2230,""meet_decomp"":2230}",18931712,18931712,0,18931712,18931712,0,"","",canonical
whitman,24,0,0,0,3010,2806,5816,"{""pairs"":31209,""max_stack"":16,""branch_attempts"":8917,""branch_right"":11146,""branch_left"":11146,""branch_successes"":0,""join_decomp"":8916,""meet_decomp"":8916}","{""pairs"":24523,""max_stack"":17,""branch_attempts"":8917,""branch_right"":11146,""branch_left"":11146,""branch_successes"":0,""join_decomp"":2230,""meet_decomp"":2230}",18931712,18931712,0,18931712,18931712,0,"","",canonical
whitman,25,0,0,0,3003,2880,5883,"{""pairs"":31209,""max_stack"":16,""branch_attempts"":8917,""branch_right"":11146,""branch_left"":11146,""branch_successes"":0,""join_decomp"":8916,""meet_decomp"":8916}","{""pairs"":24523,""max_stack"":17,""branch_attempts"":8917,""branch_right"":11146,""branch_left"":11146,""branch_successes"":0,""join_decomp"":2230,""meet_decomp"":2230}",18931712,18931712,0,18931712,18931712,0,"","",canonical
whitman,26,0,0,0,3001,2880,5881,"{""pairs"":31209,""max_stack"":16,""branch_attempts"":8917,""branch_right"":11146,""branch_left"":11146,""branch_successes"":0,""join_decomp"":8916,""meet_decomp"":8916}","{""pairs"":24523,""max_stack"":17,""branch_attempts"":8917,""branch_right"":11146,""branch_left"":11146,""branch_successes"":0,""join_decomp"":2230,""meet_decomp"":2230}",18931712,18931712,0,18931712,18931712,0,"","",canonical
whitman,27,0,0,0,3001,2860,5861,"{""pairs"":31209,""max_stack"":16,""branch_attempts"":8917,""branch_right"":11146,""branch_left"":11146,""branch_successes"":0,""join_decomp"":8916,""meet_decomp"":8916}","{""pairs"":24523,""max_stack"":17,""branch_attempts"":8917,""branch_right"":11146,""branch_left"":11146,""branch_successes"":0,""join_decomp"":2230,""meet_decomp"":2230}",18931712,18931712,0,18931712,18931712,0,"","",canonical
whitman,28,0,0,0,3012,2806,5818,"{""pairs"":31209,""max_stack"":16,""branch_attempts"":8917,""branch_right"":11146,""branch_left"":11146,""branch_successes"":0,""join_decomp"":8916,""meet_decomp"":8916}","{""pairs"":24523,""max_stack"":17,""branch_attempts"":8917,""branch_right"":11146,""branch_left"":11146,""branch_successes"":0,""join_decomp"":2230,""meet_decomp"":2230}",18931712,18931712,0,18931712,18931712,0,"","",canonical
whitman,29,0,0,0,3012,2805,5817,"{""pairs"":31209,""max_stack"":16,""branch_attempts"":8917,""branch_right"":11146,""branch_left"":11146,""branch_successes"":0,""join_decomp"":8916,""meet_decomp"":8916}","{""pairs"":24523,""max_stack"":17,""branch_attempts"":8917,""branch_right"":11146,""branch_left"":11146,""branch_successes"":0,""join_decomp"":2230,""meet_decomp"":2230}",18931712,18931712,0,18931712,18931712,0,"","",canonical
whitman,30,0,0,0,3015,2803,5818,"{""pairs"":31209,""max_stack"":16,""branch_attempts"":8917,""branch_right"":11146,""branch_left"":11146,""branch_successes"":0,""join_decomp"":8916,""meet_decomp"":8916}","{""pairs"":24523,""max_stack"":17,""branch_attempts"":8917,""branch_right"":11146,""branch_left"":11146,""branch_successes"":0,""join_decomp"":2230,""meet_decomp"":2230}",18931712,18931712,0,18931712,18931712,0,"","",canonical
whitman,31,0,0,0,3001,2801,5802,"{""pairs"":31209,""max_stack"":16,""branch_attempts"":8917,""branch_right"":11146,""branch_left"":11146,""branch_successes"":0,""join_decomp"":8916,""meet_decomp"":8916}","{""pairs"":24523,""max_stack"":17,""branch_attempts"":8917,""branch_right"":11146,""branch_left"":11146,""branch_successes"":0,""join_decomp"":2230,""meet_decomp"":2230}",18931712,18931712,0,18931712,18931712,0,"","",canonical
