engine,pair_id,u_leq_v,v_leq_u,eq,uv_us,vu_us,total_us,uv_stats,vu_stats,uv_working_set,uv_peak_working_set,uv_private_bytes,vu_working_set,vu_peak_working_set,vu_private_bytes,uv_error,vu_error,representation
whitman,0,0,0,0,56490,39567,96057,"{""pairs"":439337,""max_stack"":20,""branch_attempts"":125525,""branch_right"":156906,""branch_left"":156906,""branch_successes"":0,""join_decomp"":125524,""meet_decomp"":125524}","{""pairs"":345195,""max_stack"":21,""branch_attempts"":125525,""branch_right"":156906,""branch_left"":156906,""branch_successes"":0,""join_decomp"":31382,""meet_decomp"":31382}",20283392,20283392,0,20283392,20283392,0,"","",canonical
whitman,1,0,0,0,42430,39895,82325,"{""pairs"":439337,""max_stack"":20,""branch_attempts"":125525,""branch_right"":156906,""branch_left"":156906,""branch_successes"":0,""join_decomp"":125524,""meet_decomp"":125524}","{""pairs"":345195,""max_stack"":21,""branch_attempts"":125525,""branch_right"":156906,""branch_left"":156906,""branch_successes"":0,""join_decomp"":31382,""meet_decomp"":31382}",20283392,20283392,0,20283392,20283392,0,"","",canonical
whitman,2,0,0,0,42291,39615,81906,"{""pairs"":439337,""max_stack"":20,""branch_attempts"":125525,""branch_right"":156906,""branch_left"":156906,""branch_successes"":0,""join_decomp"":125524,""meet_decomp"":125524}","{""pairs"":345195,""max_stack"":21,""branch_attempts"":125525,""branch_right"":156906,""branch_left"":156906,""branch_successes"":0,""join_decomp"":31382,""meet_decomp"":31382}",20283392,20283392,0,20283392,20283392,0,"","",canonical
whitman,3,0,0,0,42229,39521,81750,"{""pairs"":439337,""max_stack"":20,""branch_attempts"":125525,""branch_right"":156906,""branch_left"":156906,""branch_successes"":0,""join_decomp"":125524,""meet_decomp"":125524}","{""pairs"":345195,""max_stack"":21,""branch_attempts"":125525,""branch_right"":156906,""branch_left"":156906,""branch_successes"":0,""join_decomp"":31382,""meet_decomp"":31382}",20283392,20283392,0,20283392,20283392,0,"","",canonical
whitman,4,0,0,0,42460,39520,81980,"{""pairs"":439337,""max_stack"":20,""branch_attempts"":125525,""branch_right"":156906,""branch_left"":156906,""branch_successes"":0,""join_decomp"":125524,""meet_decomp"":125524}","{""pairs"":345195,""max_stack"":21,""branch_attempts"":125525,""branch_right"":156906,""branch_left"":156906,""branch_successes"":0,""join_decomp"":31382,""meet_decomp"":31382}",20283392,20283392,0,20283392,20283392,0,"","",canonical
whitman,5,0,0,0,42543,39733,82276,"{""pairs"":439337,""max_stack"":20,""branch_attempts"":125525,""branch_right"":156906,""branch_left"":156906,""branch_successes"":0,""join_decomp"":125524,""meet_decomp"":125524}","{""pairs"":345195,""max_stack"":21,""branch_attempts"":125525,""branch_right"":156906,""branch_left"":156906,""branch_successes"":0,""join_decomp"":31382,""meet_decomp"":31382}",20283392,20283392,0,20283392,20283392,0,"","",canonical
whitman,6,0,0,0,42292,39650,81942,"{""pairs"":439337,""max_stack"":20,""branch_attempts"":125525,""branch_right"":156906,""branch_left"":156906,""branch_successes"":0,""join_decomp"":125524,""meet_decomp"":125524}","{""pairs"":345195,""max_stack"":21,""branch_attempts"":125525,""branch_right"":156906,""branch_left"":156906,""branch_successes"":0,""join_decomp"":31382,""meet_decomp"":31382}",20283392,20283392,0,20283392,20283392,0,"","",canonical
whitman,7,0,0,0,42503,39578,82081,"{""pairs"":439337,""max_stack"":20,""branch_attempts"":125525,""branch_right"":156906,""branch_left"":156906,""branch_successes"":0,""join_decomp"":125524,""meet_decomp"":125524}","{""pairs"":345195,""max_stack"":21,""branch_attempts"":125525,""branch_right"":156906,""branch_left"":156906,""branch_successes"":0,""join_decomp"":31382,""meet_decomp"":31382}",20283392,20283392,0,20283392,20283392,0,"","",canonical
whitman,8,0,0,0,42276,39621,81897,"{""pairs"":439337,""max_stack"":20,""branch_attempts"":125525,""branch_right"":156906,""branch_left"":156906,""branch_successes"":0,""join_decomp"":125524,""meet_decomp"":125524}","{""pairs"":345405,""max_stack"":21,""branch_attempts"":125665,""branch_right"":156976,""branch_left"":156976,""branch_successes"":140,""join_decomp"":31382,""meet_decomp"":31382}",20283392,20283392,0,20283392,20283392,0,"","",canonical
whitman,9,0,0,0,42421,39595,82016,"{""pairs"":439337,""max_stack"":20,""branch_attempts"":125525,""branch_right"":156906,""branch_left"":156906,""branch_successes"":0,""join_decomp"":125524,""meet_decomp"":125524}","{""pairs"":345195,""max_stack"":21,""branch_attempts"":125525,""branch_right"":156906,""branch_left"":156906,""branch_successes"":0,""join_decomp"":31382,""meet_decomp"":31382}",20283392,20283392,0,20283392,20283392,0,"","",canonical
whitman,10,0,0,0,42266,39603,81869,"{""pairs"":439337,""max_stack"":20,""branch_attempts"":125525,""branch_right"":156906,""branch_left"":156906,""branch_successes"":0,""join_decomp"":125524,""meet_decomp"":125524}","{""pairs"":345615,""max_stack"":21,""branch_attempts"":125735,""branch_right"":157046,""branch_left"":157116,""branch_successes"":140,""join_decomp"":31382,""meet_decomp"":31382}",20283392,20283392,0,20283392,20283392,0,"","",canonical
whitman,11,0,0,0,42278,39686,81964,"{""pairs"":439337,""max_stack"":20,""branch_attempts"":125525,""branch_right"":156906,""branch_left"":156906,""branch_successes"":0,""join_decomp"":125524,""meet_decomp"":125524}","{""pairs"":345405,""max_stack"":21,""branch_attempts"":125665,""branch_right"":156976,""branch_left"":156976,""branch_successes"":140,""join_decomp"":31382,""meet_decomp"":31382}",20283392,20283392,0,20283392,20283392,0,"","",canonical
whitman,12,0,0,0,42489,39756,82245,"{""pairs"":439337,""max_stack"":20,""branch_attempts"":125525,""branch_right"":156906,""branch_left"":156906,""branch_successes"":0,""join_decomp"":125524,""meet_decomp"":125524}","{""pairs"":345195,""max_stack"":21,""branch_attempts"":125525,""branch_right"":156906,""branch_left"":156906,""branch_successes"":0,""join_decomp"":31382,""meet_decomp"":31382}",20283392,20283392,0,20283392,20283392,0,"","",canonical
whitman,13,0,0,0,42395,39577,81972,"{""pairs"":439337,""max_stack"":20,""branch_attempts"":125525,""branch_right"":156906,""branch_left"":156906,""branch_successes"":0,""join_decomp"":125524,""meet_decomp"":125524}","{""pairs"":345195,""max_stack"":21,""branch_attempts"":125525,""branch_right"":156906,""branch_left"":156906,""branch_successes"":0,""join_decomp"":31382,""meet_decomp"":31382}",20283392,20283392,0,20283392,20283392,0,"","",canonical
whitman,14,0,0,0,42405,39531,81936,"{""pairs"":439337,""max_stack"":20,""branch_attempts"":125525,""branch_right"":156906,""branch_left"":156906,""branch_successes"":0,""join_decomp"":125524,""meet_decomp"":125524}","{""pairs"":345195,""max_stack"":21,""branch_attempts"":125525,""branch_right"":156906,""branch_left"":156906,""branch_successes"":0,""join_decomp"":31382,""meet_decomp"":31382}",20283392,20283392,0,20283392,20283392,0,"","",canonical
whitman,15,0,0,0,42298,39686,81984,"{""pairs"":439337,""max_stack"":20,""branch_attempts"":125525,""branch_right"":156906,""branch_left"":156906,""branch_successes"":0,""join_decomp"":125524,""meet_decomp"":125524}","{""pairs"":345615,""max_stack"":21,""branch_attempts"":125735,""branch_right"":157046,""branch_left"":157116,""branch_successes"":140,""join_decomp"":31382,""meet_decomp"":31382}",20283392,20283392,0,20283392,20283392,0,"","",canonical
whitman,16,0,0,0,42249,39589,81838,"{""pairs"":439337,""max_stack"":20,""branch_attempts"":125525,""branch_right"":156906,""branch_left"":156906,""branch_successes"":0,""join_decomp"":125524,""meet_decomp"":125524}","{""pairs"":345195,""max_stack"":21,""branch_attempts"":125525,""branch_right"":156906,""branch_left"":156906,""branch_successes"":0,""join_decomp"":31382,""meet_decomp"":31382}",20283392,20283392,0,20283392,20283392,0,"","",canonical
whitman,17,0,0,0,42257,39500,81757,"{""pairs"":439337,""max_stack"":20,""branch_attempts"":125525,""branch_right"":156906,""branch_left"":156906,""branch_successes"":0,""join_decomp"":125524,""meet_decomp"":125524}","{""pairs"":345195,""max_stack"":21,""branch_attempts"":125525,""branch_right"":156906,""branch_left"":156906,""branch_successes"":0,""join_decomp"":31382,""meet_decomp"":31382}",20283392,20283392,0,20283392,20283392,0,"","",canonical
whitman,18,0,0,0,42406,39814,82220,"{""pairs"":439337,""max_stack"":20,""branch_attempts"":125525,""branch_right"":156906,""branch_left"":156906,""branch_successes"":0,""join_decomp"":125524,""meet_decomp"":125524}","{""pairs"":345195,""max_stack"":21,""branch_attempts"":125525,""branch_right"":156906,""branch_left"":156906,""branch_successes"":0,""join_decomp"":31382,""meet_decomp"":31382}",20283392,20283392,0,20283392,20283392,0,"","",canonical
whitman,19,0,0,0,42273,39513,81786,"{""pairs"":439337,""max_stack"":20,""branch_attempts"":125525,""branch_right"":156906,""branch_left"":156906,""branch_successes"":0,""join_decomp"":125524,""meet_decomp"":125524}","{""pairs"":345195,""max_stack"":21,""branch_attempts"":125525,""branch_right"":156906,""branch_left"":156906,""branch_successes"":0,""join_decomp"":31382,""meet_decomp"":31382}",20283392,20283392,0,20283392,20283392,0,"","",canonical
whitman,20,0,0,0,42239,39588,81827,"{""pairs"":439337,""max_stack"":20,""branch_attempts"":125525,""branch_right"":156906,""branch_left"":156906,""branch_successes"":0,""join_decomp"":125524,""meet_decomp"":125524}","{""pairs"":345195,""max_stack"":21,""branch_attempts"":125525,""branch_right"":156906,""branch_left"":156906,""branch_successes"":0,""join_decomp"":31382,""meet_decomp"":31382}",20283392,20283392,0,20283392,20283392,0,"","",canonical
whitman,21,0,0,0,42313,39666,81979,"{""pairs"":439337,""max_stack"":20,""branch_attempts"":125525,""branch_right"":156906,""branch_left"":156906,""branch_successes"":0,""join_decomp"":125524,""meet_decomp"":125524}","{""pairs"":345195,""max_stack"":21,""branch_attempts"":125525,""branch_right"":156906,""branch_left"":156906,""branch_successes"":0,""join_decomp"":31382,""meet_decomp"":31382}",20283392,20283392,0,20283392,20283392,0,"","",canonical
whitman,22,0,0,0,42235,39519,81754,"{""pairs"":439337,""max_stack"":20,""branch_attempts"":125525,""branch_right"":156906,""branch_left"":156906,""branch_successes"":0,""join_decomp"":125524,""meet_decomp"":125524}","{""pairs"":345195,""max_stack"":21,""branch_attempts"":125525,""branch_right"":156906,""branch_left"":156906,""branch_successes"":0,""join_decomp"":31382,""meet_decomp"":31382}",20283392,20283392,0,20283392,20283392,0,"","",canonical
whitman,23,0,0,0,42492,39525,82017,"{""pairs"":439337,""max_stack"":20,""branch_attempts"":125525,""branch_right"":156906,""branch_left"":156906,""branch_successes"":0,""join_decomp"":125524,""meet_decomp"":125524}","{""pairs"":345195,""max_stack"":21,""branch_attempts"":125525,""branch_right"":156906,""branch_left"":156906,""branch_successes"":0,""join_decomp"":31382,""meet_decomp"":31382}",20283392,20283392,0,20283392,20283392,0,"","",canonical
whitman,24,0,0,0,42359,39870,82229,"{""pairs"":439337,""max_stack"":20,""branch_attempts"":125525,""branch_right"":156906,""branch_left"":156906,""branch_successes"":0,""join_decomp"":125524,""meet_decomp"":125524}","{""pairs"":345195,""max_stack"":21,""branch_attempts"":125525,""branch_right"":156906,""branch_left"":156906,""branch_successes"":0,""join_decomp"":31382,""meet_decomp"":31382}",20283392,20283392,0,20283392,20283392,0,"","",canonical
whitman,25,0,0,0,42845,39733,82578,"{""pairs"":439337,""max_stack"":20,""branch_attempts"":125525,""branch_right"":156906,""branch_left"":156906,""branch_successes"":0,""join_decomp"":125524,""meet_decomp"":125524}","{""pairs"":345405,""max_stack"":21,""branch_attempts"":125665,""branch_right"":156976,""branch_left"":156976,""branch_successes"":140,""join_decomp"":31382,""meet_decomp"":31382}",20283392,20283392,0,20283392,20283392,0,"","",canonical
whitman,26,0,0,0,42249,39498,81747,"{""pairs"":439337,""max_stack"":20,""branch_attempts"":125525,""branch_right"":156906,""branch_left"":156906,""branch_successes"":0,""join_decomp"":125524,""meet_decomp"":125524}","{""pairs"":345195,""max_stack"":21,""branch_attempts"":125525,""branch_right"":156906,""branch_left"":156906,""branch_successes"":0,""join_decomp"":31382,""meet_decomp"":31382}",20283392,20283392,0,20283392,20283392,0,"","",canonical
whitman,27,0,0,0,42242,39755,81997,"{""pairs"":439337,""max_stack"":20,""branch_attempts"":125525,""branch_right"":156906,""branch_left"":156906,""branch_successes"":0,""join_decomp"":125524,""meet_decomp"":125524}","{""pairs"":345195,""max_stack"":21,""branch_attempts"":125525,""branch_right"":156906,""branch_left"":156906,""branch_successes"":0,""join_decomp"":31382,""meet_decomp"":31382}",20283392,20283392,0,20283392,20283392,0,"","",canonical
whitman,28,0,0,0,42351,39806,82157,"{""pairs"":439337,""max_stack"":20,""branch_attempts"":125525,""branch_right"":156906,""branch_left"":156906,""branch_successes"":0,""join_decomp"":125524,""meet_decomp"":125524}","{""pairs"":345195,""max_stack"":21,""branch_attempts"":125525,""branch_right"":156906,""branch_left"":156906,""branch_successes"":0,""join_decomp"":31382,""meet_decomp"":31382}",20283392,20283392,0,20283392,20283392,0,"","",canonical
whitman,29,0,0,0,42298,39673,81971,"{""pairs"":439337,""max_stack"":20,""branch_attempts"":125525,""branch_right"":156906,""branch_left"":156906,""branch_successes"":0,""join_decomp"":125524,""meet_decomp"":125524}","{""pairs"":345195,""max_stack"":21,""branch_attempts"":125525,""branch_right"":156906,""branch_left"":156906,""branch_successes"":0,""join_decomp"":31382,""meet_decomp"":31382}",20283392,20283392,0,20283392,20283392,0,"","",canonical
whitman,30,0,0,0,42577,39520,82097,"{""pairs"":437866,""max_stack"":20,""branch_attempts"":125525,""branch_right"":156906,""branch_left"":156906,""branch_successes"":0,""join_decomp"":122582,""meet_decomp"":125524}","{""pairs"":345195,""max_stack"":21,""branch_attempts"":125525,""branch_right"":156906,""branch_left"":156906,""branch_successes"":0,""join_decomp"":31382,""meet_decomp"":31382}",20283392,20283392,0,20283392,20283392,0,"","",canonical
whitman,31,0,0,0,42248,39528,81776,"{""pairs"":439337,""max_stack"":20,""branch_attempts"":125525,""branch_right"":156906,""branch_left"":156906,""branch_successes"":0,""join_decomp"":125524,""meet_decomp"":125524}","{""pairs"":345195,""max_stack"":21,""branch_attempts"":125525,""branch_right"":156906,""branch_left"":156906,""branch_successes"":0,""join_decomp"":31382,""meet_decomp"":31382}",20283392,20283392,0,20283392,20283392,0,"","",canonical
