engine,pair_id,u_leq_v,v_leq_u,eq,uv_us,vu_us,total_us,uv_stats,vu_stats,uv_working_set,uv_peak_working_set,uv_private_bytes,vu_working_set,vu_peak_working_set,vu_private_bytes,uv_error,vu_error,representation
whitman,0,0,0,0,74295,3232,77527,"{""pairs"":345193,""max_stack"":19,""branch_attempts"":125525,""branch_right"":156906,""branch_left"":156906,""branch_successes"":0,""join_decomp"":31380,""meet_decomp"":31380}","{""pairs"":31211,""max_stack"":18,""branch_attempts"":8917,""branch_right"":11146,""branch_left"":11146,""branch_successes"":0,""join_decomp"":8918,""meet_decomp"":8918}",19472384,19472384,0,19472384,19472384,0,"","",canonical
whitman,1,0,0,0,39534,3019,42553,"{""pairs"":345193,""max_stack"":19,""branch_attempts"":125525,""branch_right"":156906,""branch_left"":156906,""branch_successes"":0,""join_decomp"":31380,""meet_decomp"":31380}","{""pairs"":31211,""max_stack"":18,""branch_attempts"":8917,""branch_right"":11146,""branch_left"":11146,""branch_successes"":0,""join_decomp"":8918,""meet_decomp"":8918}",19472384,19472384,0,19472384,19472384,0,"","",canonical
whitman,2,0,0,0,39478,3016,42494,"{""pairs"":345193,""max_stack"":19,""branch_attempts"":125525,""branch_right"":156906,""branch_left"":156906,""branch_successes"":0,""join_decomp"":31380,""meet_decomp"":31380}","{""pairs"":31211,""max_stack"":18,""branch_attempts"":8917,""branch_right"":11146,""branch_left"":11146,""branch_successes"":0,""join_decomp"":8918,""meet_decomp"":8918}",19472384,19472384,0,19472384,19472384,0,"","",canonical
whitman,3,0,0,0,39619,3081,42700,"{""pairs"":345193,""max_stack"":19,""branch_attempts"":125525,""branch_right"":156906,""branch_left"":156906,""branch_successes"":0,""join_decomp"":31380,""meet_decomp"":31380}","{""pairs"":31211,""max_stack"":18,""branch_attempts"":8917,""branch_right"":11146,""branch_left"":11146,""branch_successes"":0,""join_decomp"":8918,""meet_decomp"":8918}",19472384,19472384,0,19472384,19472384,0,"","",canonical
whitman,4,0,0,0,39752,3007,42759,"{""pairs"":345403,""max_stack"":19,""branch_attempts"":125665,""branch_right"":156976,""branch_left"":156976,""branch_successes"":140,""join_decomp"":31380,""meet_decomp"":31380}","{""pairs"":31211,""max_stack"":18,""branch_attempts"":8917,""branch_right"":11146,""branch_left"":11146,""branch_successes"":0,""join_decomp"":8918,""meet_decomp"":8918}",19472384,19472384,0,19472384,19472384,0,"","",canonical
whitman,5,0,0,0,39560,3006,42566,"{""pairs"":345403,""max_stack"":19,""branch_attempts"":125665,""branch_right"":156976,""branch_left"":156976,""branch_successes"":140,""join_decomp"":31380,""meet_decomp"":31380}","{""pairs"":31211,""max_stack"":18,""branch_attempts"":8917,""branch_right"":11146,""branch_left"":11146,""branch_successes"":0,""join_decomp"":8918,""meet_decomp"":8918}",19472384,19472384,0,19472384,19472384,0,"","",canonical
whitman,6,0,0,0,39427,3006,42433,"{""pairs"":345193,""max_stack"":19,""branch_attempts"":125525,""branch_right"":156906,""branch_left"":156906,""branch_successes"":0,""join_decomp"":31380,""meet_decomp"":31380}","{""pairs"":31211,""max_stack"":18,""branch_attempts"":8917,""branch_right"":11146,""branch_left"":11146,""branch_successes"":0,""join_decomp"":8918,""meet_decomp"":8918}",19472384,19472384,0,19472384,19472384,0,"","",canonical
whitman,7,0,0,0,39502,3007,42509,"{""pairs"":345193,""max_stack"":19,""branch_attempts"":125525,""branch_right"":156906,""branch_left"":156906,""branch_successes"":0,""join_decomp"":31380,""meet_decomp"":31380}","{""pairs"":31211,""max_stack"":18,""branch_attempts"":8917,""branch_right"":11146,""branch_left"":11146,""branch_successes"":0,""join_decomp"":8918,""meet_decomp"":8918}",19472384,19472384,0,19472384,19472384,0,"","",canonical
whitman,8,0,0,0,39531,3007,42538,"{""pairs"":345403,""max_stack"":19,""branch_attempts"":125665,""branch_right"":156976,""branch_left"":156976,""branch_successes"":140,""join_decomp"":31380,""meet_decomp"":31380}","{""pairs"":31211,""max_stack"":18,""branch_attempts"":8917,""branch_right"":11146,""branch_left"":11146,""branch_successes"":0,""join_decomp"":8918,""meet_decomp"":8918}",19472384,19472384,0,19472384,19472384,0,"","",canonical
whitman,9,0,0,0,39479,3006,42485,"{""pairs"":345193,""max_stack"":19,""branch_attempts"":125525,""branch_right"":156906,""branch_left"":156906,""branch_successes"":0,""join_decomp"":31380,""meet_decomp"":31380}","{""pairs"":31211,""max_stack"":18,""branch_attempts"":8917,""branch_right"":11146,""branch_left"":11146,""branch_successes"":0,""join_decomp"":8918,""meet_decomp"":8918}",19472384,19472384,0,19472384,19472384,0,"","",canonical
whitman,10,0,0,0,39453,3009,42462,"{""pairs"":345193,""max_stack"":19,""branch_attempts"":125525,""branch_right"":156906,""branch_left"":156906,""branch_successes"":0,""join_decomp"":31380,""meet_decomp"":31380}","{""pairs"":31211,""max_stack"":18,""branch_attempts"":8917,""branch_right"":11146,""branch_left"":11146,""branch_successes"":0,""join_decomp"":8918,""meet_decomp"":8918}",19472384,19472384,0,19472384,19472384,0,"","",canonical
whitman,11,0,0,0,39490,3007,42497,"{""pairs"":345403,""max_stack"":19,""branch_attempts"":125665,""branch_right"":156976,""branch_left"":156976,""branch_successes"":140,""join_decomp"":31380,""meet_decomp"":31380}","{""pairs"":31211,""max_stack"":18,""branch_attempts"":8917,""branch_right"":11146,""branch_left"":11146,""branch_successes"":0,""join_decomp"":8918,""meet_decomp"":8918}",19472384,19472384,0,19472384,19472384,0,"","",canonical
whitman,12,0,0,0,39451,3005,42456,"{""pairs"":345193,""max_stack"":19,""branch_attempts"":125525,""branch_right"":156906,""branch_left"":156906,""branch_successes"":0,""join_decomp"":31380,""meet_decomp"":31380}","{""pairs"":31211,""max_stack"":18,""branch_attempts"":8917,""branch_right"":11146,""branch_left"":11146,""branch_successes"":0,""join_decomp"":8918,""meet_decomp"":8918}",19472384,19472384,0,19472384,19472384,0,"","",canonical
whitman,13,0,0,0,39569,3005,42574,"{""pairs"":345403,""max_stack"":19,""branch_attempts"":125665,""branch_right"":156976,""branch_left"":156976,""branch_successes"":140,""join_decomp"":31380,""meet_decomp"":31380}","{""pairs"":31211,""max_stack"":18,""branch_attempts"":8917,""branch_right"":11146,""branch_left"":11146,""branch_successes"":0,""join_decomp"":8918,""meet_decomp"":8918}",19472384,19472384,0,19472384,19472384,0,"","",canonical
whitman,14,0,0,0,39675,3008,42683,"{""pairs"":345963,""max_stack"":19,""branch_attempts"":125875,""branch_right"":157116,""branch_left"":157326,""branch_successes"":280,""join_decomp"":31380,""meet_decomp"":31380}","{""pairs"":31211,""max_stack"":18,""branch_attempts"":8917,""branch_right"":11146,""branch_left"":11146,""branch_successes"":0,""join_decomp"":8918,""meet_decomp"":8918}",19472384,19472384,0,19472384,19472384,0,"","",canonical
whitman,15,0,0,0,39471,3005,42476,"{""pairs"":345193,""max_stack"":19,""branch_attempts"":125525,""branch_right"":156906,""branch_left"":156906,""branch_successes"":0,""join_decomp"":31380,""meet_decomp"":31380}","{""pairs"":31211,""max_stack"":18,""branch_attempts"":8917,""branch_right"":11146,""branch_left"":11146,""branch_successes"":0,""join_decomp"":8918,""meet_decomp"":8918}",19472384,19472384,0,19472384,19472384,0,"","",canonical
whitman,16,0,0,0,39489,3004,42493,"{""pairs"":345193,""max_stack"":19,""branch_attempts"":125525,""branch_right"":156906,""branch_left"":156906,""branch_successes"":0,""join_decomp"":31380,""meet_decomp"":31380}","{""pairs"":31211,""max_stack"":18,""branch_attempts"":8917,""branch_right"":11146,""branch_left"":11146,""branch_successes"":0,""join_decomp"":8918,""meet_decomp"":8918}",19472384,19472384,0,19472384,19472384,0,"","",canonical
whitman,17,0,0,0,39408,3007,42415,"{""pairs"":345193,""max_stack"":19,""branch_attempts"":125525,""branch_right"":156906,""branch_left"":156906,""branch_successes"":0,""join_decomp"":31380,""meet_decomp"":31380}","{""pairs"":31211,""max_stack"":18,""branch_attempts"":8917,""branch_right"":11146,""branch_left"":11146,""branch_successes"":0,""join_decomp"":8918,""meet_decomp"":8918}",19472384,19472384,0,19472384,19472384,0,"","",canonical
whitman,18,0,0,0,40382,3025,43407,"{""pairs"":345193,""max_stack"":19,""branch_attempts"":125525,""branch_right"":156906,""branch_left"":156906,""branch_successes"":0,""join_decomp"":31380,""meet_decomp"":31380}","{""pairs"":31211,""max_stack"":18,""branch_attempts"":8917,""branch_right"":11146,""branch_left"":11146,""branch_successes"":0,""join_decomp"":8918,""meet_decomp"":8918}",19472384,19472384,0,19472384,19472384,0,"","",canonical
whitman,19,0,0,0,39609,3007,42616,"{""pairs"":345193,""max_stack"":19,""branch_attempts"":125525,""branch_right"":156906,""branch_left"":156906,""branch_successes"":0,""join_decomp"":31380,""meet_decomp"":31380}","{""pairs"":31211,""max_stack"":18,""branch_attempts"":8917,""branch_right"":11146,""branch_left"":11146,""branch_successes"":0,""join_decomp"":8918,""meet_decomp"":8918}",19472384,19472384,0,19472384,19472384,0,"","",canonical
whitman,20,0,0,0,39535,3006,42541,"{""pairs"":345193,""max_stack"":19,""branch_attempts"":125525,""branch_right"":156906,""branch_left"":156906,""branch_successes"":0,""join_decomp"":31380,""meet_decomp"":31380}","{""pairs"":31211,""max_stack"":18,""branch_attempts"":8917,""branch_right"":11146,""branch_left"":11146,""branch_successes"":0,""join_decomp"":8918,""meet_decomp"":8918}",19472384,19472384,0,19472384,19472384,0,"","",canonical
whitman,21,0,0,0,39449,3006,42455,"{""pairs"":345193,""max_stack"":19,""branch_attempts"":125525,""branch_right"":156906,""branch_left"":156906,""branch_successes"":0,""join_decomp"":31380,""meet_decomp"":31380}","{""pairs"":31211,""max_stack"":18,""branch_attempts"":8917,""branch_right"":11146,""branch_left"":11146,""branch_successes"":0,""join_decomp"":8918,""meet_decomp"":8918}",19472384,19472384,0,19472384,19472384,0,"","",canonical
whitman,22,0,0,0,39642,3007,42649,"{""pairs"":345473,""max_stack"":19,""branch_attempts"":125665,""branch_right"":156976,""branch_left"":157046,""branch_successes"":140,""join_decomp"":31380,""meet_decomp"":31380}","{""pairs"":31211,""max_stack"":18,""branch_attempts"":8917,""branch_right"":11146,""branch_left"":11146,""branch_successes"":0,""join_decomp"":8918,""meet_decomp"":8918}",19472384,19472384,0,19472384,19472384,0,"","",canonical
whitman,23,0,0,0,39453,3006,42459,"{""pairs"":345193,""max_stack"":19,""branch_attempts"":125525,""branch_right"":156906,""branch_left"":156906,""branch_successes"":0,""join_decomp"":31380,""meet_decomp"":31380}","{""pairs"":31211,""max_stack"":18,""branch_attempts"":8917,""branch_right"":11146,""branch_left"":11146,""branch_successes"":0,""join_decomp"":8918,""meet_decomp"":8918}",19472384,19472384,0,19472384,19472384,0,"","",canonical
whitman,24,0,0,0,39412,3002,42414,"{""pairs"":345193,""max_stack"":19,""branch_attempts"":125525,""branch_right"":156906,""branch_left"":156906,""branch_successes"":0,""join_decomp"":31380,""meet_decomp"":31380}","{""pairs"":31002,""max_stack"":18,""branch_attempts"":8917,""branch_right"":11146,""branch_left"":11146,""branch_successes"":0,""join_decomp"":8918,""meet_decomp"":8500}",19472384,19472384,0,19472384,19472384,0,"","",canonical
whitman,25,0,0,0,39502,3020,42522,"{""pairs"":345473,""max_stack"":19,""branch_attempts"":125665,""branch_right"":156976,""branch_left"":157046,""branch_successes"":140,""join_decomp"":31380,""meet_decomp"":31380}","{""pairs"":31211,""max_stack"":18,""branch_attempts"":8917,""branch_right"":11146,""branch_left"":11146,""branch_successes"":0,""join_decomp"":8918,""meet_decomp"":8918}",19472384,19472384,0,19472384,19472384,0,"","",canonical
whitman,26,0,0,0,39814,3074,42888,"{""pairs"":345193,""max_stack"":19,""branch_attempts"":125525,""branch_right"":156906,""branch_left"":156906,""branch_successes"":0,""join_decomp"":31380,""meet_decomp"":31380}","{""pairs"":31211,""max_stack"":18,""branch_attempts"":8917,""branch_right"":11146,""branch_left"":11146,""branch_successes"":0,""join_decomp"":8918,""meet_decomp"":8918}",19472384,19472384,0,19472384,19472384,0,"","",canonical
whitman,27,0,0,0,39924,3011,42935,"{""pairs"":345403,""max_stack"":19,""branch_attempts"":125665,""branch_right"":156976,""branch_left"":156976,""branch_successes"":140,""join_decomp"":31380,""meet_decomp"":31380}","{""pairs"":31211,""max_stack"":18,""branch_attempts"":8917,""branch_right"":11146,""branch_left"":11146,""branch_successes"":0,""join_decomp"":8918,""meet_decomp"":8918}",19472384,19472384,0,19472384,19472384,0,"","",canonical
whitman,28,0,0,0,39646,3035,42681,"{""pairs"":345193,""max_stack"":19,""branch_attempts"":125525,""branch_right"":156906,""branch_left"":156906,""branch_successes"":0,""join_decomp"":31380,""meet_decomp"":31380}","{""pairs"":31211,""max_stack"":18,""branch_attempts"":8917,""branch_right"":11146,""branch_left"":11146,""branch_successes"":0,""join_decomp"":8918,""meet_decomp"":8918}",19472384,19472384,0,19472384,19472384,0,"","",canonical
whitman,29,0,0,0,39582,3004,42586,"{""pairs"":345193,""max_stack"":19,""branch_attempts"":125525,""branch_right"":156906,""branch_left"":156906,""branch_successes"":0,""join_decomp"":31380,""meet_decomp"":31380}","{""pairs"":31211,""max_stack"":18,""branch_attempts"":8917,""branch_right"":11146,""branch_left"":11146,""branch_successes"":0,""join_decomp"":8918,""meet_decomp"":8918}",19472384,19472384,0,19472384,19472384,0,"","",canonical
whitman,30,0,0,0,39466,3006,42472,"{""pairs"":345193,""max_stack"":19,""branch_attempts"":125525,""branch_right"":156906,""branch_left"":156906,""branch_successes"":0,""join_decomp"":31380,""meet_decomp"":31380}","{""pairs"":31211,""max_stack"":18,""branch_attempts"":8917,""branch_right"":11146,""branch_left"":11146,""branch_successes"":0,""join_decomp"":8918,""meet_decomp"":8918}",19472384,19472384,0,19472384,19472384,0,"","",canonical
whitman,31,0,0,0,39564,3006,42570,"{""pairs"":345193,""max_stack"":19,""branch_attempts"":125525,""branch_right"":156906,""branch_left"":156906,""branch_successes"":0,""join_decomp"":31380,""meet_decomp"":31380}","{""pairs"":31211,""max_stack"":18,""branch_attempts"":8917,""branch_right"":11146,""branch_left"":11146,""branch_successes"":0,""join_decomp"":8918,""meet_decomp"":8918}",19472384,19472384,0,19472384,19472384,0,"","",canonical
