engine,pair_id,u_leq_v,v_leq_u,eq,uv_us,vu_us,total_us,uv_stats,vu_stats,uv_working_set,uv_peak_working_set,uv_private_bytes,vu_working_set,vu_peak_working_set,vu_private_bytes,uv_error,vu_error,representation
whitman,0,0,0,0,814,71,885,"{""pairs"":1817,""max_stack"":11,""branch_attempts"":661,""branch_right"":826,""branch_left"":826,""branch_successes"":0,""join_decomp"":164,""meet_decomp"":164}","{""pairs"":187,""max_stack"":10,""branch_attempts"":53,""branch_right"":66,""branch_left"":66,""branch_successes"":0,""join_decomp"":54,""meet_decomp"":54}",17850368,17850368,0,17850368,17850368,0,"","",canonical
whitman,1,0,0,0,797,69,866,"{""pairs"":1817,""max_stack"":11,""branch_attempts"":661,""branch_right"":826,""branch_left"":826,""branch_successes"":0,""join_decomp"":164,""meet_decomp"":164}","{""pairs"":187,""max_stack"":10,""branch_attempts"":53,""branch_right"":66,""branch_left"":66,""branch_successes"":0,""join_decomp"":54,""meet_decomp"":54}",17850368,17850368,0,17850368,17850368,0,"","",canonical
whitman,2,0,0,0,795,68,863,"{""pairs"":1817,""max_stack"":11,""branch_attempts"":661,""branch_right"":826,""branch_left"":826,""branch_successes"":0,""join_decomp"":164,""meet_decomp"":164}","{""pairs"":187,""max_stack"":10,""branch_attempts"":53,""branch_right"":66,""branch_left"":66,""branch_successes"":0,""join_decomp"":54,""meet_decomp"":54}",17850368,17850368,0,17850368,17850368,0,"","",canonical
whitman,3,0,0,0,737,63,800,"{""pairs"":1817,""max_stack"":11,""branch_attempts"":661,""branch_right"":826,""branch_left"":826,""branch_successes"":0,""join_decomp"":164,""meet_decomp"":164}","{""pairs"":187,""max_stack"":10,""branch_attempts"":53,""branch_right"":66,""branch_left"":66,""branch_successes"":0,""join_decomp"":54,""meet_decomp"":54}",17850368,17850368,0,17850368,17850368,0,"","",canonical
whitman,4,0,0,0,738,63,801,"{""pairs"":1817,""max_stack"":11,""branch_attempts"":661,""branch_right"":826,""branch_left"":826,""branch_successes"":0,""join_decomp"":164,""meet_decomp"":164}","{""pairs"":187,""max_stack"":10,""branch_attempts"":53,""branch_right"":66,""branch_left"":66,""branch_successes"":0,""join_decomp"":54,""meet_decomp"":54}",17850368,17850368,0,17850368,17850368,0,"","",canonical
whitman,5,0,0,0,742,62,804,"{""pairs"":1817,""max_stack"":11,""branch_attempts"":661,""branch_right"":826,""branch_left"":826,""branch_successes"":0,""join_decomp"":164,""meet_decomp"":164}","{""pairs"":187,""max_stack"":10,""branch_attempts"":53,""branch_right"":66,""branch_left"":66,""branch_successes"":0,""join_decomp"":54,""meet_decomp"":54}",17850368,17850368,0,17850368,17850368,0,"","",canonical
whitman,6,0,0,0,735,63,798,"{""pairs"":1817,""max_stack"":11,""branch_attempts"":661,""branch_right"":826,""branch_left"":826,""branch_successes"":0,""join_decomp"":164,""meet_decomp"":164}","{""pairs"":187,""max_stack"":10,""branch_attempts"":53,""branch_right"":66,""branch_left"":66,""branch_successes"":0,""join_decomp"":54,""meet_decomp"":54}",17850368,17850368,0,17850368,17850368,0,"","",canonical
whitman,7,0,0,0,737,71,808,"{""pairs"":1817,""max_stack"":11,""branch_attempts"":661,""branch_right"":826,""branch_left"":826,""branch_successes"":0,""join_decomp"":164,""meet_decomp"":164}","{""pairs"":187,""max_stack"":10,""branch_attempts"":53,""branch_right"":66,""branch_left"":66,""branch_successes"":0,""join_decomp"":54,""meet_decomp"":54}",17850368,17850368,0,17850368,17850368,0,"","",canonical
whitman,8,0,0,0,735,63,798,"{""pairs"":1817,""max_stack"":11,""branch_attempts"":661,""branch_right"":826,""branch_left"":826,""branch_successes"":0,""join_decomp"":164,""meet_decomp"":164}","{""pairs"":187,""max_stack"":10,""branch_attempts"":53,""branch_right"":66,""branch_left"":66,""branch_successes"":0,""join_decomp"":54,""meet_decomp"":54}",17850368,17850368,0,17850368,17850368,0,"","",canonical
whitman,9,0,0,0,478,41,519,"{""pairs"":1817,""max_stack"":11,""branch_attempts"":661,""branch_right"":826,""branch_left"":826,""branch_successes"":0,""join_decomp"":164,""meet_decomp"":164}","{""pairs"":187,""max_stack"":10,""branch_attempts"":53,""branch_right"":66,""branch_left"":66,""branch_successes"":0,""join_decomp"":54,""meet_decomp"":54}",17850368,17850368,0,17850368,17850368,0,"","",canonical
whitman,10,0,0,0,479,41,520,"{""pairs"":1817,""max_stack"":11,""branch_attempts"":661,""branch_right"":826,""branch_left"":826,""branch_successes"":0,""join_decomp"":164,""meet_decomp"":164}","{""pairs"":187,""max_stack"":10,""branch_attempts"":53,""branch_right"":66,""branch_left"":66,""branch_successes"":0,""join_decomp"":54,""meet_decomp"":54}",17850368,17850368,0,17850368,17850368,0,"","",canonical
whitman,11,0,0,0,806,71,877,"{""pairs"":1817,""max_stack"":11,""branch_attempts"":661,""branch_right"":826,""branch_left"":826,""branch_successes"":0,""join_decomp"":164,""meet_decomp"":164}","{""pairs"":187,""max_stack"":10,""branch_attempts"":53,""branch_right"":66,""branch_left"":66,""branch_successes"":0,""join_decomp"":54,""meet_decomp"":54}",17850368,17850368,0,17850368,17850368,0,"","",canonical
whitman,12,0,0,0,799,69,868,"{""pairs"":1817,""max_stack"":11,""branch_attempts"":661,""branch_right"":826,""branch_left"":826,""branch_successes"":0,""join_decomp"":164,""meet_decomp"":164}","{""pairs"":187,""max_stack"":10,""branch_attempts"":53,""branch_right"":66,""branch_left"":66,""branch_successes"":0,""join_decomp"":54,""meet_decomp"":54}",17850368,17850368,0,17850368,17850368,0,"","",canonical
whitman,13,0,0,0,797,69,866,"{""pairs"":1817,""max_stack"":11,""branch_attempts"":661,""branch_right"":826,""branch_left"":826,""branch_successes"":0,""join_decomp"":164,""meet_decomp"":164}","{""pairs"":187,""max_stack"":10,""branch_attempts"":53,""branch_right"":66,""branch_left"":66,""branch_successes"":0,""join_decomp"":54,""meet_decomp"":54}",17850368,17850368,0,17850368,17850368,0,"","",canonical
whitman,14,0,0,0,797,68,865,"{""pairs"":1817,""max_stack"":11,""branch_attempts"":661,""branch_right"":826,""branch_left"":826,""branch_successes"":0,""join_decomp"":164,""meet_decomp"":164}","{""pairs"":187,""max_stack"":10,""branch_attempts"":53,""branch_right"":66,""branch_left"":66,""branch_successes"":0,""join_decomp"":54,""meet_decomp"":54}",17850368,17850368,0,17850368,17850368,0,"","",canonical
whitman,15,0,0,0,814,68,882,"{""pairs"":1817,""max_stack"":11,""branch_attempts"":661,""branch_right"":826,""branch_left"":826,""branch_successes"":0,""join_decomp"":164,""meet_decomp"":164}","{""pairs"":187,""max_stack"":10,""branch_attempts"":53,""branch_right"":66,""branch_left"":66,""branch_successes"":0,""join_decomp"":54,""meet_decomp"":54}",17850368,17850368,0,17850368,17850368,0,"","",canonical
whitman,16,0,0,0,735,63,798,"{""pairs"":1817,""max_stack"":11,""branch_attempts"":661,""branch_right"":826,""branch_left"":826,""branch_successes"":0,""join_decomp"":164,""meet_decomp"":164}","{""pairs"":187,""max_stack"":10,""branch_attempts"":53,""branch_right"":66,""branch_left"":66,""branch_successes"":0,""join_decomp"":54,""meet_decomp"":54}",17850368,17850368,0,17850368,17850368,0,"","",canonical
whitman,17,0,0,0,736,63,799,"{""pairs"":1817,""max_stack"":11,""branch_attempts"":661,""branch_right"":826,""branch_left"":826,""branch_successes"":0,""join_decomp"":164,""meet_decomp"":164}","{""pairs"":187,""max_stack"":10,""branch_attempts"":53,""branch_right"":66,""branch_left"":66,""branch_successes"":0,""join_decomp"":54,""meet_decomp"":54}",17850368,17850368,0,17850368,17850368,0,"","",canonical
whitman,18,0,0,0,735,64,799,"{""pairs"":1817,""max_stack"":11,""branch_attempts"":661,""branch_right"":826,""branch_left"":826,""branch_successes"":0,""join_decomp"":164,""meet_decomp"":164}","{""pairs"":187,""max_stack"":10,""branch_attempts"":53,""branch_right"":66,""branch_left"":66,""branch_successes"":0,""join_decomp"":54,""meet_decomp"":54}",17850368,17850368,0,17850368,17850368,0,"","",canonical
whitman,19,0,0,0,737,63,800,"{""pairs"":1817,""max_stack"":11,""branch_attempts"":661,""branch_right"":826,""branch_left"":826,""branch_successes"":0,""join_decomp"":164,""meet_decomp"":164}","{""pairs"":187,""max_stack"":10,""branch_attempts"":53,""branch_right"":66,""branch_left"":66,""branch_successes"":0,""join_decomp"":54,""meet_decomp"":54}",17850368,17850368,0,17850368,17850368,0,"","",canonical
whitman,20,0,0,0,747,63,810,"{""pairs"":1817,""max_stack"":11,""branch_attempts"":661,""branch_right"":826,""branch_left"":826,""branch_successes"":0,""join_decomp"":164,""meet_decomp"":164}","{""pairs"":187,""max_stack"":10,""branch_attempts"":53,""branch_right"":66,""branch_left"":66,""branch_successes"":0,""join_decomp"":54,""meet_decomp"":54}",17850368,17850368,0,17850368,17850368,0,"","",canonical
whitman,21,0,0,0,736,63,799,"{""pairs"":1817,""max_stack"":11,""branch_attempts"":661,""branch_right"":826,""branch_left"":826,""branch_successes"":0,""join_decomp"":164,""meet_decomp"":164}","{""pairs"":187,""max_stack"":10,""branch_attempts"":53,""branch_right"":66,""branch_left"":66,""branch_successes"":0,""join_decomp"":54,""meet_decomp"":54}",17850368,17850368,0,17850368,17850368,0,"","",canonical
whitman,22,0,0,0,482,41,523,"{""pairs"":1817,""max_stack"":11,""branch_attempts"":661,""branch_right"":826,""branch_left"":826,""branch_successes"":0,""join_decomp"":164,""meet_decomp"":164}","{""pairs"":187,""max_stack"":10,""branch_attempts"":53,""branch_right"":66,""branch_left"":66,""branch_successes"":0,""join_decomp"":54,""meet_decomp"":54}",17850368,17850368,0,17850368,17850368,0,"","",canonical
whitman,23,0,0,0,478,40,518,"{""pairs"":1817,""max_stack"":11,""branch_attempts"":661,""branch_right"":826,""branch_left"":826,""branch_successes"":0,""join_decomp"":164,""meet_decomp"":164}","{""pairs"":187,""max_stack"":10,""branch_attempts"":53,""branch_right"":66,""branch_left"":66,""branch_successes"":0,""join_decomp"":54,""meet_decomp"":54}",17850368,17850368,0,17850368,17850368,0,"","",canonical
whitman,24,0,0,0,478,41,519,"{""pairs"":1817,""max_stack"":11,""branch_attempts"":661,""branch_right"":826,""branch_left"":826,""branch_successes"":0,""join_decomp"":164,""meet_decomp"":164}","{""pairs"":187,""max_stack"":10,""branch_attempts"":53,""branch_right"":66,""branch_left"":66,""branch_successes"":0,""join_decomp"":54,""meet_decomp"":54}",17850368,17850368,0,17850368,17850368,0,"","",canonical
whitman,25,0,0,0,477,41,518,"{""pairs"":1817,""max_stack"":11,""branch_attempts"":661,""branch_right"":826,""branch_left"":826,""branch_successes"":0,""join_decomp"":164,""meet_decomp"":164}","{""pairs"":187,""max_stack"":10,""branch_attempts"":53,""branch_right"":66,""branch_left"":66,""branch_successes"":0,""join_decomp"":54,""meet_decomp"":54}",17850368,17850368,0,17850368,17850368,0,"","",canonical
whitman,26,0,0,0,478,41,519,"{""pairs"":1817,""max_stack"":11,""branch_attempts"":661,""branch_right"":826,""branch_left"":826,""branch_successes"":0,""join_decomp"":164,""meet_decomp"":164}","{""pairs"":187,""max_stack"":10,""branch_attempts"":53,""branch_right"":66,""branch_left"":66,""branch_successes"":0,""join_decomp"":54,""meet_decomp"":54}",17850368,17850368,0,17850368,17850368,0,"","",canonical
whitman,27,0,0,0,477,41,518,"{""pairs"":1817,""max_stack"":11,""branch_attempts"":661,""branch_right"":826,""branch_left"":826,""branch_successes"":0,""join_decomp"":164,""meet_decomp"":164}","{""pairs"":187,""max_stack"":10,""branch_attempts"":53,""branch_right"":66,""branch_left"":66,""branch_successes"":0,""join_decomp"":54,""meet_decomp"":54}",17850368,17850368,0,17850368,17850368,0,"","",canonical
whitman,28,0,0,0,478,41,519,"{""pairs"":1817,""max_stack"":11,""branch_attempts"":661,""branch_right"":826,""branch_left"":826,""branch_successes"":0,""join_decomp"":164,""meet_decomp"":164}","{""pairs"":187,""max_stack"":10,""branch_attempts"":53,""branch_right"":66,""branch_left"":66,""branch_successes"":0,""join_decomp"":54,""meet_decomp"":54}",17850368,17850368,0,17850368,17850368,0,"","",canonical
whitman,29,0,0,0,478,41,519,"{""pairs"":1817,""max_stack"":11,""branch_attempts"":661,""branch_right"":826,""branch_left"":826,""branch_successes"":0,""join_decomp"":164,""meet_decomp"":164}","{""pairs"":187,""max_stack"":10,""branch_attempts"":53,""branch_right"":66,""branch_left"":66,""branch_successes"":0,""join_decomp"":54,""meet_decomp"":54}",17850368,17850368,0,17850368,17850368,0,"","",canonical
whitman,30,0,0,0,482,41,523,"{""pairs"":1817,""max_stack"":11,""branch_attempts"":661,""branch_right"":826,""branch_left"":826,""branch_successes"":0,""join_decomp"":164,""meet_decomp"":164}","{""pairs"":187,""max_stack"":10,""branch_attempts"":53,""branch_right"":66,""branch_left"":66,""branch_successes"":0,""join_decomp"":54,""meet_decomp"":54}",17850368,17850368,0,17850368,17850368,0,"","",canonical
whitman,31,0,0,0,489,27,516,"{""pairs"":1817,""max_stack"":11,""branch_attempts"":661,""branch_right"":826,""branch_left"":826,""branch_successes"":0,""join_decomp"":164,""meet_decomp"":164}","{""pairs"":187,""max_stack"":10,""branch_attempts"":53,""branch_right"":66,""branch_left"":66,""branch_successes"":0,""join_decomp"":54,""meet_decomp"":54}",17850368,17850368,0,17850368,17850368,0,"","",canonical
