engine,pair_id,u_leq_v,v_leq_u,eq,uv_us,vu_us,total_us,uv_stats,vu_stats,uv_working_set,uv_peak_working_set,uv_private_bytes,vu_working_set,vu_peak_working_set,vu_private_bytes,uv_error,vu_error,representation
whitman,0,0,0,0,593401,42497,635898,"{""pairs"":4986665,""max_stack"":23,""branch_attempts"":1813333,""branch_right"":2266666,""branch_left"":2266666,""branch_successes"":0,""join_decomp"":453332,""meet_decomp"":453332}","{""pairs"":439339,""max_stack"":22,""branch_attempts"":125525,""branch_right"":156906,""branch_left"":156906,""branch_successes"":0,""join_decomp"":125526,""meet_decomp"":125526}",21635072,21635072,0,21635072,21635072,0,"","",canonical
whitman,1,0,0,0,570507,42406,612913,"{""pairs"":4986665,""max_stack"":23,""branch_attempts"":1813333,""branch_right"":2266666,""branch_left"":2266666,""branch_successes"":0,""join_decomp"":453332,""meet_decomp"":453332}","{""pairs"":439339,""max_stack"":22,""branch_attempts"":125525,""branch_right"":156906,""branch_left"":156906,""branch_successes"":0,""join_decomp"":125526,""meet_decomp"":125526}",21635072,21635072,0,21635072,21635072,0,"","",canonical
whitman,2,0,0,0,570915,42412,613327,"{""pairs"":4987421,""max_stack"":23,""branch_attempts"":1813837,""branch_right"":2266918,""branch_left"":2266918,""branch_successes"":504,""join_decomp"":453332,""meet_decomp"":453332}","{""pairs"":439339,""max_stack"":22,""branch_attempts"":125525,""branch_right"":156906,""branch_left"":156906,""branch_successes"":0,""join_decomp"":125526,""meet_decomp"":125526}",21635072,21635072,0,21635072,21635072,0,"","",canonical
whitman,3,0,0,0,571318,42416,613734,"{""pairs"":4988681,""max_stack"":23,""branch_attempts"":1814341,""branch_right"":2267170,""branch_left"":2267674,""branch_successes"":1008,""join_decomp"":453332,""meet_decomp"":453332}","{""pairs"":439339,""max_stack"":22,""branch_attempts"":125525,""branch_right"":156906,""branch_left"":156906,""branch_successes"":0,""join_decomp"":125526,""meet_decomp"":125526}",21635072,21635072,0,21635072,21635072,0,"","",canonical
whitman,4,0,0,0,570546,42448,612994,"{""pairs"":4987421,""max_stack"":23,""branch_attempts"":1813837,""branch_right"":2266918,""branch_left"":2266918,""branch_successes"":504,""join_decomp"":453332,""meet_decomp"":453332}","{""pairs"":439339,""max_stack"":22,""branch_attempts"":125525,""branch_right"":156906,""branch_left"":156906,""branch_successes"":0,""join_decomp"":125526,""meet_decomp"":125526}",21635072,21635072,0,21635072,21635072,0,"","",canonical
whitman,5,0,0,0,571536,42632,614168,"{""pairs"":4990193,""max_stack"":23,""branch_attempts"":1815097,""branch_right"":2267674,""branch_left"":2268430,""branch_successes"":1512,""join_decomp"":453332,""meet_decomp"":453332}","{""pairs"":439339,""max_stack"":22,""branch_attempts"":125525,""branch_right"":156906,""branch_left"":156906,""branch_successes"":0,""join_decomp"":125526,""meet_decomp"":125526}",21635072,21635072,0,21635072,21635072,0,"","",canonical
whitman,6,0,0,0,570504,42496,613000,"{""pairs"":4986665,""max_stack"":23,""branch_attempts"":1813333,""branch_right"":2266666,""branch_left"":2266666,""branch_successes"":0,""join_decomp"":453332,""meet_decomp"":453332}","{""pairs"":439339,""max_stack"":22,""branch_attempts"":125525,""branch_right"":156906,""branch_left"":156906,""branch_successes"":0,""join_decomp"":125526,""meet_decomp"":125526}",21635072,21635072,0,21635072,21635072,0,"","",canonical
whitman,7,0,0,0,571087,42428,613515,"{""pairs"":4988681,""max_stack"":23,""branch_attempts"":1814341,""branch_right"":2267170,""branch_left"":2267674,""branch_successes"":1008,""join_decomp"":453332,""meet_decomp"":453332}","{""pairs"":439339,""max_stack"":22,""branch_attempts"":125525,""branch_right"":156906,""branch_left"":156906,""branch_successes"":0,""join_decomp"":125526,""meet_decomp"":125526}",21635072,21635072,0,21635072,21635072,0,"","",canonical
whitman,8,0,0,0,571267,42389,613656,"{""pairs"":4988933,""max_stack"":23,""branch_attempts"":1814845,""branch_right"":2267422,""branch_left"":2267422,""branch_successes"":1512,""join_decomp"":453332,""meet_decomp"":453332}","{""pairs"":439339,""max_stack"":22,""branch_attempts"":125525,""branch_right"":156906,""branch_left"":156906,""branch_successes"":0,""join_decomp"":125526,""meet_decomp"":125526}",21635072,21635072,0,21635072,21635072,0,"","",canonical
whitman,9,0,0,0,571497,42383,613880,"{""pairs"":4989185,""max_stack"":23,""branch_attempts"":1814845,""branch_right"":2267422,""branch_left"":2267674,""branch_successes"":1512,""join_decomp"":453332,""meet_decomp"":453332}","{""pairs"":439339,""max_stack"":22,""branch_attempts"":125525,""branch_right"":156906,""branch_left"":156906,""branch_successes"":0,""join_decomp"":125526,""meet_decomp"":125526}",21635072,21635072,0,21635072,21635072,0,"","",canonical
whitman,10,0,0,0,570977,42317,613294,"{""pairs"":4989185,""max_stack"":23,""branch_attempts"":1814845,""branch_right"":2267422,""branch_left"":2267674,""branch_successes"":1512,""join_decomp"":453332,""meet_decomp"":453332}","{""pairs"":439339,""max_stack"":22,""branch_attempts"":125525,""branch_right"":156906,""branch_left"":156906,""branch_successes"":0,""join_decomp"":125526,""meet_decomp"":125526}",21635072,21635072,0,21635072,21635072,0,"","",canonical
whitman,11,0,0,0,571106,42410,613516,"{""pairs"":4986665,""max_stack"":23,""branch_attempts"":1813333,""branch_right"":2266666,""branch_left"":2266666,""branch_successes"":0,""join_decomp"":453332,""meet_decomp"":453332}","{""pairs"":439339,""max_stack"":22,""branch_attempts"":125525,""branch_right"":156906,""branch_left"":156906,""branch_successes"":0,""join_decomp"":125526,""meet_decomp"":125526}",21635072,21635072,0,21635072,21635072,0,"","",canonical
whitman,12,0,0,0,572073,42480,614553,"{""pairs"":4988429,""max_stack"":23,""branch_attempts"":1814341,""branch_right"":2267170,""branch_left"":2267422,""branch_successes"":1008,""join_decomp"":453332,""meet_decomp"":453332}","{""pairs"":439339,""max_stack"":22,""branch_attempts"":125525,""branch_right"":156906,""branch_left"":156906,""branch_successes"":0,""join_decomp"":125526,""meet_decomp"":125526}",21635072,21635072,0,21635072,21635072,0,"","",canonical
whitman,13,0,0,0,570871,42326,613197,"{""pairs"":4987673,""max_stack"":23,""branch_attempts"":1813837,""branch_right"":2266918,""branch_left"":2267170,""branch_successes"":504,""join_decomp"":453332,""meet_decomp"":453332}","{""pairs"":439339,""max_stack"":22,""branch_attempts"":125525,""branch_right"":156906,""branch_left"":156906,""branch_successes"":0,""join_decomp"":125526,""meet_decomp"":125526}",21635072,21635072,0,21635072,21635072,0,"","",canonical
whitman,14,0,0,0,570413,42400,612813,"{""pairs"":4986665,""max_stack"":23,""branch_attempts"":1813333,""branch_right"":2266666,""branch_left"":2266666,""branch_successes"":0,""join_decomp"":453332,""meet_decomp"":453332}","{""pairs"":439339,""max_stack"":22,""branch_attempts"":125525,""branch_right"":156906,""branch_left"":156906,""branch_successes"":0,""join_decomp"":125526,""meet_decomp"":125526}",21635072,21635072,0,21635072,21635072,0,"","",canonical
whitman,15,0,0,0,570753,42418,613171,"{""pairs"":4988177,""max_stack"":23,""branch_attempts"":1814089,""branch_right"":2267170,""branch_left"":2267422,""branch_successes"":504,""join_decomp"":453332,""meet_decomp"":453332}","{""pairs"":439339,""max_stack"":22,""branch_attempts"":125525,""branch_right"":156906,""branch_left"":156906,""branch_successes"":0,""join_decomp"":125526,""meet_decomp"":125526}",21635072,21635072,0,21635072,21635072,0,"","",canonical
whitman,16,0,0,0,570647,42321,612968,"{""pairs"":4987673,""max_stack"":23,""branch_attempts"":1813837,""branch_right"":2266918,""branch_left"":2267170,""branch_successes"":504,""join_decomp"":453332,""meet_decomp"":453332}","{""pairs"":439339,""max_stack"":22,""branch_attempts"":125525,""branch_right"":156906,""branch_left"":156906,""branch_successes"":0,""join_decomp"":125526,""meet_decomp"":125526}",21635072,21635072,0,21635072,21635072,0,"","",canonical
whitman,17,0,0,0,570806,42325,613131,"{""pairs"":4989185,""max_stack"":23,""branch_attempts"":1814593,""branch_right"":2267422,""branch_left"":2267926,""branch_successes"":1008,""join_decomp"":453332,""meet_decomp"":453332}","{""pairs"":439339,""max_stack"":22,""branch_attempts"":125525,""branch_right"":156906,""branch_left"":156906,""branch_successes"":0,""join_decomp"":125526,""meet_decomp"":125526}",21635072,21635072,0,21635072,21635072,0,"","",canonical
whitman,18,0,0,0,571605,42401,614006,"{""pairs"":4987673,""max_stack"":23,""branch_attempts"":1813837,""branch_right"":2266918,""branch_left"":2267170,""branch_successes"":504,""join_decomp"":453332,""meet_decomp"":453332}","{""pairs"":439339,""max_stack"":22,""branch_attempts"":125525,""branch_right"":156906,""branch_left"":156906,""branch_successes"":0,""join_decomp"":125526,""meet_decomp"":125526}",21635072,21635072,0,21635072,21635072,0,"","",canonical
whitman,19,0,0,0,571596,42489,614085,"{""pairs"":4987421,""max_stack"":23,""branch_attempts"":1813837,""branch_right"":2266918,""branch_left"":2266918,""branch_successes"":504,""join_decomp"":453332,""meet_decomp"":453332}","{""pairs"":439339,""max_stack"":22,""branch_attempts"":125525,""branch_right"":156906,""branch_left"":156906,""branch_successes"":0,""join_decomp"":125526,""meet_decomp"":125526}",21635072,21635072,0,21635072,21635072,0,"","",canonical
whitman,20,0,0,0,570369,42433,612802,"{""pairs"":4986665,""max_stack"":23,""branch_attempts"":1813333,""branch_right"":2266666,""branch_left"":2266666,""branch_successes"":0,""join_decomp"":453332,""meet_decomp"":453332}","{""pairs"":439339,""max_stack"":22,""branch_attempts"":125525,""branch_right"":156906,""branch_left"":156906,""branch_successes"":0,""join_decomp"":125526,""meet_decomp"":125526}",21635072,21635072,0,21635072,21635072,0,"","",canonical
whitman,21,0,0,0,570916,42329,613245,"{""pairs"":4988429,""max_stack"":23,""branch_attempts"":1814089,""branch_right"":2267170,""branch_left"":2267674,""branch_successes"":504,""join_decomp"":453332,""meet_decomp"":453332}","{""pairs"":439339,""max_stack"":22,""branch_attempts"":125525,""branch_right"":156906,""branch_left"":156906,""branch_successes"":0,""join_decomp"":125526,""meet_decomp"":125526}",21635072,21635072,0,21635072,21635072,0,"","",canonical
whitman,22,0,0,0,571218,42398,613616,"{""pairs"":4987673,""max_stack"":23,""branch_attempts"":1813837,""branch_right"":2266918,""branch_left"":2267170,""branch_successes"":504,""join_decomp"":453332,""meet_decomp"":453332}","{""pairs"":437868,""max_stack"":22,""branch_attempts"":125525,""branch_right"":156906,""branch_left"":156906,""branch_successes"":0,""join_decomp"":125526,""meet_decomp"":122584}",21635072,21635072,0,21635072,21635072,0,"","",canonical
whitman,23,0,0,0,570020,42475,612495,"{""pairs"":4986665,""max_stack"":23,""branch_attempts"":1813333,""branch_right"":2266666,""branch_left"":2266666,""branch_successes"":0,""join_decomp"":453332,""meet_decomp"":453332}","{""pairs"":439339,""max_stack"":22,""branch_attempts"":125525,""branch_right"":156906,""branch_left"":156906,""branch_successes"":0,""join_decomp"":125526,""meet_decomp"":125526}",21635072,21635072,0,21635072,21635072,0,"","",canonical
whitman,24,0,0,0,571147,42352,613499,"{""pairs"":4987673,""max_stack"":23,""branch_attempts"":1813837,""branch_right"":2266918,""branch_left"":2267170,""branch_successes"":504,""join_decomp"":453332,""meet_decomp"":453332}","{""pairs"":439339,""max_stack"":22,""branch_attempts"":125525,""branch_right"":156906,""branch_left"":156906,""branch_successes"":0,""join_decomp"":125526,""meet_decomp"":125526}",21635072,21635072,0,21635072,21635072,0,"","",canonical
whitman,25,0,0,0,571475,42319,613794,"{""pairs"":4989437,""max_stack"":23,""branch_attempts"":1814845,""branch_right"":2267422,""branch_left"":2267926,""branch_successes"":1512,""join_decomp"":453332,""meet_decomp"":453332}","{""pairs"":439339,""max_stack"":22,""branch_attempts"":125525,""branch_right"":156906,""branch_left"":156906,""branch_successes"":0,""join_decomp"":125526,""meet_decomp"":125526}",21635072,21635072,0,21635072,21635072,0,"","",canonical
whitman,26,0,0,0,570602,42475,613077,"{""pairs"":4988177,""max_stack"":23,""branch_attempts"":1814089,""branch_right"":2267170,""branch_left"":2267422,""branch_successes"":504,""join_decomp"":453332,""meet_decomp"":453332}","{""pairs"":439339,""max_stack"":22,""branch_attempts"":125525,""branch_right"":156906,""branch_left"":156906,""branch_successes"":0,""join_decomp"":125526,""meet_decomp"":125526}",21635072,21635072,0,21635072,21635072,0,"","",canonical
whitman,27,0,0,0,570738,42326,613064,"{""pairs"":4986665,""max_stack"":23,""branch_attempts"":1813333,""branch_right"":2266666,""branch_left"":2266666,""branch_successes"":0,""join_decomp"":453332,""meet_decomp"":453332}","{""pairs"":439339,""max_stack"":22,""branch_attempts"":125525,""branch_right"":156906,""branch_left"":156906,""branch_successes"":0,""join_decomp"":125526,""meet_decomp"":125526}",21635072,21635072,0,21635072,21635072,0,"","",canonical
whitman,28,0,0,0,570349,42558,612907,"{""pairs"":4987421,""max_stack"":23,""branch_attempts"":1813837,""branch_right"":2266918,""branch_left"":2266918,""branch_successes"":504,""join_decomp"":453332,""meet_decomp"":453332}","{""pairs"":439339,""max_stack"":22,""branch_attempts"":125525,""branch_right"":156906,""branch_left"":156906,""branch_successes"":0,""join_decomp"":125526,""meet_decomp"":125526}",21635072,21635072,0,21635072,21635072,0,"","",canonical
whitman,29,0,0,0,571234,42418,613652,"{""pairs"":4987673,""max_stack"":23,""branch_attempts"":1813837,""branch_right"":2266918,""branch_left"":2267170,""branch_successes"":504,""join_decomp"":453332,""meet_decomp"":453332}","{""pairs"":439339,""max_stack"":22,""branch_attempts"":125525,""branch_right"":156906,""branch_left"":156906,""branch_successes"":0,""join_decomp"":125526,""meet_decomp"":125526}",21635072,21635072,0,21635072,21635072,0,"","",canonical
whitman,30,0,0,0,571500,42426,613926,"{""pairs"":4989941,""max_stack"":23,""branch_attempts"":1815349,""branch_right"":2267674,""branch_left"":2267926,""branch_successes"":2016,""join_decomp"":453332,""meet_decomp"":453332}","{""pairs"":439339,""max_stack"":22,""branch_attempts"":125525,""branch_right"":156906,""branch_left"":156906,""branch_successes"":0,""join_decomp"":125526,""meet_decomp"":125526}",21635072,21635072,0,21635072,21635072,0,"","",canonical
whitman,31,0,0,0,571591,42374,613965,"{""pairs"":4987673,""max_stack"":23,""branch_attempts"":1813837,""branch_right"":2266918,""branch_left"":2267170,""branch_successes"":504,""join_decomp"":453332,""meet_decomp"":453332}","{""pairs"":439339,""max_stack"":22,""branch_attempts"":125525,""branch_right"":156906,""branch_left"":156906,""branch_successes"":0,""join_decomp"":125526,""meet_decomp"":125526}",21635072,21635072,0,21635072,21635072,0,"","",canonical
