engine,pair_id,u_leq_v,v_leq_u,eq,uv_us,vu_us,total_us,uv_stats,vu_stats,uv_working_set,uv_peak_working_set,uv_private_bytes,vu_working_set,vu_peak_working_set,vu_private_bytes,uv_error,vu_error,representation
whitman,0,0,0,0,10860,861,11721,"{""pairs"":24521,""max_stack"":15,""branch_attempts"":8917,""branch_right"":11146,""branch_left"":11146,""branch_successes"":0,""join_decomp"":2228,""meet_decomp"":2228}","{""pairs"":2315,""max_stack"":14,""branch_attempts"":661,""branch_right"":826,""branch_left"":826,""branch_successes"":0,""join_decomp"":662,""meet_decomp"":662}",18391040,18391040,0,18391040,18391040,0,"","",canonical
whitman,1,0,0,0,9445,541,9986,"{""pairs"":24521,""max_stack"":15,""branch_attempts"":8917,""branch_right"":11146,""branch_left"":11146,""branch_successes"":0,""join_decomp"":2228,""meet_decomp"":2228}","{""pairs"":2315,""max_stack"":14,""branch_attempts"":661,""branch_right"":826,""branch_left"":826,""branch_successes"":0,""join_decomp"":662,""meet_decomp"":662}",18391040,18391040,0,18391040,18391040,0,"","",canonical
whitman,2,0,0,0,6240,355,6595,"{""pairs"":24521,""max_stack"":15,""branch_attempts"":8917,""branch_right"":11146,""branch_left"":11146,""branch_successes"":0,""join_decomp"":2228,""meet_decomp"":2228}","{""pairs"":2315,""max_stack"":14,""branch_attempts"":661,""branch_right"":826,""branch_left"":826,""branch_successes"":0,""join_decomp"":662,""meet_decomp"":662}",18391040,18391040,0,18391040,18391040,0,"","",canonical
whitman,3,0,0,0,4449,354,4803,"{""pairs"":24521,""max_stack"":15,""branch_attempts"":8917,""branch_right"":11146,""branch_left"":11146,""branch_successes"":0,""join_decomp"":2228,""meet_decomp"":2228}","{""pairs"":2315,""max_stack"":14,""branch_attempts"":661,""branch_right"":826,""branch_left"":826,""branch_successes"":0,""join_decomp"":662,""meet_decomp"":662}",18391040,18391040,0,18391040,18391040,0,"","",canonical
whitman,4,0,0,0,3223,239,3462,"{""pairs"":24521,""max_stack"":15,""branch_attempts"":8917,""branch_right"":11146,""branch_left"":11146,""branch_successes"":0,""join_decomp"":2228,""meet_decomp"":2228}","{""pairs"":2315,""max_stack"":14,""branch_attempts"":661,""branch_right"":826,""branch_left"":826,""branch_successes"":0,""join_decomp"":662,""meet_decomp"":662}",18391040,18391040,0,18391040,18391040,0,"","",canonical
whitman,5,0,0,0,3002,239,3241,"{""pairs"":24521,""max_stack"":15,""branch_attempts"":8917,""branch_right"":11146,""branch_left"":11146,""branch_successes"":0,""join_decomp"":2228,""meet_decomp"":2228}","{""pairs"":2315,""max_stack"":14,""branch_attempts"":661,""branch_right"":826,""branch_left"":826,""branch_successes"":0,""join_decomp"":662,""meet_decomp"":662}",18391040,18391040,0,18391040,18391040,0,"","",canonical
whitman,6,0,0,0,2974,224,3198,"{""pairs"":24521,""max_stack"":15,""branch_attempts"":8917,""branch_right"":11146,""branch_left"":11146,""branch_successes"":0,""join_decomp"":2228,""meet_decomp"":2228}","{""pairs"":2315,""max_stack"":14,""branch_attempts"":661,""branch_right"":826,""branch_left"":826,""branch_successes"":0,""join_decomp"":662,""meet_decomp"":662}",18391040,18391040,0,18391040,18391040,0,"","",canonical
whitman,7,0,0,0,2823,224,3047,"{""pairs"":24521,""max_stack"":15,""branch_attempts"":8917,""branch_right"":11146,""branch_left"":11146,""branch_successes"":0,""join_decomp"":2228,""meet_decomp"":2228}","{""pairs"":2315,""max_stack"":14,""branch_attempts"":661,""branch_right"":826,""branch_left"":826,""branch_successes"":0,""join_decomp"":662,""meet_decomp"":662}",18391040,18391040,0,18391040,18391040,0,"","",canonical
whitman,8,0,0,0,2808,223,3031,"{""pairs"":24521,""max_stack"":15,""branch_attempts"":8917,""branch_right"":11146,""branch_left"":11146,""branch_successes"":0,""join_decomp"":2228,""meet_decomp"":2228}","{""pairs"":2315,""max_stack"":14,""branch_attempts"":661,""branch_right"":826,""branch_left"":826,""branch_successes"":0,""join_decomp"":662,""meet_decomp"":662}",18391040,18391040,0,18391040,18391040,0,"","",canonical
whitman,9,0,0,0,2804,224,3028,"{""pairs"":24521,""max_stack"":15,""branch_attempts"":8917,""branch_right"":11146,""branch_left"":11146,""branch_successes"":0,""join_decomp"":2228,""meet_decomp"":2228}","{""pairs"":2315,""max_stack"":14,""branch_attempts"":661,""branch_right"":826,""branch_left"":826,""branch_successes"":0,""join_decomp"":662,""meet_decomp"":662}",18391040,18391040,0,18391040,18391040,0,"","",canonical
whitman,10,0,0,0,2804,224,3028,"{""pairs"":24521,""max_stack"":15,""branch_attempts"":8917,""branch_right"":11146,""branch_left"":11146,""branch_successes"":0,""join_decomp"":2228,""meet_decomp"":2228}","{""pairs"":2315,""max_stack"":14,""branch_attempts"":661,""branch_right"":826,""branch_left"":826,""branch_successes"":0,""join_decomp"":662,""meet_decomp"":662}",18391040,18391040,0,18391040,18391040,0,"","",canonical
whitman,11,0,0,0,2806,224,3030,"{""pairs"":24521,""max_stack"":15,""branch_attempts"":8917,""branch_right"":11146,""branch_left"":11146,""branch_successes"":0,""join_decomp"":2228,""meet_decomp"":2228}","{""pairs"":2315,""max_stack"":14,""branch_attempts"":661,""branch_right"":826,""branch_left"":826,""branch_successes"":0,""join_decomp"":662,""meet_decomp"":662}",18391040,18391040,0,18391040,18391040,0,"","",canonical
whitman,12,0,0,0,2822,224,3046,"{""pairs"":24521,""max_stack"":15,""branch_attempts"":8917,""branch_right"":11146,""branch_left"":11146,""branch_successes"":0,""join_decomp"":2228,""meet_decomp"":2228}","{""pairs"":2315,""max_stack"":14,""branch_attempts"":661,""branch_right"":826,""branch_left"":826,""branch_successes"":0,""join_decomp"":662,""meet_decomp"":662}",18391040,18391040,0,18391040,18391040,0,"","",canonical
whitman,13,0,0,0,2807,223,3030,"{""pairs"":24521,""max_stack"":15,""branch_attempts"":8917,""branch_right"":11146,""branch_left"":11146,""branch_successes"":0,""join_decomp"":2228,""meet_decomp"":2228}","{""pairs"":2315,""max_stack"":14,""branch_attempts"":661,""branch_right"":826,""branch_left"":826,""branch_successes"":0,""join_decomp"":662,""meet_decomp"":662}",18391040,18391040,0,18391040,18391040,0,"","",canonical
whitman,14,0,0,0,2807,223,3030,"{""pairs"":24521,""max_stack"":15,""branch_attempts"":8917,""branch_right"":11146,""branch_left"":11146,""branch_successes"":0,""join_decomp"":2228,""meet_decomp"":2228}","{""pairs"":2315,""max_stack"":14,""branch_attempts"":661,""branch_right"":826,""branch_left"":826,""branch_successes"":0,""join_decomp"":662,""meet_decomp"":662}",18391040,18391040,0,18391040,18391040,0,"","",canonical
whitman,15,0,0,0,2806,224,3030,"{""pairs"":24521,""max_stack"":15,""branch_attempts"":8917,""branch_right"":11146,""branch_left"":11146,""branch_successes"":0,""join_decomp"":2228,""meet_decomp"":2228}","{""pairs"":2315,""max_stack"":14,""branch_attempts"":661,""branch_right"":826,""branch_left"":826,""branch_successes"":0,""join_decomp"":662,""meet_decomp"":662}",18391040,18391040,0,18391040,18391040,0,"","",canonical
whitman,16,0,0,0,2803,224,3027,"{""pairs"":24521,""max_stack"":15,""branch_attempts"":8917,""branch_right"":11146,""branch_left"":11146,""branch_successes"":0,""join_decomp"":2228,""meet_decomp"":2228}","{""pairs"":2315,""max_stack"":14,""branch_attempts"":661,""branch_right"":826,""branch_left"":826,""branch_successes"":0,""join_decomp"":662,""meet_decomp"":662}",18391040,18391040,0,18391040,18391040,0,"","",canonical
whitman,17,0,0,0,2822,224,3046,"{""pairs"":24521,""max_stack"":15,""branch_attempts"":8917,""branch_right"":11146,""branch_left"":11146,""branch_successes"":0,""join_decomp"":2228,""meet_decomp"":2228}","{""pairs"":2315,""max_stack"":14,""branch_attempts"":661,""branch_right"":826,""branch_left"":826,""branch_successes"":0,""join_decomp"":662,""meet_decomp"":662}",18391040,18391040,0,18391040,18391040,0,"","",canonical
whitman,18,0,0,0,2886,224,3110,"{""pairs"":24521,""max_stack"":15,""branch_attempts"":8917,""branch_right"":11146,""branch_left"":11146,""branch_successes"":0,""join_decomp"":2228,""meet_decomp"":2228}","{""pairs"":2315,""max_stack"":14,""branch_attempts"":661,""branch_right"":826,""branch_left"":826,""branch_successes"":0,""join_decomp"":662,""meet_decomp"":662}",18391040,18391040,0,18391040,18391040,0,"","",canonical
whitman,19,0,0,0,2809,224,3033,"{""pairs"":24521,""max_stack"":15,""branch_attempts"":8917,""branch_right"":11146,""branch_left"":11146,""branch_successes"":0,""join_decomp"":2228,""meet_decomp"":2228}","{""pairs"":2315,""max_stack"":14,""branch_attempts"":661,""branch_right"":826,""branch_left"":826,""branch_successes"":0,""join_decomp"":662,""meet_decomp"":662}",18391040,18391040,0,18391040,18391040,0,"","",canonical
whitman,20,0,0,0,2901,224,3125,"{""pairs"":24521,""max_stack"":15,""branch_attempts"":8917,""branch_right"":11146,""branch_left"":11146,""branch_successes"":0,""join_decomp"":2228,""meet_decomp"":2228}","{""pairs"":2315,""max_stack"":14,""branch_attempts"":661,""branch_right"":826,""branch_left"":826,""branch_successes"":0,""join_decomp"":662,""meet_decomp"":662}",18391040,18391040,0,18391040,18391040,0,"","",canonical
whitman,21,0,0,0,2805,223,3028,"{""pairs"":24521,""max_stack"":15,""branch_attempts"":8917,""branch_right"":11146,""branch_left"":11146,""branch_successes"":0,""join_decomp"":2228,""meet_decomp"":2228}","{""pairs"":2315,""max_stack"":14,""branch_attempts"":661,""branch_right"":826,""branch_left"":826,""branch_successes"":0,""join_decomp"":662,""meet_decomp"":662}",18391040,18391040,0,18391040,18391040,0,"","",canonical
whitman,22,0,0,0,2821,224,3045,"{""pairs"":24521,""max_stack"":15,""branch_attempts"":8917,""branch_right"":11146,""branch_left"":11146,""branch_successes"":0,""join_decomp"":2228,""meet_decomp"":2228}","{""pairs"":2315,""max_stack"":14,""branch_attempts"":661,""branch_right"":826,""branch_left"":826,""branch_successes"":0,""join_decomp"":662,""meet_decomp"":662}",18391040,18391040,0,18391040,18391040,0,"","",canonical
whitman,23,0,0,0,2807,224,3031,"{""pairs"":24521,""max_stack"":15,""branch_attempts"":8917,""branch_right"":11146,""branch_left"":11146,""branch_successes"":0,""join_decomp"":2228,""meet_decomp"":2228}","{""pairs"":2315,""max_stack"":14,""branch_attempts"":661,""branch_right"":826,""branch_left"":826,""branch_successes"":0,""join_decomp"":662,""meet_decomp"":662}",18391040,18391040,0,18391040,18391040,0,"","",canonical
whitman,24,0,0,0,2807,223,3030,"{""pairs"":24521,""max_stack"":15,""branch_attempts"":8917,""branch_right"":11146,""branch_left"":11146,""branch_successes"":0,""join_decomp"":2228,""meet_decomp"":2228}","{""pairs"":2315,""max_stack"":14,""branch_attempts"":661,""branch_right"":826,""branch_left"":826,""branch_successes"":0,""join_decomp"":662,""meet_decomp"":662}",18391040,18391040,0,18391040,18391040,0,"","",canonical
whitman,25,0,0,0,2822,223,3045,"{""pairs"":24521,""max_stack"":15,""branch_attempts"":8917,""branch_right"":11146,""branch_left"":11146,""branch_successes"":0,""join_decomp"":2228,""meet_decomp"":2228}","{""pairs"":2315,""max_stack"":14,""branch_attempts"":661,""branch_right"":826,""branch_left"":826,""branch_successes"":0,""join_decomp"":662,""meet_decomp"":662}",18391040,18391040,0,18391040,18391040,0,"","",canonical
whitman,26,0,0,0,2807,223,3030,"{""pairs"":24521,""max_stack"":15,""branch_attempts"":8917,""branch_right"":11146,""branch_left"":11146,""branch_successes"":0,""join_decomp"":2228,""meet_decomp"":2228}","{""pairs"":2315,""max_stack"":14,""branch_attempts"":661,""branch_right"":826,""branch_left"":826,""branch_successes"":0,""join_decomp"":662,""meet_decomp"":662}",18391040,18391040,0,18391040,18391040,0,"","",canonical
whitman,27,0,0,0,2820,223,3043,"{""pairs"":24521,""max_stack"":15,""branch_attempts"":8917,""branch_right"":11146,""branch_left"":11146,""branch_successes"":0,""join_decomp"":2228,""meet_decomp"":2228}","{""pairs"":2315,""max_stack"":14,""branch_attempts"":661,""branch_right"":826,""branch_left"":826,""branch_successes"":0,""join_decomp"":662,""meet_decomp"":662}",18391040,18391040,0,18391040,18391040,0,"","",canonical
whitman,28,0,0,0,2811,224,3035,"{""pairs"":24521,""max_stack"":15,""branch_attempts"":8917,""branch_right"":11146,""branch_left"":11146,""branch_successes"":0,""join_decomp"":2228,""meet_decomp"":2228}","{""pairs"":2315,""max_stack"":14,""branch_attempts"":661,""branch_right"":826,""branch_left"":826,""branch_successes"":0,""join_decomp"":662,""meet_decomp"":662}",18391040,18391040,0,18391040,18391040,0,"","",canonical
whitman,29,0,0,0,2807,222,3029,"{""pairs"":24521,""max_stack"":15,""branch_attempts"":8917,""branch_right"":11146,""branch_left"":11146,""branch_successes"":0,""join_decomp"":2228,""meet_decomp"":2228}","{""pairs"":2315,""max_stack"":14,""branch_attempts"":661,""branch_right"":826,""branch_left"":826,""branch_successes"":0,""join_decomp"":662,""meet_decomp"":662}",18391040,18391040,0,18391040,18391040,0,"","",canonical
whitman,30,0,0,0,2896,223,3119,"{""pairs"":24521,""max_stack"":15,""branch_attempts"":8917,""branch_right"":11146,""branch_left"":11146,""branch_successes"":0,""join_decomp"":2228,""meet_decomp"":2228}","{""pairs"":2315,""max_stack"":14,""branch_attempts"":661,""branch_right"":826,""branch_left"":826,""branch_successes"":0,""join_decomp"":662,""meet_decomp"":662}",18391040,18391040,0,18391040,18391040,0,"","",canonical
whitman,31,0,0,0,2805,223,3028,"{""pairs"":24521,""max_stack"":15,""branch_attempts"":8917,""branch_right"":11146,""branch_left"":11146,""branch_successes"":0,""join_decomp"":2228,""meet_decomp"":2228}","{""pairs"":2315,""max_stack"":14,""branch_attempts"":661,""branch_right"":826,""branch_left"":826,""branch_successes"":0,""join_decomp"":662,""meet_decomp"":662}",18391040,18391040,0,18391040,18391040,0,"","",canonical
