experiment,shape,budget,engine,pair_id,direction,pairs,max_stack,branch_attempts,branch_right,branch_left,branch_successes,join_decomp,meet_decomp,recursive_calls,memo_hits,N,arcs_enqueued,arcs_processed,max_queue,RU,RV,cells,and_checks,or_checks,max_hU,max_hV
C2_altfixed,alternating,50,whitman,0,uv,12227,16,3398,5254,5392,0,2090,1542,,,,,,,,,,,,,
C2_altfixed,alternating,50,whitman,0,vu,1123,16,344,520,485,0,165,160,,,,,,,,,,,,,
C2_altfixed,alternating,50,whitman,1,uv,3968,16,1047,1651,1707,0,821,801,,,,,,,,,,,,,
C2_altfixed,alternating,50,whitman,1,vu,258,12,75,100,117,0,49,69,,,,,,,,,,,,,
C2_altfixed,alternating,50,freese,0,uv,,17,480,,,0,,,2177,472,,,,,,,,,,,
C2_altfixed,alternating,50,freese,0,vu,,16,90,,,0,,,362,90,,,,,,,,,,,
C2_altfixed,alternating,50,freese,1,uv,,16,231,,,0,,,1154,197,,,,,,,,,,,
C2_altfixed,alternating,50,freese,1,vu,,12,47,,,0,,,192,27,,,,,,,,,,,
C2_altfixed,alternating,50,cosma,0,uv,,,,,,,,,,,247,493,493,493,,,,,,,
C2_altfixed,alternating,50,cosma,0,vu,,,,,,,,,,,247,493,493,493,,,,,,,
C2_altfixed,alternating,50,cosma,1,uv,,,,,,,,,,,254,515,515,515,,,,,,,
C2_altfixed,alternating,50,cosma,1,vu,,,,,,,,,,,254,515,515,515,,,,,,,
C2_altfixed,alternating,50,hunt,0,uv,,,,,,,,,,,,,,,125,123,15375,15995,14507,8,10
C2_altfixed,alternating,50,hunt,0,vu,,,,,,,,,,,,,,,123,125,15375,14507,15995,10,8
C2_altfixed,alternating,50,hunt,1,uv,,,,,,,,,,,,,,,127,128,16256,17083,15684,10,10
C2_altfixed,alternating,50,hunt,1,vu,,,,,,,,,,,,,,,128,127,16256,15684,17081,10,10
C2_altfixed,alternating,100,whitman,0,uv,3624,14,962,1626,1551,0,464,700,,,,,,,,,,,,,
C2_altfixed,alternating,100,whitman,0,vu,732,14,198,337,302,0,114,142,,,,,,,,,,,,,
C2_altfixed,alternating,100,whitman,1,uv,12340,18,3434,5154,5599,0,2399,1307,,,,,,,,,,,,,
C2_altfixed,alternating,100,whitman,1,vu,1548,16,434,698,627,0,273,285,,,,,,,,,,,,,
C2_altfixed,alternating,100,freese,0,uv,,15,238,,,0,,,1086,231,,,,,,,,,,,
C2_altfixed,alternating,100,freese,0,vu,,15,93,,,0,,,426,78,,,,,,,,,,,
C2_altfixed,alternating,100,freese,1,uv,,18,544,,,0,,,2659,611,,,,,,,,,,,
C2_altfixed,alternating,100,freese,1,vu,,17,129,,,0,,,592,120,,,,,,,,,,,
C2_altfixed,alternating,100,cosma,0,uv,,,,,,,,,,,480,991,991,991,,,,,,,
C2_altfixed,alternating,100,cosma,0,vu,,,,,,,,,,,480,991,991,991,,,,,,,
C2_altfixed,alternating,100,cosma,1,uv,,,,,,,,,,,476,971,971,971,,,,,,,
C2_altfixed,alternating,100,cosma,1,vu,,,,,,,,,,,476,971,971,971,,,,,,,
C2_altfixed,alternating,100,hunt,0,uv,,,,,,,,,,,,,,,244,247,60268,63842,58155,12,11
C2_altfixed,alternating,100,hunt,0,vu,,,,,,,,,,,,,,,247,244,60268,58161,63831,11,12
C2_altfixed,alternating,100,hunt,1,uv,,,,,,,,,,,,,,,240,245,58800,55535,63268,10,10
C2_altfixed,alternating,100,hunt,1,vu,,,,,,,,,,,,,,,245,240,58800,63270,55533,10,10
C2_altfixed,alternating,200,whitman,0,uv,37511,20,9987,16557,16133,0,4996,6980,,,,,,,,,,,,,
C2_altfixed,alternating,200,whitman,0,vu,134,14,39,46,66,0,30,35,,,,,,,,,,,,,
C2_altfixed,alternating,200,whitman,1,uv,58597,18,17506,24992,25429,10,10929,9763,,,,,,,,,,,,,
C2_altfixed,alternating,200,whitman,1,vu,1430,16,414,678,590,0,133,234,,,,,,,,,,,,,
C2_altfixed,alternating,200,freese,0,uv,,21,762,,,0,,,3436,731,,,,,,,,,,,
C2_altfixed,alternating,200,freese,0,vu,,14,39,,,0,,,156,29,,,,,,,,,,,
C2_altfixed,alternating,200,freese,1,uv,,19,1515,,,1,,,6839,1529,,,,,,,,,,,
C2_altfixed,alternating,200,freese,1,vu,,16,114,,,0,,,549,130,,,,,,,,,,,
C2_altfixed,alternating,200,cosma,0,uv,,,,,,,,,,,908,1951,1951,1951,,,,,,,
C2_altfixed,alternating,200,cosma,0,vu,,,,,,,,,,,908,1951,1951,1951,,,,,,,
C2_altfixed,alternating,200,cosma,1,uv,,,,,,,,,,,907,1932,1932,1932,,,,,,,
C2_altfixed,alternating,200,cosma,1,vu,,,,,,,,,,,907,1932,1932,1932,,,,,,,
C2_altfixed,alternating,200,hunt,0,uv,,,,,,,,,,,,,,,468,478,223704,236122,232624,12,14
C2_altfixed,alternating,200,hunt,0,vu,,,,,,,,,,,,,,,478,468,223704,232646,236093,14,12
C2_altfixed,alternating,200,hunt,1,uv,,,,,,,,,,,,,,,463,480,222240,231978,230905,12,12
C2_altfixed,alternating,200,hunt,1,vu,,,,,,,,,,,,,,,480,463,222240,230933,231952,12,12
C2_altfixed,alternating,400,whitman,0,uv,99013,24,28057,41825,43831,0,15452,21304,,,,,,,,,,,,,
C2_altfixed,alternating,400,whitman,0,vu,19144,22,5245,8182,8337,0,3570,3155,,,,,,,,,,,,,
C2_altfixed,alternating,400,whitman,1,uv,27339,20,7407,11673,11375,25,5633,6138,,,,,,,,,,,,,
C2_altfixed,alternating,400,whitman,1,vu,5552,18,1672,2316,2391,0,1744,695,,,,,,,,,,,,,
C2_altfixed,alternating,400,freese,0,uv,,24,1430,,,0,,,6740,1368,,,,,,,,,,,
C2_altfixed,alternating,400,freese,0,vu,,22,614,,,0,,,2946,590,,,,,,,,,,,
C2_altfixed,alternating,400,freese,1,uv,,21,623,,,2,,,2955,564,,,,,,,,,,,
C2_altfixed,alternating,400,freese,1,vu,,18,282,,,0,,,1257,256,,,,,,,,,,,
C2_altfixed,alternating,400,cosma,0,uv,,,,,,,,,,,1709,3856,3856,3856,,,,,,,
C2_altfixed,alternating,400,cosma,0,vu,,,,,,,,,,,1709,3856,3856,3856,,,,,,,
C2_altfixed,alternating,400,cosma,1,uv,,,,,,,,,,,1715,3921,3921,3921,,,,,,,
C2_altfixed,alternating,400,cosma,1,vu,,,,,,,,,,,1715,3921,3921,3921,,,,,,,
C2_altfixed,alternating,400,hunt,0,uv,,,,,,,,,,,,,,,933,902,841566,920860,907215,15,13
C2_altfixed,alternating,400,hunt,0,vu,,,,,,,,,,,,,,,902,933,841566,907299,920776,13,15
C2_altfixed,alternating,400,hunt,1,uv,,,,,,,,,,,,,,,909,944,858096,941708,934673,16,15
C2_altfixed,alternating,400,hunt,1,vu,,,,,,,,,,,,,,,944,909,858096,934786,941575,15,16
C2_altfixed,alternating,800,whitman,0,uv,134180,24,36457,55505,56985,0,27093,27662,,,,,,,,,,,,,
C2_altfixed,alternating,800,whitman,0,vu,4273,18,1169,1724,1924,0,1044,606,,,,,,,,,,,,,
C2_altfixed,alternating,800,whitman,1,uv,292621,24,80998,127435,131415,0,44508,45128,,,,,,,,,,,,,
C2_altfixed,alternating,800,whitman,1,vu,8353,20,2170,3655,3409,0,2232,1107,,,,,,,,,,,,,
C2_altfixed,alternating,800,freese,0,uv,,24,1624,,,0,,,8298,1316,,,,,,,,,,,
C2_altfixed,alternating,800,freese,0,vu,,18,300,,,0,,,1416,274,,,,,,,,,,,
C2_altfixed,alternating,800,freese,1,uv,,25,2870,,,0,,,13179,2971,,,,,,,,,,,
C2_altfixed,alternating,800,freese,1,vu,,20,359,,,0,,,1891,380,,,,,,,,,,,
C2_altfixed,alternating,800,cosma,0,uv,,,,,,,,,,,3024,7695,7695,7695,,,,,,,
C2_altfixed,alternating,800,cosma,0,vu,,,,,,,,,,,3024,7695,7695,7695,,,,,,,
C2_altfixed,alternating,800,cosma,1,uv,,,,,,,,,,,2984,7640,7640,7640,,,,,,,
C2_altfixed,alternating,800,cosma,1,vu,,,,,,,,,,,2984,7640,7640,7640,,,,,,,
C2_altfixed,alternating,800,hunt,0,uv,,,,,,,,,,,,,,,1707,1700,2901900,3379639,3413404,19,15
C2_altfixed,alternating,800,hunt,0,vu,,,,,,,,,,,,,,,1700,1707,2901900,3413863,3379242,15,19
C2_altfixed,alternating,800,hunt,1,uv,,,,,,,,,,,,,,,1675,1713,2869275,3360440,3378230,15,17
C2_altfixed,alternating,800,hunt,1,vu,,,,,,,,,,,,,,,1713,1675,2869275,3378713,3360023,17,15
