experiment,shape,budget,engine,median_pairDepth,p25_us,median_us,p75_us,mean_us,n_pairs,median_alt_index,median_share,csv_path,json_path
C2_altfixed,alternating,50,cosma,10.0,4306.0,4306.0,4306.0,4469.0,2,1.0,0.984556,cosma_B50.csv,pairs_B50.jsonl
C2_altfixed,alternating,100,cosma,10.0,10295.0,10295.0,10295.0,10843.0,2,1.0,0.984077,cosma_B100.csv,pairs_B100.jsonl
C2_altfixed,alternating,200,cosma,12.0,9596.0,9596.0,9596.0,16118.0,2,1.0,0.952744,cosma_B200.csv,pairs_B200.jsonl
C2_altfixed,alternating,400,cosma,15.0,20862.0,20862.0,20862.0,29219.5,2,1.0,0.913676,cosma_B400.csv,pairs_B400.jsonl
C2_altfixed,alternating,800,cosma,17.0,64343.0,64343.0,64343.0,86255.5,2,1.0,0.850535,cosma_B800.csv,pairs_B800.jsonl
C2_altfixed,alternating,50,freese,10.0,1862.0,1862.0,1862.0,2906.0,2,1.0,0.984556,freese_B50.csv,pairs_B50.jsonl
C2_altfixed,alternating,100,freese,10.0,2361.0,2361.0,2361.0,3415.0,2,1.0,0.984077,freese_B100.csv,pairs_B100.jsonl
C2_altfixed,alternating,200,freese,12.0,5439.0,5439.0,5439.0,6110.5,2,1.0,0.952744,freese_B200.csv,pairs_B200.jsonl
C2_altfixed,alternating,400,freese,15.0,2828.0,2828.0,2828.0,6006.5,2,1.0,0.913676,freese_B400.csv,pairs_B400.jsonl
C2_altfixed,alternating,800,freese,17.0,5918.0,5918.0,5918.0,6753.0,2,1.0,0.850535,freese_B800.csv,pairs_B800.jsonl
C2_altfixed,alternating,50,hunt,10.0,8394.0,8394.0,8394.0,8515.0,2,1.0,0.984556,hunt_B50.csv,pairs_B50.jsonl
C2_altfixed,alternating,100,hunt,10.0,10661.0,10661.0,10661.0,15705.0,2,1.0,0.984077,hunt_B100.csv,pairs_B100.jsonl
C2_altfixed,alternating,200,hunt,12.0,28739.0,28739.0,28739.0,36002.5,2,1.0,0.952744,hunt_B200.csv,pairs_B200.jsonl
C2_altfixed,alternating,400,hunt,15.0,107692.0,107692.0,107692.0,119398.0,2,1.0,0.913676,hunt_B400.csv,pairs_B400.jsonl
C2_altfixed,alternating,800,hunt,17.0,369741.0,369741.0,369741.0,387115.0,2,1.0,0.850535,hunt_B800.csv,pairs_B800.jsonl
C2_altfixed,alternating,50,whitman,10.0,1385.0,1385.0,1385.0,3009.0,2,1.0,0.984556,whitman_B50.csv,pairs_B50.jsonl
C2_altfixed,alternating,100,whitman,10.0,520.0,520.0,520.0,1131.5,2,1.0,0.984077,whitman_B100.csv,pairs_B100.jsonl
C2_altfixed,alternating,200,whitman,12.0,9677.0,9677.0,9677.0,9850.5,2,1.0,0.952744,whitman_B200.csv,pairs_B200.jsonl
C2_altfixed,alternating,400,whitman,15.0,3122.0,3122.0,3122.0,11914.0,2,1.0,0.913676,whitman_B400.csv,pairs_B400.jsonl
C2_altfixed,alternating,800,whitman,17.0,14245.0,14245.0,14245.0,20611.0,2,1.0,0.850535,whitman_B800.csv,pairs_B800.jsonl
